actual_rul,predicted_rul,residual
286,190.21205,-95.78794860839844
285,192.37488,-92.6251220703125
284,190.87259,-93.12741088867188
283,192.11305,-90.88694763183594
282,186.54424,-95.45576477050781
281,212.2186,-68.78140258789062
280,190.46817,-89.53182983398438
279,190.40392,-88.59608459472656
278,186.78355,-91.21644592285156
277,186.23524,-90.76475524902344
276,181.02065,-94.97935485839844
275,184.99222,-90.00778198242188
274,185.15686,-88.8431396484375
273,196.00392,-76.99607849121094
272,170.68349,-101.31651306152344
271,191.19287,-79.80712890625
270,195.74419,-74.25581359863281
269,193.01036,-75.98963928222656
268,194.32487,-73.67512512207031
267,188.9309,-78.06910705566406
266,209.8958,-56.10420227050781
265,174.67027,-90.32972717285156
264,184.04778,-79.95222473144531
263,177.04175,-85.958251953125
262,184.77638,-77.22361755371094
261,200.56706,-60.43293762207031
260,184.54506,-75.45494079589844
259,200.47049,-58.529510498046875
258,185.9613,-72.0386962890625
257,186.5319,-70.46809387207031
256,198.18904,-57.81095886230469
255,196.43129,-58.56871032714844
254,177.83318,-76.16682434082031
253,189.57202,-63.427978515625
252,188.55498,-63.44502258300781
251,190.99527,-60.004730224609375
250,200.38441,-49.61558532714844
249,179.21165,-69.78834533691406
248,190.7145,-57.28550720214844
247,176.05669,-70.94331359863281
246,167.95721,-78.04278564453125
245,202.52007,-42.47993469238281
244,196.30914,-47.69085693359375
243,185.84857,-57.15142822265625
242,176.80324,-65.19676208496094
241,187.22491,-53.77508544921875
240,194.1969,-45.8031005859375
239,191.11324,-47.88676452636719
238,195.19466,-42.80534362792969
237,182.19968,-54.800323486328125
236,186.75374,-49.24626159667969
235,180.5271,-54.472900390625
234,197.2019,-36.798095703125
233,183.03761,-49.96238708496094
232,186.5705,-45.42950439453125
231,191.7223,-39.27769470214844
230,182.07501,-47.92498779296875
229,187.75223,-41.247772216796875
228,191.48174,-36.51826477050781
227,170.60223,-56.39776611328125
226,183.94762,-42.05238342285156
225,180.56865,-44.43135070800781
224,178.50475,-45.49525451660156
223,189.47318,-33.526824951171875
222,165.82344,-56.17655944824219
221,181.41095,-39.58905029296875
220,196.88087,-23.119125366210938
219,170.30328,-48.69671630859375
218,168.02373,-49.97627258300781
217,175.60216,-41.39784240722656
216,166.15923,-49.84077453613281
215,186.49593,-28.504074096679688
214,190.61974,-23.380264282226562
213,175.47739,-37.522613525390625
212,201.00835,-10.991653442382812
211,179.63533,-31.364669799804688
210,185.71529,-24.284713745117188
209,193.81055,-15.189453125
208,178.22696,-29.773040771484375
207,204.07097,-2.9290313720703125
206,206.54747,0.5474700927734375
205,187.60963,-17.390365600585938
204,196.57936,-7.4206390380859375
203,179.29759,-23.702407836914062
202,184.3457,-17.654296875
201,182.44212,-18.557876586914062
200,174.59991,-25.40008544921875
199,184.528,-14.472000122070312
198,187.12791,-10.872085571289062
197,170.93954,-26.060455322265625
196,181.8605,-14.139495849609375
195,160.0773,-34.922698974609375
194,169.48915,-24.510848999023438
193,186.16264,-6.8373565673828125
192,181.55612,-10.443878173828125
191,165.8423,-25.157699584960938
190,174.35179,-15.648208618164062
189,194.96394,5.9639434814453125
188,177.44116,-10.558837890625
187,164.16057,-22.839431762695312
186,183.35844,-2.6415557861328125
185,154.84363,-30.1563720703125
184,185.68375,1.683746337890625
183,180.9387,-2.0612945556640625
182,170.56253,-11.437469482421875
181,167.0468,-13.953201293945312
180,183.84525,3.845245361328125
179,174.3283,-4.6717071533203125
178,164.10893,-13.891067504882812
177,178.76208,1.7620849609375
176,185.05788,9.057876586914062
175,161.5277,-13.472305297851562
174,177.5625,3.5625
173,184.52184,11.521835327148438
172,166.2555,-5.7445068359375
171,188.60469,17.604690551757812
170,180.8743,10.874298095703125
169,170.88756,1.8875579833984375
168,154.02257,-13.977432250976562
167,178.45647,11.456466674804688
166,178.5872,12.587203979492188
165,155.47856,-9.521438598632812
164,169.27074,5.2707366943359375
163,184.42595,21.425949096679688
162,171.93999,9.939987182617188
161,153.42285,-7.5771484375
160,164.62013,4.6201324462890625
159,168.96887,9.9688720703125
158,170.74527,12.745269775390625
157,163.40344,6.4034423828125
156,178.7515,22.751495361328125
155,171.65468,16.654678344726562
154,150.77353,-3.226470947265625
153,146.9465,-6.053497314453125
152,168.7198,16.719802856445312
151,175.97565,24.97564697265625
150,162.56151,12.561508178710938
149,167.49117,18.491165161132812
148,172.95494,24.954940795898438
147,177.11748,30.117477416992188
146,171.96284,25.962844848632812
145,175.67592,30.675918579101562
144,150.32426,6.3242645263671875
143,166.64226,23.642257690429688
142,159.45987,17.459869384765625
141,161.20341,20.203414916992188
140,154.15459,14.154586791992188
139,176.61134,37.61134338378906
138,153.50325,15.503250122070312
137,167.79872,30.798721313476562
136,156.45967,20.459671020507812
135,159.7563,24.756301879882812
134,144.57281,10.57281494140625
133,153.80876,20.808761596679688
132,160.37086,28.370864868164062
131,174.9149,43.91490173339844
130,139.09566,9.095657348632812
129,167.24011,38.2401123046875
128,155.18367,27.183670043945312
127,151.91254,24.91253662109375
126,157.68797,31.687973022460938
125,165.47102,40.47102355957031
124,154.62247,30.622467041015625
123,155.34024,32.340240478515625
122,159.25798,37.25798034667969
121,153.5935,32.593505859375
120,147.5956,27.595596313476562
119,149.65883,30.658828735351562
118,141.45819,23.45819091796875
117,153.2516,36.25160217285156
116,139.75685,23.756851196289062
115,154.24927,39.249267578125
114,146.7211,32.721099853515625
113,144.41908,31.419082641601562
112,146.80296,34.80296325683594
111,155.36382,44.36381530761719
110,149.49608,39.49607849121094
109,141.77008,32.77008056640625
108,150.58075,42.58074951171875
107,145.62689,38.62689208984375
106,164.4384,58.43840026855469
105,142.6197,37.61970520019531
104,149.3079,45.30790710449219
103,149.70544,46.7054443359375
102,155.84317,53.843170166015625
101,139.5259,38.52589416503906
100,124.6231,24.62310028076172
99,152.37822,53.37821960449219
98,136.71158,38.711578369140625
97,149.29492,52.294921875
96,132.89792,36.897918701171875
95,115.5083,20.50830078125
94,121.65948,27.65947723388672
93,128.3318,35.33180236816406
92,131.99612,39.996124267578125
91,149.36998,58.36997985839844
90,135.70268,45.70268249511719
89,131.72244,42.722442626953125
88,125.336685,37.33668518066406
87,128.48792,41.4879150390625
86,144.7281,58.72810363769531
85,120.18907,35.18907165527344
84,101.498344,17.49834442138672
83,127.307106,44.307106018066406
82,120.22827,38.228271484375
81,135.51897,54.51896667480469
80,119.330696,39.33069610595703
79,111.29567,32.29566955566406
78,120.03152,42.031517028808594
77,128.65657,51.65657043457031
76,104.518326,28.518325805664062
75,121.19764,46.19763946533203
74,121.567894,47.567893981933594
73,133.40799,60.407989501953125
72,89.89778,17.897781372070312
71,129.037,58.03700256347656
70,107.30726,37.30725860595703
69,100.80907,31.809066772460938
68,104.593575,36.59357452392578
67,99.36989,32.36988830566406
66,121.93375,55.933746337890625
65,108.66961,43.66960906982422
64,96.592834,32.59283447265625
63,85.96953,22.969528198242188
62,103.09243,41.092430114746094
61,111.456635,50.456634521484375
60,105.75636,45.75636291503906
59,99.025734,40.025733947753906
58,100.9651,42.96510314941406
57,82.770645,25.770645141601562
56,99.61046,43.61045837402344
55,90.60171,35.601707458496094
54,102.04989,48.049888610839844
53,99.2398,46.23979949951172
52,85.32628,33.32627868652344
51,89.06734,38.06733703613281
50,65.21104,15.211036682128906
49,78.64293,29.642929077148438
48,72.57479,24.574790954589844
47,90.1748,43.17479705810547
46,64.308075,18.308074951171875
45,92.13271,47.132713317871094
44,73.17715,29.177146911621094
43,69.29611,26.296112060546875
42,67.93705,25.937049865722656
41,71.821144,30.821144104003906
40,56.82283,16.822830200195312
39,51.71658,12.71657943725586
38,50.67066,12.670658111572266
37,57.91241,20.912410736083984
36,51.883427,15.883426666259766
35,38.262135,3.262134552001953
34,61.058907,27.05890655517578
33,45.436325,12.436325073242188
32,67.31569,35.31568908691406
31,47.497044,16.49704360961914
30,37.50389,7.5038909912109375
29,46.77545,17.77545166015625
28,28.59565,0.5956497192382812
27,33.328594,6.328594207763672
26,21.375965,-4.624034881591797
25,48.40165,23.401649475097656
24,51.497738,27.497737884521484
23,24.130596,1.1305961608886719
22,31.521534,9.521533966064453
21,29.997929,8.997928619384766
20,29.633087,9.633087158203125
19,33.20539,14.205390930175781
18,-1.6376224,-19.637622356414795
17,14.981518,-2.018482208251953
16,-12.456345,-28.456344604492188
15,26.73964,11.739639282226562
14,11.244019,-2.7559814453125
13,-14.726559,-27.726558685302734
12,14.434628,2.4346275329589844
11,-11.074902,-22.074901580810547
10,2.6363797,-7.363620281219482
9,-9.947613,-18.947612762451172
8,-18.558128,-26.558128356933594
7,1.2066388,-5.793361186981201
6,-26.373333,-32.37333297729492
5,-9.745586,-14.745586395263672
4,-22.96177,-26.961769104003906
3,-17.256355,-20.25635528564453
2,-27.753925,-29.753925323486328
1,-30.551521,-31.55152130126953
0,-31.279057,-31.279056549072266
268,173.95049,-94.04951477050781
267,192.59436,-74.4056396484375
266,182.62837,-83.37162780761719
265,181.45906,-83.54093933105469
264,183.99898,-80.00102233886719
263,182.96791,-80.03208923339844
262,170.96832,-91.03167724609375
261,180.42786,-80.5721435546875
260,185.0977,-74.90229797363281
259,179.03465,-79.96534729003906
258,173.03795,-84.96205139160156
257,169.94081,-87.05918884277344
256,180.93155,-75.06845092773438
255,169.80788,-85.19212341308594
254,188.8146,-65.18539428710938
253,199.09416,-53.90583801269531
252,183.77798,-68.22201538085938
251,188.29297,-62.70703125
250,175.49458,-74.50541687011719
249,171.73317,-77.26683044433594
248,162.43372,-85.5662841796875
247,179.1285,-67.87150573730469
246,174.42659,-71.57341003417969
245,167.75691,-77.24308776855469
244,188.45247,-55.54753112792969
243,195.59178,-47.40821838378906
242,168.28423,-73.71577453613281
241,170.38583,-70.61416625976562
240,194.0136,-45.98640441894531
239,174.731,-64.26899719238281
238,183.98558,-54.01441955566406
237,174.13802,-62.86198425292969
236,164.5666,-71.43339538574219
235,162.06517,-72.93482971191406
234,178.80174,-55.19825744628906
233,171.50517,-61.49482727050781
232,185.18744,-46.81256103515625
231,175.19505,-55.80494689941406
230,188.56454,-41.435455322265625
229,156.07042,-72.92958068847656
228,155.74294,-72.25706481933594
227,168.09369,-58.90631103515625
226,181.11879,-44.88121032714844
225,184.63249,-40.36750793457031
224,185.69104,-38.3089599609375
223,145.56905,-77.43095397949219
222,180.80754,-41.19245910644531
221,189.07692,-31.923080444335938
220,172.0604,-47.939605712890625
219,174.99275,-44.00724792480469
218,176.29362,-41.70637512207031
217,161.34157,-55.65843200683594
216,178.86525,-37.13475036621094
215,170.78116,-44.218841552734375
214,189.45062,-24.54937744140625
213,185.34825,-27.651748657226562
212,184.9275,-27.072494506835938
211,167.70834,-43.291656494140625
210,167.59224,-42.40776062011719
209,184.41322,-24.586776733398438
208,179.30403,-28.695968627929688
207,170.95036,-36.04963684082031
206,170.20067,-35.79933166503906
205,168.90334,-36.09666442871094
204,186.05801,-17.941986083984375
203,168.52483,-34.47517395019531
202,178.75792,-23.242080688476562
201,168.15009,-32.84991455078125
200,185.36787,-14.632125854492188
199,185.1097,-13.890304565429688
198,151.50534,-46.494659423828125
197,182.52267,-14.477325439453125
196,165.22292,-30.777084350585938
195,169.12878,-25.8712158203125
194,156.14183,-37.85816955566406
193,163.48499,-29.5150146484375
192,163.43646,-28.56353759765625
191,155.61456,-35.38543701171875
190,174.10094,-15.899063110351562
189,173.04713,-15.952865600585938
188,165.61954,-22.380462646484375
187,173.23308,-13.766921997070312
186,174.47878,-11.521224975585938
185,167.81056,-17.189437866210938
184,153.20335,-30.796646118164062
183,152.74272,-30.257278442382812
182,165.81633,-16.183670043945312
181,168.64955,-12.350448608398438
180,161.60805,-18.391952514648438
179,177.18813,-1.8118743896484375
178,171.37671,-6.623291015625
177,183.0973,6.0973052978515625
176,166.65712,-9.342880249023438
175,164.71466,-10.28533935546875
174,163.40068,-10.599319458007812
173,158.30977,-14.690231323242188
172,178.14854,6.1485443115234375
171,176.61983,5.6198272705078125
170,169.52934,-0.4706573486328125
169,149.98607,-19.013931274414062
168,149.29121,-18.708786010742188
167,164.10356,-2.8964385986328125
166,158.55956,-7.4404449462890625
165,156.75792,-8.242080688476562
164,161.20064,-2.7993621826171875
163,160.05928,-2.9407196044921875
162,151.91856,-10.081436157226562
161,160.28723,-0.7127685546875
160,155.85327,-4.146728515625
159,169.87653,10.87652587890625
158,146.88943,-11.110565185546875
157,161.99147,4.9914703369140625
156,156.83582,0.8358154296875
155,164.08292,9.082916259765625
154,181.8262,27.826202392578125
153,181.80675,28.806747436523438
152,151.77625,-0.2237548828125
151,164.73671,13.736709594726562
150,157.81844,7.8184356689453125
149,137.35893,-11.641067504882812
148,164.55618,16.556182861328125
147,170.23805,23.238052368164062
146,157.75122,11.751220703125
145,140.99638,-4.0036163330078125
144,159.09184,15.091842651367188
143,156.09998,13.0999755859375
142,160.5145,18.514495849609375
141,129.01065,-11.989349365234375
140,166.05446,26.054458618164062
139,139.25783,0.2578277587890625
138,142.68452,4.6845245361328125
137,151.41289,14.412887573242188
136,127.36041,-8.63958740234375
135,160.88846,25.888458251953125
134,164.696,30.695999145507812
133,165.66579,32.66578674316406
132,144.55605,12.556045532226562
131,167.14323,36.14323425292969
130,157.96664,27.966644287109375
129,138.31358,9.313583374023438
128,146.48177,18.481765747070312
127,153.28421,26.284210205078125
126,167.16637,41.16636657714844
125,147.5121,22.512100219726562
124,146.81145,22.811447143554688
123,132.5266,9.526596069335938
122,157.34308,35.34307861328125
121,167.3773,46.37730407714844
120,142.15904,22.159042358398438
119,133.15877,14.158767700195312
118,142.16306,24.163055419921875
117,135.48662,18.486618041992188
116,139.84505,23.845046997070312
115,158.47893,43.47892761230469
114,135.58687,21.586868286132812
113,129.23346,16.23345947265625
112,136.05551,24.055511474609375
111,127.615685,16.615684509277344
110,131.63472,21.634719848632812
109,127.98147,18.981468200683594
108,133.57881,25.578811645507812
107,155.15627,48.15626525878906
106,116.53028,10.530281066894531
105,139.2913,34.29130554199219
104,131.62463,27.6246337890625
103,138.40826,35.40826416015625
102,154.86488,52.86488342285156
101,129.68335,28.683349609375
100,114.86513,14.865127563476562
99,134.4584,35.458404541015625
98,118.27041,20.270408630371094
97,132.2167,35.216705322265625
96,138.7922,42.792205810546875
95,134.09224,39.09223937988281
94,114.69137,20.691368103027344
93,123.87185,30.871849060058594
92,139.29585,47.29585266113281
91,134.12944,43.12944030761719
90,131.4732,41.47320556640625
89,130.497,41.49699401855469
88,121.183495,33.183494567871094
87,121.25916,34.25916290283203
86,110.69767,24.697669982910156
85,120.19476,35.19476318359375
84,112.95533,28.95532989501953
83,132.6366,49.6365966796875
82,115.524414,33.5244140625
81,111.82746,30.82746124267578
80,108.71975,28.719749450683594
79,106.78626,27.78626251220703
78,120.601036,42.601036071777344
77,110.59098,33.590980529785156
76,88.41061,12.410606384277344
75,102.97019,27.970191955566406
74,99.054436,25.05443572998047
73,96.62593,23.625930786132812
72,108.50603,36.50602722167969
71,104.4054,33.40540313720703
70,90.04721,20.047210693359375
69,98.29299,29.292991638183594
68,100.11776,32.117759704589844
67,96.85621,29.85620880126953
66,99.094215,33.094215393066406
65,88.59828,23.598281860351562
64,109.118965,45.11896514892578
63,91.996086,28.99608612060547
62,90.10261,28.10260772705078
61,92.932655,31.932655334472656
60,96.54596,36.54595947265625
59,84.103065,25.103065490722656
58,72.70107,14.701072692871094
57,60.7236,3.7235984802246094
56,75.75734,19.757339477539062
55,86.367424,31.36742401123047
54,58.739292,4.739292144775391
53,63.546864,10.546863555908203
52,72.82,20.81999969482422
51,77.7163,26.71630096435547
50,63.823982,13.823982238769531
49,78.679146,29.67914581298828
48,59.556137,11.556137084960938
47,64.09319,17.09319305419922
46,60.209866,14.20986557006836
45,78.29617,33.296173095703125
44,41.239914,-2.7600860595703125
43,77.920815,34.920814514160156
42,51.29062,9.290618896484375
41,63.86576,22.865760803222656
40,54.33472,14.334720611572266
39,49.46596,10.465961456298828
38,57.279465,19.279464721679688
37,49.011913,12.011913299560547
36,46.37171,10.371711730957031
35,57.50231,22.50231170654297
34,39.214443,5.214443206787109
33,45.193047,12.193046569824219
32,41.069897,9.069896697998047
31,35.37569,4.375690460205078
30,51.558117,21.558116912841797
29,38.65836,9.65835952758789
28,37.896214,9.89621353149414
27,30.045776,3.0457763671875
26,23.114277,-2.885723114013672
25,16.211948,-8.78805160522461
24,24.682137,0.6821365356445312
23,10.089111,-12.910888671875
22,2.8539166,-19.14608335494995
21,13.348057,-7.651943206787109
20,-2.3098903,-22.309890270233154
19,9.728367,-9.27163314819336
18,-0.87824583,-18.87824583053589
17,7.1955724,-9.80442762374878
16,-12.729839,-28.729839324951172
15,-26.526329,-41.526329040527344
14,-11.657856,-25.657855987548828
13,-24.114735,-37.1147346496582
12,-14.801479,-26.80147933959961
11,-14.589008,-25.589008331298828
10,-45.55277,-55.55276870727539
9,-8.403595,-17.403594970703125
8,-8.63224,-16.632240295410156
7,-12.236671,-19.236671447753906
6,-38.968952,-44.96895217895508
5,-52.49756,-57.49755859375
4,-50.381863,-54.38186264038086
3,-45.65188,-48.651878356933594
2,-59.404972,-61.404972076416016
1,-42.840744,-43.84074401855469
0,-65.09387,-65.0938720703125
149,115.60833,-33.39167022705078
148,127.58039,-20.41960906982422
147,118.29538,-28.704620361328125
146,102.62617,-43.37383270263672
145,133.29042,-11.709579467773438
144,98.07053,-45.929466247558594
143,134.7505,-8.249496459960938
142,129.1974,-12.802597045898438
141,112.76729,-28.232711791992188
140,115.60325,-24.396751403808594
139,118.54357,-20.45642852783203
138,122.32357,-15.676429748535156
137,133.69391,-3.30609130859375
136,116.2961,-19.703903198242188
135,109.768654,-25.231346130371094
134,134.95265,0.9526519775390625
133,124.96766,-8.032341003417969
132,114.86409,-17.135910034179688
131,120.075966,-10.924034118652344
130,127.897766,-2.10223388671875
129,129.4891,0.489105224609375
128,119.73048,-8.269523620605469
127,114.32175,-12.678253173828125
126,129.57964,3.5796356201171875
125,119.44754,-5.552459716796875
124,141.58434,17.584335327148438
123,106.740486,-16.25951385498047
122,121.958855,-0.04114532470703125
121,121.485245,0.4852447509765625
120,118.83449,-1.1655120849609375
119,126.7589,7.758903503417969
118,111.71064,-6.289360046386719
117,111.239914,-5.7600860595703125
116,108.16809,-7.8319091796875
115,104.921455,-10.078544616699219
114,112.471214,-1.5287857055664062
113,119.80815,6.8081512451171875
112,119.26857,7.2685699462890625
111,129.40065,18.400650024414062
110,130.54155,20.541549682617188
109,107.4887,-1.5112991333007812
108,114.29055,6.290550231933594
107,116.60919,9.60919189453125
106,121.582924,15.582923889160156
105,123.34932,18.349319458007812
104,126.17018,22.170181274414062
103,104.065,1.06500244140625
102,113.5687,11.568702697753906
101,117.927216,16.927215576171875
100,98.294754,-1.7052459716796875
99,109.59307,10.593070983886719
98,116.72738,18.727378845214844
97,116.89334,19.893341064453125
96,115.07217,19.072166442871094
95,107.62929,12.629287719726562
94,137.44177,43.4417724609375
93,103.69313,10.693130493164062
92,95.03704,3.0370407104492188
91,124.648705,33.648704528808594
90,101.34773,11.347732543945312
89,125.694984,36.694984436035156
88,91.84717,3.84716796875
87,106.82869,19.828689575195312
86,95.54111,9.541107177734375
85,112.83248,27.832481384277344
84,99.13755,15.137550354003906
83,114.13784,31.137840270996094
82,124.96133,42.961326599121094
81,102.68693,21.686927795410156
80,98.050064,18.050064086914062
79,121.53135,42.531349182128906
78,109.5169,31.51689910888672
77,118.20691,41.2069091796875
76,110.08299,34.08299255371094
75,107.569725,32.569725036621094
74,115.30547,41.30547332763672
73,93.67118,20.671180725097656
72,99.7071,27.70709991455078
71,98.64621,27.646209716796875
70,93.145386,23.1453857421875
69,92.29227,23.292266845703125
68,105.35782,37.357818603515625
67,114.16928,47.169281005859375
66,102.427185,36.42718505859375
65,88.00085,23.00084686279297
64,90.86088,26.860877990722656
63,94.676125,31.676124572753906
62,83.76583,21.765830993652344
61,110.13821,49.138206481933594
60,91.65831,31.658309936523438
59,104.82471,45.82470703125
58,100.671265,42.6712646484375
57,107.94373,50.94373321533203
56,95.20463,39.204627990722656
55,87.777145,32.77714538574219
54,104.75402,50.75402069091797
53,95.23172,42.231719970703125
52,94.43245,42.43244934082031
51,82.48069,31.480690002441406
50,77.95787,27.957870483398438
49,80.99251,31.992507934570312
48,94.67591,46.67591094970703
47,100.888435,53.88843536376953
46,85.41081,39.41081237792969
45,85.67752,40.677520751953125
44,69.34003,25.34002685546875
43,89.443115,46.443115234375
42,88.204636,46.20463562011719
41,90.41303,49.41303253173828
40,74.532555,34.532554626464844
39,72.22034,33.2203369140625
38,75.9119,37.911903381347656
37,65.477806,28.477806091308594
36,82.963356,46.963356018066406
35,87.61892,52.618919372558594
34,69.47161,35.47161102294922
33,65.48088,32.48088073730469
32,77.79718,45.79718017578125
31,77.768364,46.76836395263672
30,64.39338,34.39337921142578
29,53.887062,24.887062072753906
28,45.10442,17.104419708251953
27,57.467724,30.467723846435547
26,45.371487,19.37148666381836
25,49.844536,24.84453582763672
24,47.218346,23.218345642089844
23,62.1246,39.12459945678711
22,52.839703,30.839702606201172
21,51.21725,30.21725082397461
20,49.863834,29.863834381103516
19,33.952366,14.95236587524414
18,46.1295,28.129501342773438
17,36.6965,19.69649887084961
16,44.49585,28.495849609375
15,38.981503,23.981502532958984
14,33.178432,19.17843246459961
13,15.432041,2.4320411682128906
12,19.569603,7.569602966308594
11,32.479233,21.479232788085938
10,35.11491,25.114910125732422
9,16.33361,7.333610534667969
8,21.046959,13.046958923339844
7,3.072987,-3.9270129203796387
6,20.876247,14.87624740600586
5,21.686794,16.68679428100586
4,7.434418,3.434418201446533
3,9.042442,6.042442321777344
2,28.132568,26.132568359375
1,-12.112808,-13.112808227539062
0,-12.589779,-12.589778900146484
239,191.21043,-47.78956604003906
238,185.27426,-52.725738525390625
237,177.66191,-59.33808898925781
236,166.56232,-69.43768310546875
235,182.94106,-52.05894470214844
234,187.22047,-46.77952575683594
233,178.80977,-54.19023132324219
232,193.55983,-38.44017028808594
231,180.0956,-50.90440368652344
230,172.05788,-57.94212341308594
229,166.97554,-62.02445983886719
228,180.60936,-47.39064025878906
227,174.50783,-52.49217224121094
226,169.80049,-56.19950866699219
225,166.7247,-58.275299072265625
224,170.72722,-53.27278137207031
223,171.59508,-51.40492248535156
222,175.93361,-46.06639099121094
221,189.82872,-31.171279907226562
220,163.54933,-56.45066833496094
219,190.6056,-28.394393920898438
218,178.73647,-39.26353454589844
217,150.78383,-66.21617126464844
216,169.97197,-46.02803039550781
215,170.27336,-44.72663879394531
214,166.25557,-47.74443054199219
213,159.8654,-53.13459777832031
212,186.56877,-25.431228637695312
211,187.34468,-23.655319213867188
210,186.20073,-23.799270629882812
209,170.4753,-38.52470397949219
208,164.14061,-43.85939025878906
207,183.38835,-23.611648559570312
206,179.60622,-26.393783569335938
205,175.297,-29.7030029296875
204,157.05504,-46.94496154785156
203,185.99336,-17.006637573242188
202,182.70601,-19.293991088867188
201,181.5562,-19.443801879882812
200,175.07512,-24.924880981445312
199,178.59184,-20.408157348632812
198,159.58034,-38.41966247558594
197,171.45103,-25.548965454101562
196,181.67017,-14.329833984375
195,197.42924,2.4292449951171875
194,180.4364,-13.5635986328125
193,167.3587,-25.64129638671875
192,166.46794,-25.532058715820312
191,188.08147,-2.9185333251953125
190,165.50688,-24.493118286132812
189,175.20848,-13.791519165039062
188,195.18468,7.1846771240234375
187,191.15294,4.1529388427734375
186,174.6728,-11.327194213867188
185,170.6744,-14.325607299804688
184,166.65822,-17.341781616210938
183,185.33398,2.333984375
182,170.3463,-11.653701782226562
181,166.46597,-14.534027099609375
180,157.89714,-22.102859497070312
179,175.79663,-3.203369140625
178,175.5548,-2.4452056884765625
177,176.01704,-0.9829559326171875
176,171.23778,-4.7622222900390625
175,162.10448,-12.895523071289062
174,175.94121,1.9412078857421875
173,181.6764,8.676406860351562
172,164.94928,-7.05072021484375
171,170.66591,-0.3340911865234375
170,157.27376,-12.726242065429688
169,174.77806,5.7780609130859375
168,151.69197,-16.308029174804688
167,176.83612,9.83612060546875
166,162.32582,-3.6741790771484375
165,172.19704,7.1970367431640625
164,149.96475,-14.035247802734375
163,169.8104,6.810394287109375
162,171.31084,9.310836791992188
161,161.85738,0.8573760986328125
160,170.984,10.983993530273438
159,174.71577,15.715774536132812
158,173.61134,15.611343383789062
157,159.4662,2.4662017822265625
156,148.45062,-7.54937744140625
155,166.29938,11.29937744140625
154,158.37842,4.37841796875
153,179.66277,26.662765502929688
152,153.70134,1.7013397216796875
151,163.00777,12.007766723632812
150,163.91426,13.914260864257812
149,161.33163,12.331634521484375
148,178.5198,30.519805908203125
147,150.03859,3.0385894775390625
146,166.25056,20.250564575195312
145,175.42952,30.429519653320312
144,159.87473,15.874725341796875
143,169.83128,26.831283569335938
142,159.41873,17.418731689453125
141,170.92526,29.925262451171875
140,163.86386,23.863861083984375
139,173.50655,34.50654602050781
138,168.29121,30.291213989257812
137,148.40744,11.407440185546875
136,160.24463,24.24462890625
135,162.72162,27.72161865234375
134,181.98448,47.98448181152344
133,184.98141,51.981414794921875
132,158.3615,26.361495971679688
131,173.35173,42.35173034667969
130,158.36647,28.366470336914062
129,169.77716,40.77716064453125
128,177.47525,49.475250244140625
127,153.16512,26.165115356445312
126,152.27347,26.273468017578125
125,161.17818,36.17817687988281
124,165.24281,41.24281311035156
123,146.06032,23.060317993164062
122,139.09966,17.099655151367188
121,154.36336,33.36335754394531
120,164.87395,44.87394714355469
119,146.75398,27.753982543945312
118,150.70041,32.700408935546875
117,152.34975,35.34974670410156
116,153.14912,37.14912414550781
115,143.50795,28.507949829101562
114,171.71284,57.71284484863281
113,158.5308,45.53080749511719
112,134.12044,22.120437622070312
111,143.4344,32.43440246582031
110,151.24977,41.24977111816406
109,164.38673,55.38673400878906
108,161.77159,53.77159118652344
107,148.50597,41.50596618652344
106,134.5294,28.529403686523438
105,144.09633,39.09632873535156
104,161.3832,57.38319396972656
103,135.75111,32.75111389160156
102,158.2106,56.210601806640625
101,140.36761,39.36761474609375
100,151.25716,51.25715637207031
99,133.2744,34.27439880371094
98,170.29915,72.29914855957031
97,131.79141,34.791412353515625
96,136.55391,40.55390930175781
95,121.81023,26.810226440429688
94,139.776,45.7760009765625
93,124.368484,31.368484497070312
92,120.73915,28.739151000976562
91,114.355064,23.355064392089844
90,153.35938,63.359375
89,147.54271,58.54270935058594
88,127.839516,39.839515686035156
87,122.97004,35.97003936767578
86,132.27267,46.272674560546875
85,133.56839,48.568389892578125
84,136.48561,52.48561096191406
83,148.82993,65.82992553710938
82,117.601814,35.60181427001953
81,124.051765,43.05176544189453
80,118.877495,38.87749481201172
79,125.286934,46.28693389892578
78,124.93285,46.93285369873047
77,133.94777,56.94776916503906
76,125.874504,49.87450408935547
75,114.0804,39.08039855957031
74,123.692024,49.69202423095703
73,112.32013,39.32012939453125
72,103.375,31.375
71,112.755035,41.755035400390625
70,126.23355,56.233551025390625
69,111.97056,42.970558166503906
68,129.51482,61.51481628417969
67,119.11279,52.11279296875
66,117.43113,51.431129455566406
65,109.495735,44.49573516845703
64,124.42307,60.423072814941406
63,104.61161,41.611610412597656
62,113.6909,51.69090270996094
61,95.01673,34.01673126220703
60,101.47692,41.47692108154297
59,100.892975,41.892974853515625
58,103.74943,45.749427795410156
57,94.93268,37.93267822265625
56,87.30991,31.309913635253906
55,96.96754,41.96753692626953
54,99.72502,45.72502136230469
53,99.25885,46.25885009765625
52,102.53259,50.5325927734375
51,83.85002,32.85002136230469
50,101.44073,51.44072723388672
49,89.01899,40.01898956298828
48,89.81585,41.81584930419922
47,96.21221,49.21221160888672
46,92.91726,46.917259216308594
45,64.42081,19.420806884765625
44,67.876495,23.876495361328125
43,81.64351,38.64350891113281
42,74.19394,32.193939208984375
41,67.26722,26.26721954345703
40,72.181046,32.18104553222656
39,79.43623,40.43623352050781
38,61.739117,23.739116668701172
37,75.99743,38.99742889404297
36,51.163826,15.163825988769531
35,59.270855,24.270854949951172
34,48.675457,14.675457000732422
33,55.061283,22.061283111572266
32,66.36016,34.36016082763672
31,60.88783,29.887828826904297
30,35.266747,5.266746520996094
29,53.83987,24.83987045288086
28,55.023922,27.023921966552734
27,30.272083,3.272083282470703
26,40.068623,14.068622589111328
25,48.29777,23.297771453857422
24,32.12941,8.129409790039062
23,39.364094,16.364093780517578
22,31.706448,9.70644760131836
21,11.883213,-9.11678695678711
20,14.992264,-5.0077362060546875
19,19.250706,0.2507057189941406
18,17.454403,-0.5455970764160156
17,19.116394,2.11639404296875
16,23.123627,7.123626708984375
15,1.698277,-13.301723003387451
14,-5.1556354,-19.155635356903076
13,-4.4813533,-17.481353282928467
12,-7.3016124,-19.301612377166748
11,-2.3738208,-13.373820781707764
10,-23.899288,-33.899288177490234
9,-3.383762,-12.383761882781982
8,-12.811981,-20.811981201171875
7,3.735722,-3.264277935028076
6,-17.106754,-23.106754302978516
5,-17.614918,-22.614917755126953
4,-37.85899,-41.85898971557617
3,-27.164364,-30.164363861083984
2,-51.99416,-53.99415969848633
1,-45.664326,-46.66432571411133
0,-55.243595,-55.243595123291016
162,129.72919,-32.27081298828125
161,122.07089,-38.929107666015625
160,113.5835,-46.41649627685547
159,129.96304,-29.036956787109375
158,139.5088,-18.491195678710938
157,126.06271,-30.937286376953125
156,122.722275,-33.27772521972656
155,133.09041,-21.909591674804688
154,106.80381,-47.196189880371094
153,118.68209,-34.317909240722656
152,137.77777,-14.22222900390625
151,120.79453,-30.205467224121094
150,116.47283,-33.52716827392578
149,115.68356,-33.316436767578125
148,133.3678,-14.6322021484375
147,126.35513,-20.644866943359375
146,134.37523,-11.624771118164062
145,138.58507,-6.4149322509765625
144,118.32264,-25.67736053466797
143,117.550896,-25.44910430908203
142,126.4644,-15.535598754882812
141,122.71093,-18.28907012939453
140,136.24857,-3.751434326171875
139,128.38057,-10.619430541992188
138,144.60478,6.6047821044921875
137,130.4853,-6.5146942138671875
136,115.078964,-20.921035766601562
135,116.66042,-18.339576721191406
134,121.81489,-12.185111999511719
133,129.56691,-3.4330902099609375
132,131.51396,-0.4860382080078125
131,131.31378,0.31378173828125
130,118.218094,-11.781906127929688
129,136.17424,7.1742401123046875
128,122.76641,-5.233589172363281
127,133.91092,6.910919189453125
126,122.23431,-3.7656936645507812
125,121.78557,-3.2144317626953125
124,132.5002,8.500198364257812
123,125.83273,2.832733154296875
122,127.6849,5.684898376464844
121,125.52657,4.526573181152344
120,124.18991,4.189910888671875
119,124.52873,5.5287322998046875
118,127.070404,9.070404052734375
117,119.16626,2.166259765625
116,137.55724,21.557235717773438
115,119.59692,4.596916198730469
114,98.37692,-15.623077392578125
113,104.164734,-8.83526611328125
112,135.6591,23.659103393554688
111,119.98609,8.986091613769531
110,140.11436,30.114364624023438
109,118.076744,9.076744079589844
108,119.361565,11.361564636230469
107,134.59877,27.598770141601562
106,124.587166,18.58716583251953
105,117.93739,12.937393188476562
104,122.10878,18.108779907226562
103,128.27762,25.277618408203125
102,119.69341,17.69341278076172
101,118.862724,17.86272430419922
100,140.30077,40.30076599121094
99,119.70558,20.705581665039062
98,112.15705,14.157051086425781
97,123.171555,26.171554565429688
96,113.2773,17.277297973632812
95,122.98271,27.982711791992188
94,113.540504,19.540504455566406
93,112.92652,19.92652130126953
92,113.141235,21.1412353515625
91,121.8167,30.81670379638672
90,113.14475,23.144752502441406
89,120.15383,31.153831481933594
88,106.24789,18.247886657714844
87,109.94822,22.948219299316406
86,110.71606,24.71605682373047
85,106.60145,21.60144805908203
84,118.6259,34.62590026855469
83,111.32069,28.32068634033203
82,104.92892,22.928916931152344
81,100.44562,19.44561767578125
80,106.51851,26.518508911132812
79,108.88476,29.88475799560547
78,112.415405,34.4154052734375
77,135.49016,58.49015808105469
76,85.75185,9.751846313476562
75,112.980644,37.98064422607422
74,111.12906,37.129058837890625
73,98.610535,25.61053466796875
72,109.52968,37.52967834472656
71,103.19796,32.197959899902344
70,105.10953,35.109527587890625
69,106.548615,37.548614501953125
68,83.4434,15.443397521972656
67,103.571106,36.57110595703125
66,99.72864,33.7286376953125
65,93.80254,28.80254364013672
64,111.469154,47.469154357910156
63,105.56928,42.56928253173828
62,86.70521,24.70520782470703
61,110.71982,49.719818115234375
60,91.3386,31.338600158691406
59,89.29098,30.290977478027344
58,86.43537,28.43537139892578
57,74.34829,17.348289489746094
56,91.333496,35.33349609375
55,83.25828,28.258277893066406
54,68.34294,14.342941284179688
53,79.52526,26.52526092529297
52,91.50873,39.50872802734375
51,69.07661,18.07660675048828
50,89.17667,39.176666259765625
49,72.38651,23.386512756347656
48,77.67475,29.67475128173828
47,81.52494,34.524940490722656
46,63.72997,17.729969024658203
45,82.104065,37.10406494140625
44,78.07688,34.076881408691406
43,77.13344,34.13343811035156
42,69.80745,27.807449340820312
41,80.66201,39.662010192871094
40,61.65817,21.65816879272461
39,57.75842,18.758419036865234
38,76.529076,38.529075622558594
37,73.03019,36.030189514160156
36,69.82972,33.82971954345703
35,63.24792,28.247920989990234
34,65.952774,31.952774047851562
33,47.800213,14.800212860107422
32,46.916313,14.916313171386719
31,43.280758,12.280757904052734
30,49.232758,19.232757568359375
29,52.327213,23.327213287353516
28,39.3548,11.354801177978516
27,34.128033,7.128032684326172
26,58.18373,32.18373107910156
25,48.142765,23.142765045166016
24,41.035435,17.03543472290039
23,29.074928,6.074928283691406
22,24.60191,2.601909637451172
21,21.716015,0.7160148620605469
20,29.548817,9.548816680908203
19,16.41615,-2.583850860595703
18,40.262882,22.262882232666016
17,10.332333,-6.667667388916016
16,16.757206,0.7572059631347656
15,4.291199,-10.708800792694092
14,-5.822376,-19.822375774383545
13,21.332294,8.332294464111328
12,-5.3238063,-17.323806285858154
11,7.8234906,-3.176509380340576
10,-15.189995,-25.18999481201172
9,-4.879413,-13.87941312789917
8,-18.63718,-26.63718032836914
7,-13.089767,-20.089767456054688
6,-24.858479,-30.858478546142578
5,-9.310947,-14.31094741821289
4,-44.260117,-48.26011657714844
3,-39.030613,-42.03061294555664
2,-50.314598,-52.314598083496094
1,-56.695732,-57.69573211669922
0,-66.05514,-66.05513763427734
233,182.4593,-50.54069519042969
232,175.3621,-56.63789367675781
231,183.3925,-47.60749816894531
230,193.9934,-36.00660705566406
229,189.37727,-39.62272644042969
228,179.16061,-48.839385986328125
227,180.24133,-46.7586669921875
226,172.30302,-53.69697570800781
225,169.41881,-55.58119201660156
224,187.96031,-36.03968811035156
223,184.76344,-38.23655700683594
222,179.1809,-42.81910705566406
221,187.81734,-33.18266296386719
220,187.96428,-32.03572082519531
219,189.27303,-29.726974487304688
218,183.84628,-34.153717041015625
217,182.55382,-34.44618225097656
216,195.77647,-20.223526000976562
215,168.94034,-46.059661865234375
214,176.61769,-37.38230895996094
213,162.58185,-50.41815185546875
212,171.8891,-40.11090087890625
211,173.409,-37.59100341796875
210,196.36353,-13.636474609375
209,168.07103,-40.92897033691406
208,168.65704,-39.34295654296875
207,176.41103,-30.588973999023438
206,168.26839,-37.73161315917969
205,172.27356,-32.7264404296875
204,151.59404,-52.40596008300781
203,184.1567,-18.843307495117188
202,164.85115,-37.14884948730469
201,174.2557,-26.744293212890625
200,190.1076,-9.89239501953125
199,177.41704,-21.582962036132812
198,188.61757,-9.382431030273438
197,180.64458,-16.355422973632812
196,189.96498,-6.0350189208984375
195,187.9564,-7.0435943603515625
194,157.77599,-36.22401428222656
193,173.66153,-19.338470458984375
192,175.8058,-16.194198608398438
191,183.0302,-7.9698028564453125
190,182.21997,-7.780029296875
189,180.0301,-8.969894409179688
188,185.70363,-2.2963714599609375
187,170.98225,-16.017745971679688
186,188.74739,2.7473907470703125
185,186.3603,1.3603057861328125
184,174.19774,-9.802261352539062
183,163.46782,-19.532180786132812
182,191.31828,9.318283081054688
181,163.2929,-17.707107543945312
180,179.8766,-0.1233978271484375
179,172.58844,-6.41156005859375
178,184.40077,6.4007720947265625
177,199.73936,22.739364624023438
176,179.6119,3.6118927001953125
175,169.05664,-5.943359375
174,188.76454,14.764541625976562
173,164.37383,-8.626174926757812
172,166.91888,-5.08111572265625
171,176.41577,5.415771484375
170,161.91248,-8.0875244140625
169,177.69795,8.697952270507812
168,161.82265,-6.1773529052734375
167,179.24594,12.245941162109375
166,164.07347,-1.9265289306640625
165,189.1836,24.18359375
164,185.26888,21.268875122070312
163,180.52005,17.520050048828125
162,177.34462,15.344619750976562
161,169.01643,8.016433715820312
160,166.11,6.1100006103515625
159,156.25652,-2.7434844970703125
158,170.03818,12.038177490234375
157,162.38307,5.3830718994140625
156,163.61674,7.6167449951171875
155,176.66559,21.66558837890625
154,158.81886,4.8188629150390625
153,166.66757,13.667572021484375
152,139.77974,-12.220260620117188
151,158.18993,7.1899261474609375
150,168.3839,18.383895874023438
149,185.76192,36.76191711425781
148,165.59644,17.596435546875
147,162.51558,15.515579223632812
146,172.94109,26.941085815429688
145,178.66354,33.663543701171875
144,166.79272,22.792724609375
143,164.57677,21.576766967773438
142,170.40599,28.405990600585938
141,177.21556,36.21556091308594
140,149.07466,9.074661254882812
139,163.25366,24.253662109375
138,164.35922,26.359222412109375
137,159.05165,22.051651000976562
136,181.2188,45.21879577636719
135,164.90007,29.900070190429688
134,164.93118,30.931182861328125
133,156.46188,23.461883544921875
132,156.06136,24.061355590820312
131,160.76633,29.766326904296875
130,174.01295,44.01295471191406
129,149.76755,20.767547607421875
128,170.43501,42.43501281738281
127,166.3559,39.35589599609375
126,172.16896,46.16896057128906
125,176.89229,51.89228820800781
124,165.63683,41.63682556152344
123,143.96774,20.967742919921875
122,169.1141,47.114105224609375
121,172.4752,51.47520446777344
120,181.10121,61.10121154785156
119,162.3393,43.33929443359375
118,153.41325,35.41325378417969
117,160.95084,43.950836181640625
116,153.36484,37.364837646484375
115,149.78941,34.78941345214844
114,165.67412,51.67411804199219
113,160.4948,47.49479675292969
112,162.402,50.40199279785156
111,156.6342,45.63420104980469
110,162.74208,52.74208068847656
109,144.52739,35.52738952636719
108,167.72617,59.726165771484375
107,138.49461,31.494613647460938
106,163.77992,57.77992248535156
105,140.55774,35.5577392578125
104,150.21379,46.21379089355469
103,151.76987,48.769866943359375
102,160.84085,58.840850830078125
101,162.42308,61.42308044433594
100,138.11563,38.115631103515625
99,154.71344,55.71343994140625
98,148.47008,50.47007751464844
97,144.2495,47.24949645996094
96,143.39891,47.39891052246094
95,142.88904,47.8890380859375
94,141.5508,47.55079650878906
93,151.7128,58.712799072265625
92,156.52895,64.52894592285156
91,147.74614,56.74613952636719
90,152.19913,62.199127197265625
89,132.85213,43.85212707519531
88,150.68193,62.68193054199219
87,136.58978,49.58978271484375
86,132.1367,46.13670349121094
85,150.00235,65.00234985351562
84,146.78596,62.78596496582031
83,118.71521,35.7152099609375
82,144.25946,62.25946044921875
81,129.07602,48.076019287109375
80,137.51552,57.51551818847656
79,132.86311,53.86311340332031
78,133.00153,55.00152587890625
77,130.40083,53.40083312988281
76,123.97635,47.976348876953125
75,120.94363,45.943626403808594
74,129.73448,55.73448181152344
73,115.32601,42.326011657714844
72,143.40291,71.40290832519531
71,136.72331,65.72331237792969
70,142.75885,72.75885009765625
69,130.8233,61.82330322265625
68,137.49059,69.49058532714844
67,107.49094,40.490936279296875
66,132.6695,66.66949462890625
65,119.195274,54.195274353027344
64,116.43833,52.438331604003906
63,123.526535,60.52653503417969
62,113.33359,51.333587646484375
61,109.28999,48.28999328613281
60,109.434845,49.434844970703125
59,103.48744,44.48744201660156
58,102.48066,44.48065948486328
57,108.949165,51.94916534423828
56,117.69557,61.69557189941406
55,96.64701,41.647010803222656
54,117.37641,63.37641143798828
53,108.68958,55.68958282470703
52,109.547585,57.547584533691406
51,128.54626,77.5462646484375
50,99.61999,49.61998748779297
49,91.48564,42.48564147949219
48,97.11053,49.11052703857422
47,113.80464,66.80464172363281
46,102.398544,56.39854431152344
45,106.23108,61.2310791015625
44,95.74407,51.74407196044922
43,98.60941,55.609413146972656
42,109.54087,67.5408706665039
41,96.678795,55.678794860839844
40,90.6389,50.63890075683594
39,85.81232,46.81231689453125
38,80.43945,42.439453125
37,85.77011,48.770111083984375
36,79.13668,43.136680603027344
35,74.651695,39.651695251464844
34,69.20937,35.209373474121094
33,50.85922,17.85921859741211
32,78.10772,46.10771942138672
31,61.61919,30.619190216064453
30,75.2806,45.280601501464844
29,61.537174,32.537174224853516
28,55.569275,27.56927490234375
27,62.308537,35.308536529541016
26,58.900726,32.900726318359375
25,65.023575,40.02357482910156
24,63.33881,39.338809967041016
23,54.511562,31.51156234741211
22,43.115826,21.115825653076172
21,62.228756,41.228755950927734
20,48.190304,28.190303802490234
19,59.296364,40.296363830566406
18,56.91065,38.910648345947266
17,49.345375,32.345375061035156
16,38.443752,22.44375228881836
15,34.95322,19.95322036743164
14,41.78676,27.786758422851562
13,26.528324,13.528324127197266
12,37.978195,25.978195190429688
11,14.365742,3.365741729736328
10,13.158321,3.1583213806152344
9,33.433537,24.433536529541016
8,29.895287,21.895286560058594
7,11.870056,4.87005615234375
6,19.433361,13.433361053466797
5,-7.043926,-12.043925762176514
4,6.709618,2.709618091583252
3,3.5910687,0.5910687446594238
2,4.7410207,2.741020679473877
1,14.507957,13.507957458496094
0,7.297219,7.2972187995910645
157,130.53333,-26.4666748046875
156,120.06668,-35.933319091796875
155,136.24297,-18.757034301757812
154,136.46611,-17.533889770507812
153,138.01949,-14.980514526367188
152,122.988075,-29.011924743652344
151,130.08676,-20.913238525390625
150,136.05344,-13.946563720703125
149,123.32687,-25.673126220703125
148,125.68395,-22.31604766845703
147,139.96825,-7.0317535400390625
146,119.66219,-26.337806701660156
145,126.44872,-18.55127716064453
144,109.353004,-34.646995544433594
143,139.2842,-3.7158050537109375
142,115.745636,-26.254364013671875
141,119.3442,-21.655799865722656
140,148.34227,8.342269897460938
139,127.04765,-11.952346801757812
138,130.10818,-7.891815185546875
137,137.0841,0.0841064453125
136,108.81902,-27.18097686767578
135,121.58511,-13.414886474609375
134,123.88984,-10.110160827636719
133,121.43132,-11.568679809570312
132,129.69597,-2.3040313720703125
131,134.72427,3.724273681640625
130,116.924194,-13.0758056640625
129,128.01695,-0.9830474853515625
128,129.95927,1.9592742919921875
127,126.62927,-0.3707275390625
126,124.33076,-1.6692428588867188
125,119.62802,-5.371978759765625
124,115.009865,-8.990135192871094
123,131.82257,8.82257080078125
122,119.89055,-2.1094512939453125
121,102.690025,-18.309974670410156
120,129.9261,9.926101684570312
119,111.109764,-7.890235900878906
118,100.60051,-17.399490356445312
117,116.930176,-0.06982421875
116,112.30721,-3.6927871704101562
115,122.941475,7.941474914550781
114,121.80852,7.8085174560546875
113,101.10008,-11.899917602539062
112,130.04236,18.0423583984375
111,123.256065,12.256065368652344
110,130.06108,20.061080932617188
109,129.80359,20.8035888671875
108,103.780106,-4.2198944091796875
107,117.52021,10.520210266113281
106,124.527855,18.527854919433594
105,113.20319,8.203193664550781
104,128.8733,24.873306274414062
103,109.44155,6.441551208496094
102,103.94344,1.9434432983398438
101,116.973366,15.973365783691406
100,111.12252,11.122520446777344
99,115.1666,16.166603088378906
98,108.398544,10.398544311523438
97,100.45708,3.4570770263671875
96,111.37912,15.379119873046875
95,120.55312,25.553123474121094
94,114.83738,20.837379455566406
93,120.90406,27.90406036376953
92,116.49831,24.498306274414062
91,108.06094,17.060943603515625
90,132.40479,42.40478515625
89,113.734726,24.734725952148438
88,107.10672,19.106719970703125
87,123.49858,36.49858093261719
86,77.983025,-8.016975402832031
85,115.0361,30.036102294921875
84,116.03539,32.03539276123047
83,129.91325,46.91325378417969
82,115.06172,33.06172180175781
81,101.802895,20.802894592285156
80,95.76296,15.762962341308594
79,112.33353,33.333526611328125
78,90.5299,12.529899597167969
77,94.34311,17.343109130859375
76,103.0096,27.009597778320312
75,99.99308,24.993080139160156
74,115.30583,41.30583190917969
73,102.68503,29.685028076171875
72,107.04341,35.04341125488281
71,108.22407,37.22406768798828
70,93.483086,23.48308563232422
69,99.5186,30.518600463867188
68,110.37985,42.379852294921875
67,109.74408,42.74407958984375
66,103.474266,37.474266052246094
65,112.45187,47.451873779296875
64,88.52546,24.52545928955078
63,96.028496,33.02849578857422
62,83.50489,21.50489044189453
61,107.66211,46.662109375
60,82.24362,22.243621826171875
59,95.06453,36.06452941894531
58,91.30303,33.30303192138672
57,90.48559,33.48558807373047
56,66.005806,10.005805969238281
55,80.70637,25.70636749267578
54,75.7567,21.756698608398438
53,84.275795,31.275794982910156
52,81.6908,29.69080352783203
51,101.97464,50.974639892578125
50,105.50222,55.502220153808594
49,95.058136,46.058135986328125
48,72.32281,24.32280731201172
47,75.15882,28.15882110595703
46,55.862427,9.8624267578125
45,70.94406,25.944061279296875
44,64.54602,20.5460205078125
43,85.75785,42.757850646972656
42,64.8609,22.86090087890625
41,70.264404,29.264404296875
40,78.895836,38.895835876464844
39,80.28844,41.28843688964844
38,78.45295,40.45294952392578
37,66.2335,29.233497619628906
36,62.57618,26.57617950439453
35,45.973797,10.973796844482422
34,72.413124,38.413124084472656
33,46.805897,13.805896759033203
32,63.618797,31.618797302246094
31,64.09194,33.091941833496094
30,50.903236,20.903236389160156
29,44.275414,15.275413513183594
28,61.456123,33.45612335205078
27,57.106865,30.10686492919922
26,41.993927,15.993927001953125
25,47.721844,22.721843719482422
24,30.656834,6.656833648681641
23,45.39052,22.390518188476562
22,43.677197,21.677196502685547
21,47.746574,26.74657440185547
20,29.697163,9.697162628173828
19,56.67167,37.671669006347656
18,29.878895,11.878894805908203
17,40.756775,23.75677490234375
16,50.07832,34.07831954956055
15,37.404068,22.404067993164062
14,21.458881,7.458881378173828
13,31.538326,18.538326263427734
12,21.502174,9.502174377441406
11,8.643799,-2.356201171875
10,31.904469,21.904468536376953
9,23.100372,14.100372314453125
8,30.717335,22.717334747314453
7,14.995155,7.995155334472656
6,10.310993,4.310993194580078
5,15.354378,10.354377746582031
4,17.092926,13.092926025390625
3,-0.9373927,-3.9373927116394043
2,19.030022,17.03002166748047
1,-3.6252704,-4.625270366668701
0,-8.984634,-8.984634399414062
169,152.88913,-16.110870361328125
168,148.70576,-19.294235229492188
167,155.35654,-11.643463134765625
166,150.4167,-15.583297729492188
165,142.10509,-22.894912719726562
164,150.81033,-13.189666748046875
163,160.12581,-2.8741912841796875
162,139.28886,-22.711135864257812
161,152.34634,-8.653656005859375
160,145.61299,-14.387008666992188
159,147.13875,-11.861251831054688
158,141.27298,-16.727020263671875
157,141.39415,-15.605850219726562
156,135.74028,-20.259719848632812
155,144.05998,-10.940017700195312
154,128.83386,-25.1661376953125
153,143.06148,-9.938522338867188
152,134.03316,-17.966842651367188
151,145.38213,-5.6178741455078125
150,126.54463,-23.455368041992188
149,131.19907,-17.800933837890625
148,136.88109,-11.118911743164062
147,147.05899,0.058990478515625
146,143.96164,-2.038360595703125
145,148.95381,3.9538116455078125
144,124.426414,-19.573585510253906
143,140.6009,-2.3990936279296875
142,149.92113,7.9211273193359375
141,142.96574,1.9657440185546875
140,139.50682,-0.4931793212890625
139,138.96407,-0.0359344482421875
138,143.43808,5.438079833984375
137,148.62584,11.625839233398438
136,149.5691,13.569107055664062
135,133.874,-1.126007080078125
134,156.52026,22.520263671875
133,136.87544,3.8754425048828125
132,131.32936,-0.6706390380859375
131,156.93889,25.938888549804688
130,148.24167,18.241668701171875
129,136.02063,7.0206298828125
128,146.3588,18.358795166015625
127,137.7123,10.712295532226562
126,125.60378,-0.39621734619140625
125,134.45847,9.458465576171875
124,156.8869,32.88690185546875
123,152.11525,29.115249633789062
122,140.86725,18.86724853515625
121,138.80287,17.802871704101562
120,151.04674,31.046737670898438
119,142.49803,23.498031616210938
118,146.42596,28.42596435546875
117,141.95027,24.950271606445312
116,131.33878,15.338775634765625
115,113.238,-1.7620010375976562
114,133.45552,19.455520629882812
113,130.93759,17.937591552734375
112,145.37029,33.37028503417969
111,116.1926,5.192596435546875
110,134.01314,24.013137817382812
109,133.55724,24.557235717773438
108,129.14885,21.148849487304688
107,135.47447,28.474472045898438
106,139.06624,33.06623840332031
105,126.81586,21.81585693359375
104,143.43442,39.434417724609375
103,117.818665,14.81866455078125
102,126.90473,24.90473175048828
101,126.663795,25.663795471191406
100,149.5769,49.576904296875
99,115.85957,16.859573364257812
98,118.80637,20.806373596191406
97,126.933304,29.933303833007812
96,139.57304,43.57304382324219
95,108.75595,13.755950927734375
94,128.5913,34.59129333496094
93,142.68742,49.68742370605469
92,134.17018,42.17018127441406
91,123.03821,32.0382080078125
90,125.04568,35.045677185058594
89,123.43119,34.431190490722656
88,122.86367,34.863670349121094
87,110.45683,23.456832885742188
86,138.05641,52.05641174316406
85,134.03325,49.03324890136719
84,122.10744,38.10743713378906
83,122.46356,39.46356201171875
82,120.75756,38.75756072998047
81,117.75482,36.75482177734375
80,111.57554,31.575538635253906
79,128.04764,49.047637939453125
78,105.23482,27.234817504882812
77,128.27861,51.27861022949219
76,104.81906,28.819061279296875
75,114.468445,39.46844482421875
74,124.49932,50.49932098388672
73,110.56561,37.56561279296875
72,115.327995,43.32799530029297
71,111.147026,40.14702606201172
70,123.901665,53.90166473388672
69,125.01087,56.01087188720703
68,104.72863,36.72863006591797
67,94.235214,27.235214233398438
66,132.1861,66.18609619140625
65,112.09857,47.09857177734375
64,92.91373,28.913726806640625
63,112.07894,49.078941345214844
62,114.68258,52.682579040527344
61,108.38003,47.380027770996094
60,89.03358,29.03357696533203
59,111.14688,52.146881103515625
58,107.85312,49.853118896484375
57,95.98195,38.98194885253906
56,109.67307,53.673072814941406
55,98.299904,43.299903869628906
54,95.35129,41.351287841796875
53,103.191605,50.19160461425781
52,70.10501,18.105010986328125
51,107.78513,56.785133361816406
50,80.33036,30.330360412597656
49,103.418236,54.418235778808594
48,98.456726,50.45672607421875
47,92.375374,45.37537384033203
46,100.90048,54.900482177734375
45,82.460526,37.46052551269531
44,86.57558,42.57557678222656
43,88.020805,45.02080535888672
42,94.312096,52.312095642089844
41,97.61708,56.61708068847656
40,89.886215,49.88621520996094
39,84.8632,45.863197326660156
38,83.02642,45.02642059326172
37,69.26776,32.26776123046875
36,79.477196,43.477195739746094
35,68.5694,33.56939697265625
34,89.41961,55.41960906982422
33,76.595375,43.595375061035156
32,87.40785,55.40785217285156
31,76.867966,45.86796569824219
30,55.306393,25.306392669677734
29,71.64173,42.64173126220703
28,56.778873,28.778873443603516
27,53.490833,26.490833282470703
26,72.07492,46.074920654296875
25,61.21745,36.21744918823242
24,53.128742,29.128742218017578
23,70.31956,47.319557189941406
22,52.56126,30.561260223388672
21,52.40875,31.408748626708984
20,52.976612,32.97661209106445
19,52.42807,33.428070068359375
18,27.672375,9.672374725341797
17,47.412914,30.412914276123047
16,47.305244,31.30524444580078
15,21.585968,6.585968017578125
14,33.651104,19.651103973388672
13,40.487625,27.487625122070312
12,31.764114,19.764114379882812
11,38.238438,27.23843765258789
10,46.244522,36.24452209472656
9,21.020206,12.020206451416016
8,33.42168,25.421680450439453
7,25.950924,18.950923919677734
6,12.224663,6.224662780761719
5,15.199619,10.19961929321289
4,23.786087,19.786087036132812
3,9.940746,6.940746307373047
2,15.642342,13.642341613769531
1,11.484604,10.484603881835938
0,-6.1723704,-6.172370433807373
215,166.08333,-48.91667175292969
214,160.09334,-53.90666198730469
213,156.91118,-56.08882141113281
212,166.43484,-45.565155029296875
211,178.09021,-32.9097900390625
210,164.5221,-45.4779052734375
209,176.1461,-32.85389709472656
208,159.91228,-48.08772277832031
207,169.34991,-37.65008544921875
206,188.36418,-17.635818481445312
205,156.70293,-48.29707336425781
204,173.61725,-30.38275146484375
203,165.06305,-37.93695068359375
202,166.4295,-35.57049560546875
201,172.82994,-28.170059204101562
200,139.29466,-60.70533752441406
199,153.12502,-45.87498474121094
198,167.05711,-30.942886352539062
197,166.15666,-30.843338012695312
196,161.7474,-34.252593994140625
195,155.72408,-39.27592468261719
194,165.98155,-28.018447875976562
193,172.69864,-20.301361083984375
192,158.40318,-33.59681701660156
191,147.93803,-43.06196594238281
190,170.02104,-19.978958129882812
189,149.21211,-39.78788757324219
188,163.97127,-24.028732299804688
187,164.17542,-22.8245849609375
186,161.89299,-24.107009887695312
185,162.00807,-22.991928100585938
184,142.69395,-41.30604553222656
183,158.03662,-24.96337890625
182,160.8006,-21.19940185546875
181,152.86261,-28.13739013671875
180,167.02092,-12.979080200195312
179,179.6811,0.6811065673828125
178,167.10803,-10.8919677734375
177,163.43344,-13.566558837890625
176,157.9585,-18.04150390625
175,175.42241,0.4224090576171875
174,164.63028,-9.369720458984375
173,164.80894,-8.191055297851562
172,170.30704,-1.692962646484375
171,170.76553,-0.234466552734375
170,162.32857,-7.6714324951171875
169,168.64534,-0.3546600341796875
168,154.5457,-13.454299926757812
167,150.11736,-16.882644653320312
166,155.26324,-10.73675537109375
165,160.15681,-4.8431854248046875
164,169.06795,5.0679473876953125
163,155.32104,-7.678955078125
162,165.23004,3.23004150390625
161,156.24358,-4.7564239501953125
160,164.13512,4.1351165771484375
159,156.88649,-2.1135101318359375
158,133.73509,-24.264907836914062
157,162.99306,5.9930572509765625
156,146.49753,-9.502471923828125
155,152.1667,-2.8332977294921875
154,151.76509,-2.2349090576171875
153,148.77304,-4.226959228515625
152,144.32367,-7.67633056640625
151,159.63882,8.638824462890625
150,155.61461,5.6146087646484375
149,160.54079,11.540786743164062
148,141.58195,-6.4180450439453125
147,160.92,13.919998168945312
146,146.73857,0.7385711669921875
145,162.91402,17.914016723632812
144,167.41945,23.419448852539062
143,156.05359,13.0535888671875
142,144.54173,2.5417327880859375
141,133.55313,-7.446868896484375
140,159.90587,19.905868530273438
139,162.60342,23.603424072265625
138,172.48323,34.48323059082031
137,144.82544,7.825439453125
136,147.2279,11.2279052734375
135,161.46016,26.460159301757812
134,161.16682,27.166824340820312
133,152.5228,19.522796630859375
132,157.6096,25.609603881835938
131,146.79654,15.796539306640625
130,162.05673,32.056732177734375
129,150.39484,21.39483642578125
128,165.33028,37.33027648925781
127,160.10278,33.102783203125
126,139.01935,13.01934814453125
125,148.98566,23.98565673828125
124,149.35487,25.354873657226562
123,143.35733,20.357330322265625
122,158.4483,36.44830322265625
121,144.37956,23.379562377929688
120,136.37352,16.373519897460938
119,131.04878,12.048782348632812
118,142.66487,24.664871215820312
117,149.75334,32.75334167480469
116,133.10963,17.109634399414062
115,145.05222,30.052215576171875
114,137.69778,23.697784423828125
113,147.19661,34.19660949707031
112,161.07915,49.07914733886719
111,137.06995,26.0699462890625
110,147.65523,37.65522766113281
109,141.37875,32.378753662109375
108,134.80269,26.802688598632812
107,145.15141,38.15141296386719
106,137.80988,31.80987548828125
105,162.2673,57.267303466796875
104,125.08219,21.082191467285156
103,122.38874,19.38874053955078
102,145.08109,43.081085205078125
101,148.73497,47.73497009277344
100,143.21118,43.211181640625
99,142.71643,43.7164306640625
98,130.0016,32.00160217285156
97,149.59871,52.59870910644531
96,150.11217,54.11216735839844
95,131.24869,36.248687744140625
94,128.24846,34.24845886230469
93,122.38736,29.387359619140625
92,121.273254,29.27325439453125
91,128.0647,37.064697265625
90,132.71544,42.71543884277344
89,127.98208,38.982078552246094
88,108.888954,20.888954162597656
87,132.7561,45.756103515625
86,128.78268,42.782684326171875
85,129.30084,44.30084228515625
84,95.072556,11.072555541992188
83,123.1661,40.166099548339844
82,132.82889,50.828887939453125
81,115.76899,34.76898956298828
80,120.329605,40.32960510253906
79,138.67914,59.67913818359375
78,124.304146,46.30414581298828
77,109.16055,32.160552978515625
76,102.41066,26.410659790039062
75,130.14932,55.149322509765625
74,115.8086,41.80860137939453
73,123.76404,50.7640380859375
72,128.22385,56.223846435546875
71,101.751564,30.751564025878906
70,98.5595,28.55950164794922
69,103.896736,34.89673614501953
68,103.86095,35.86094665527344
67,98.2173,31.217300415039062
66,85.22691,19.226913452148438
65,111.364006,46.36400604248047
64,104.887596,40.887596130371094
63,93.401634,30.401634216308594
62,103.44241,41.442413330078125
61,108.36797,47.36797332763672
60,115.68735,55.687347412109375
59,97.639854,38.639854431152344
58,94.17405,36.174049377441406
57,89.28315,32.28314971923828
56,85.711784,29.71178436279297
55,84.63114,29.631141662597656
54,93.58412,39.58412170410156
53,86.53755,33.53755187988281
52,80.20517,28.205169677734375
51,94.16524,43.16523742675781
50,89.472755,39.472755432128906
49,82.354485,33.35448455810547
48,67.455925,19.45592498779297
47,77.82345,30.823448181152344
46,73.337006,27.337005615234375
45,91.93164,46.931640625
44,71.140465,27.140464782714844
43,88.68381,45.683807373046875
42,55.35673,13.356731414794922
41,62.205,21.205001831054688
40,69.17689,29.17688751220703
39,63.94858,24.94858169555664
38,76.67101,38.67101287841797
37,78.1432,41.14320373535156
36,80.37206,44.37206268310547
35,66.74936,31.749359130859375
34,54.30711,20.307109832763672
33,68.82863,35.82862854003906
32,39.215168,7.215167999267578
31,45.1362,14.136199951171875
30,59.27622,29.27621841430664
29,38.7297,9.729698181152344
28,29.051182,1.0511817932128906
27,28.356495,1.3564949035644531
26,57.475933,31.475933074951172
25,28.861431,3.861431121826172
24,22.102745,-1.8972549438476562
23,37.178223,14.17822265625
22,23.129982,1.1299819946289062
21,10.238533,-10.761466979980469
20,28.398586,8.39858627319336
19,20.372234,1.3722343444824219
18,18.225185,0.22518539428710938
17,13.850826,-3.1491737365722656
16,7.898255,-8.101745128631592
15,-0.99248075,-15.992480754852295
14,4.422238,-9.577762126922607
13,11.169651,-1.8303489685058594
12,-1.7663608,-13.766360759735107
11,-16.05978,-27.05978012084961
10,2.7982602,-7.20173978805542
9,-5.0676837,-14.067683696746826
8,-21.896038,-29.896038055419922
7,-16.902042,-23.902042388916016
6,-36.878708,-42.87870788574219
5,-44.561825,-49.561824798583984
4,-45.337566,-49.33756637573242
3,-61.5746,-64.57460021972656
2,-69.9663,-71.96630096435547
1,-42.82913,-43.82912826538086
0,-58.138134,-58.13813400268555
195,163.49785,-31.502151489257812
194,176.82097,-17.179031372070312
193,150.90602,-42.09397888183594
192,151.62639,-40.37361145019531
191,139.06816,-51.93183898925781
190,159.4694,-30.530593872070312
189,177.53752,-11.462478637695312
188,166.06111,-21.938888549804688
187,152.57297,-34.427032470703125
186,145.08377,-40.916229248046875
185,159.85353,-25.146469116210938
184,144.27257,-39.72743225097656
183,150.8358,-32.16419982910156
182,167.19037,-14.80963134765625
181,146.71364,-34.28636169433594
180,156.66292,-23.337081909179688
179,147.73952,-31.260482788085938
178,149.63216,-28.367843627929688
177,154.25243,-22.747573852539062
176,154.51953,-21.48046875
175,162.79979,-12.200210571289062
174,162.66403,-11.335968017578125
173,162.29349,-10.706512451171875
172,140.40865,-31.591354370117188
171,146.9652,-24.034805297851562
170,154.19344,-15.806564331054688
169,160.1889,-8.81109619140625
168,151.51157,-16.488433837890625
167,165.00044,-1.9995574951171875
166,152.87047,-13.129531860351562
165,159.07848,-5.9215240478515625
164,146.6177,-17.382293701171875
163,140.45854,-22.541458129882812
162,154.45871,-7.541290283203125
161,163.36967,2.3696746826171875
160,146.8704,-13.129592895507812
159,149.76315,-9.236846923828125
158,149.55449,-8.445510864257812
157,131.973,-25.026992797851562
156,142.62102,-13.378982543945312
155,172.41765,17.417648315429688
154,158.06744,4.06744384765625
153,156.50163,3.5016326904296875
152,152.96233,0.9623260498046875
151,150.60793,-0.3920745849609375
150,157.27565,7.2756500244140625
149,147.6038,-1.3961944580078125
148,155.55464,7.5546417236328125
147,148.55449,1.5544891357421875
146,130.90648,-15.093521118164062
145,146.99208,1.9920806884765625
144,146.01938,2.019378662109375
143,160.51266,17.512664794921875
142,145.27357,3.2735748291015625
141,151.14467,10.144668579101562
140,158.92989,18.929885864257812
139,129.54173,-9.458267211914062
138,143.16792,5.1679229736328125
137,149.48987,12.4898681640625
136,151.61815,15.618148803710938
135,150.40843,15.408432006835938
134,144.6332,10.633193969726562
133,142.11272,9.112716674804688
132,149.11673,17.116729736328125
131,159.3057,28.305694580078125
130,143.65492,13.654922485351562
129,140.60065,11.60064697265625
128,146.44858,18.448577880859375
127,156.28043,29.280426025390625
126,138.55211,12.552108764648438
125,138.71579,13.715789794921875
124,139.43477,15.434768676757812
123,134.32632,11.326324462890625
122,133.24646,11.2464599609375
121,135.2126,14.212600708007812
120,152.01265,32.01264953613281
119,156.92918,37.92918395996094
118,139.13696,21.136962890625
117,132.63232,15.63232421875
116,135.11484,19.114837646484375
115,141.31111,26.311111450195312
114,130.85457,16.854568481445312
113,120.9045,7.904502868652344
112,138.06206,26.062057495117188
111,137.70111,26.70111083984375
110,141.90924,31.90924072265625
109,134.54414,25.544143676757812
108,143.04488,35.04487609863281
107,131.67981,24.6798095703125
106,138.26633,32.266326904296875
105,134.71562,29.715621948242188
104,150.00304,46.00303649902344
103,132.56517,29.565170288085938
102,125.87991,23.879913330078125
101,127.94939,26.949386596679688
100,148.85094,48.85093688964844
99,137.266,38.26600646972656
98,122.61391,24.613906860351562
97,151.45695,54.45695495605469
96,125.07163,29.071632385253906
95,152.55025,57.55024719238281
94,120.19912,26.199119567871094
93,128.19177,35.1917724609375
92,141.76357,49.76356506347656
91,136.88022,45.880218505859375
90,136.63759,46.63758850097656
89,123.42672,34.426719665527344
88,120.10618,32.106178283691406
87,121.78225,34.782249450683594
86,129.0698,43.069793701171875
85,129.79155,44.79154968261719
84,127.8623,43.86229705810547
83,117.97888,34.9788818359375
82,129.23917,47.239166259765625
81,125.74109,44.7410888671875
80,115.45226,35.45226287841797
79,112.16894,33.16893768310547
78,116.4752,38.475196838378906
77,117.07959,40.07958984375
76,105.363075,29.363075256347656
75,117.64578,42.645782470703125
74,115.29795,41.297950744628906
73,100.44572,27.445716857910156
72,138.26503,66.26502990722656
71,120.74496,49.744956970214844
70,135.19792,65.19792175292969
69,127.03194,58.03193664550781
68,118.57148,50.57147979736328
67,104.40969,37.409690856933594
66,120.16401,54.16400909423828
65,107.043076,42.04307556152344
64,104.15415,40.154151916503906
63,102.42538,39.425376892089844
62,107.17128,45.17127990722656
61,105.84611,44.846107482910156
60,103.809006,43.80900573730469
59,103.728294,44.728294372558594
58,93.99284,35.99284362792969
57,112.126945,55.12694549560547
56,102.33912,46.33911895751953
55,98.66361,43.663612365722656
54,102.77328,48.773277282714844
53,86.836716,33.83671569824219
52,81.57351,29.573509216308594
51,98.91283,47.91282653808594
50,79.08476,29.084762573242188
49,94.60638,45.60637664794922
48,95.49603,47.49603271484375
47,93.68148,46.681480407714844
46,62.88568,16.88568115234375
45,92.27938,47.279380798339844
44,94.25878,50.25878143310547
43,72.768524,29.768524169921875
42,91.782104,49.7821044921875
41,73.18776,32.18775939941406
40,70.84928,30.849281311035156
39,85.20785,46.207847595214844
38,71.3984,33.398399353027344
37,93.562195,56.56219482421875
36,73.024635,37.024635314941406
35,72.27022,37.27021789550781
34,69.989525,35.989524841308594
33,72.70614,39.706138610839844
32,52.36558,20.365581512451172
31,60.485744,29.48574447631836
30,63.67969,33.679691314697266
29,57.0164,28.016399383544922
28,54.89842,26.898418426513672
27,65.153114,38.153114318847656
26,54.69647,28.696468353271484
25,65.62126,40.62126159667969
24,50.00223,26.00223159790039
23,44.759373,21.75937271118164
22,64.21314,42.21314239501953
21,47.993717,26.993717193603516
20,55.920937,35.920936584472656
19,47.22992,28.22991943359375
18,28.240452,10.24045181274414
17,24.916897,7.916896820068359
16,49.23668,33.23667907714844
15,10.9706,-4.029399871826172
14,35.48639,21.48638916015625
13,31.79839,18.798389434814453
12,38.482384,26.482383728027344
11,41.69582,30.695819854736328
10,13.581516,3.5815162658691406
9,34.170647,25.17064666748047
8,13.010067,5.010066986083984
7,14.583416,7.583415985107422
6,13.8315735,7.831573486328125
5,3.3958058,-1.604194164276123
4,33.68847,29.68846893310547
3,-0.95580626,-3.955806255340576
2,-10.788235,-12.78823471069336
1,1.1290479,0.12904787063598633
0,-1.3688083,-1.3688082695007324
212,133.9679,-78.0321044921875
211,134.11604,-76.88395690917969
210,135.19385,-74.80615234375
209,140.70963,-68.29037475585938
208,148.40733,-59.59266662597656
207,143.35413,-63.6458740234375
206,138.41478,-67.58522033691406
205,127.631035,-77.36896514892578
204,124.729164,-79.27083587646484
203,122.7174,-80.28260040283203
202,127.31676,-74.68324279785156
201,141.73973,-59.26026916503906
200,139.07378,-60.92622375488281
199,136.08473,-62.91526794433594
198,148.46548,-49.534515380859375
197,138.00441,-58.99559020996094
196,134.70409,-61.29591369628906
195,126.65697,-68.34303283691406
194,129.52562,-64.47438049316406
193,131.14575,-61.854248046875
192,131.8387,-60.16130065917969
191,149.83775,-41.16224670410156
190,130.8468,-59.1531982421875
189,155.3958,-33.60420227050781
188,149.59396,-38.406036376953125
187,131.51411,-55.48588562011719
186,112.081924,-73.91807556152344
185,159.80551,-25.194488525390625
184,133.87613,-50.123870849609375
183,129.33394,-53.66606140136719
182,130.18144,-51.81855773925781
181,131.96475,-49.035247802734375
180,143.73419,-36.26580810546875
179,136.92879,-42.07121276855469
178,136.83836,-41.16163635253906
177,123.85441,-53.145591735839844
176,139.10367,-36.896331787109375
175,116.33732,-58.662681579589844
174,132.18103,-41.8189697265625
173,137.63838,-35.36161804199219
172,119.56484,-52.435157775878906
171,126.131546,-44.86845397949219
170,140.91278,-29.08721923828125
169,142.03392,-26.966079711914062
168,126.61864,-41.38136291503906
167,137.77138,-29.228622436523438
166,118.724945,-47.275054931640625
165,127.263054,-37.73694610595703
164,122.330055,-41.669944763183594
163,132.72871,-30.271286010742188
162,128.22331,-33.77668762207031
161,122.53722,-38.46278381347656
160,127.87516,-32.124839782714844
159,137.11806,-21.881942749023438
158,134.7975,-23.202499389648438
157,138.5852,-18.414794921875
156,129.6486,-26.351394653320312
155,128.43361,-26.566390991210938
154,129.4836,-24.516403198242188
153,137.53752,-15.462478637695312
152,135.52388,-16.476119995117188
151,136.92165,-14.078353881835938
150,129.19566,-20.804336547851562
149,136.5248,-12.475204467773438
148,139.41934,-8.580657958984375
147,121.64533,-25.35466766357422
146,111.74183,-34.25817108154297
145,127.508934,-17.491065979003906
144,117.55415,-26.445846557617188
143,136.62,-6.3800048828125
142,121.3031,-20.6968994140625
141,133.4616,-7.5384063720703125
140,120.31024,-19.68975830078125
139,129.69116,-9.308837890625
138,139.50323,1.50323486328125
137,134.68224,-2.3177642822265625
136,120.47619,-15.523811340332031
135,135.58742,0.5874176025390625
134,143.77876,9.778762817382812
133,153.43129,20.431289672851562
132,137.55315,5.5531463623046875
131,113.08944,-17.910560607910156
130,137.43616,7.4361572265625
129,122.07183,-6.928169250488281
128,115.19517,-12.804832458496094
127,114.996544,-12.003456115722656
126,114.058754,-11.941246032714844
125,117.01887,-7.981132507324219
124,120.892525,-3.1074752807617188
123,129.8832,6.8831939697265625
122,117.917656,-4.082344055175781
121,119.58721,-1.4127883911132812
120,110.890015,-9.1099853515625
119,109.7368,-9.263198852539062
118,98.7231,-19.276901245117188
117,129.45503,12.455032348632812
116,107.37965,-8.620353698730469
115,112.759926,-2.2400741577148438
114,124.75202,10.752021789550781
113,115.929146,2.9291458129882812
112,117.046555,5.0465545654296875
111,124.2831,13.283096313476562
110,122.928734,12.928733825683594
109,101.32626,-7.673736572265625
108,127.53792,19.537918090820312
107,105.97638,-1.02362060546875
106,100.88421,-5.115791320800781
105,118.300865,13.300865173339844
104,85.19736,-18.802642822265625
103,114.760765,11.760765075683594
102,109.44191,7.4419097900390625
101,108.216225,7.216224670410156
100,128.67122,28.671218872070312
99,114.16553,15.16552734375
98,129.1089,31.108901977539062
97,112.11269,15.112693786621094
96,96.06385,0.06385040283203125
95,95.97169,0.9716873168945312
94,101.377144,7.377143859863281
93,112.367355,19.367355346679688
92,97.991394,5.99139404296875
91,104.696655,13.6966552734375
90,104.07752,14.077522277832031
89,101.05064,12.050636291503906
88,114.69831,26.69831085205078
87,100.7139,13.713897705078125
86,97.86631,11.866310119628906
85,105.64615,20.646148681640625
84,118.8713,34.871299743652344
83,89.437164,6.437164306640625
82,99.62932,17.629318237304688
81,96.183044,15.18304443359375
80,110.87966,30.879661560058594
79,104.17603,25.17603302001953
78,98.10704,20.107040405273438
77,89.38813,12.388130187988281
76,113.043976,37.043975830078125
75,106.318504,31.318504333496094
74,100.10008,26.100082397460938
73,90.4074,17.40740203857422
72,93.13257,21.132568359375
71,108.06539,37.065391540527344
70,97.86256,27.86255645751953
69,81.251305,12.251304626464844
68,81.342316,13.342315673828125
67,91.27792,24.277923583984375
66,92.77103,26.771026611328125
65,101.32842,36.32842254638672
64,77.52103,13.521026611328125
63,86.195564,23.19556427001953
62,73.3563,11.356300354003906
61,88.44031,27.4403076171875
60,77.65959,17.659591674804688
59,84.3762,25.376197814941406
58,73.506615,15.506614685058594
57,68.153145,11.153144836425781
56,70.47817,14.478172302246094
55,86.47535,31.47534942626953
54,84.230774,30.23077392578125
53,73.30895,20.30895233154297
52,56.437737,4.437736511230469
51,54.724407,3.724407196044922
50,81.83501,31.835006713867188
49,69.72119,20.72119140625
48,70.73099,22.730987548828125
47,76.32319,29.32318878173828
46,82.47559,36.47559356689453
45,56.834087,11.834087371826172
44,50.41896,6.4189605712890625
43,53.26598,10.265979766845703
42,57.064835,15.064834594726562
41,62.23107,21.23107147216797
40,46.120293,6.120292663574219
39,52.493565,13.49356460571289
38,36.835575,-1.1644248962402344
37,36.52275,-0.4772491455078125
36,48.792316,12.792316436767578
35,40.014053,5.0140533447265625
34,51.72917,17.729171752929688
33,24.550304,-8.449695587158203
32,52.67956,20.679561614990234
31,40.42288,9.42287826538086
30,30.662579,0.6625785827636719
29,20.728737,-8.271263122558594
28,31.61208,3.612079620361328
27,19.792862,-7.2071380615234375
26,22.550907,-3.4490928649902344
25,23.228683,-1.7713165283203125
24,25.378265,1.378265380859375
23,26.386166,3.3861656188964844
22,36.91396,14.913959503173828
21,10.243813,-10.756187438964844
20,0.547688,-19.452311992645264
19,15.521034,-3.4789657592773438
18,11.590717,-6.409282684326172
17,-0.34173918,-17.341739177703857
16,28.798698,12.798698425292969
15,-0.38688993,-15.386889934539795
14,-8.910725,-22.910724639892578
13,3.2042394,-9.79576063156128
12,-2.5883822,-14.588382244110107
11,1.2303205,-9.769679546356201
10,-11.803127,-21.80312728881836
9,-0.8716998,-9.871699810028076
8,-15.746109,-23.746109008789062
7,-31.749783,-38.74978256225586
6,-17.233158,-23.233158111572266
5,0.127419,-4.8725810050964355
4,-43.962803,-47.96280288696289
3,-35.127342,-38.127342224121094
2,-40.03478,-42.0347785949707
1,-27.256401,-28.25640106201172
0,-47.24751,-47.24750900268555
146,150.9949,4.994903564453125
145,163.7983,18.798294067382812
144,158.2563,14.256301879882812
143,148.75073,5.750732421875
142,143.10092,1.100921630859375
141,160.524,19.524002075195312
140,134.47212,-5.5278778076171875
139,158.15353,19.153533935546875
138,150.90489,12.904891967773438
137,157.76822,20.768218994140625
136,143.94191,7.9419097900390625
135,147.20222,12.202224731445312
134,140.07375,6.0737457275390625
133,154.12788,21.127883911132812
132,141.42482,9.424819946289062
131,141.15263,10.152633666992188
130,144.87663,14.876632690429688
129,147.70982,18.709823608398438
128,157.45955,29.459548950195312
127,152.03554,25.035537719726562
126,157.12321,31.123214721679688
125,126.70469,1.7046890258789062
124,154.10927,30.109268188476562
123,131.891,8.891006469726562
122,141.67433,19.674331665039062
121,140.03575,19.035751342773438
120,152.04633,32.04632568359375
119,160.91739,41.917388916015625
118,123.05268,5.052680969238281
117,148.48955,31.489547729492188
116,146.46375,30.4637451171875
115,160.34215,45.34214782714844
114,151.7658,37.76579284667969
113,153.597,40.59700012207031
112,155.00581,43.00581359863281
111,146.62431,35.62431335449219
110,145.14328,35.143280029296875
109,137.84195,28.841949462890625
108,145.5952,37.59519958496094
107,131.43881,24.438812255859375
106,133.3734,27.373397827148438
105,142.8161,37.81610107421875
104,137.24962,33.24961853027344
103,141.8325,38.83250427246094
102,147.12492,45.12492370605469
101,130.18307,29.183074951171875
100,149.5663,49.56629943847656
99,149.47678,50.476776123046875
98,144.02292,46.022918701171875
97,139.43796,42.437957763671875
96,149.3289,53.32890319824219
95,151.10402,56.10401916503906
94,143.61537,49.61537170410156
93,142.54976,49.54975891113281
92,148.7996,56.79960632324219
91,128.09727,37.09727478027344
90,151.28293,61.282928466796875
89,130.21008,41.2100830078125
88,139.46562,51.46562194824219
87,139.6016,52.601593017578125
86,142.93124,56.931243896484375
85,148.54999,63.54998779296875
84,126.79633,42.79633331298828
83,149.98387,66.98387145996094
82,138.22868,56.22868347167969
81,144.30032,63.300323486328125
80,131.21458,51.21458435058594
79,129.20193,50.201934814453125
78,141.87277,63.872772216796875
77,124.55302,47.553016662597656
76,130.50508,54.50508117675781
75,125.91088,50.91088104248047
74,138.80762,64.8076171875
73,121.91468,48.91468048095703
72,129.30971,57.30970764160156
71,127.04882,56.04882049560547
70,128.0101,58.010101318359375
69,120.22331,51.22331237792969
68,129.17358,61.173583984375
67,101.11895,34.11894989013672
66,128.7204,62.72039794921875
65,131.57335,66.57334899902344
64,128.82426,64.82426452636719
63,122.99944,59.99944305419922
62,122.955666,60.955665588378906
61,116.297386,55.297386169433594
60,107.072914,47.072914123535156
59,128.10034,69.100341796875
58,138.55643,80.55642700195312
57,108.19323,51.19322967529297
56,126.13395,70.13394927978516
55,101.71368,46.71367645263672
54,126.57005,72.57005310058594
53,107.50601,54.506011962890625
52,104.64131,52.64131164550781
51,115.170876,64.1708755493164
50,112.87548,62.87548065185547
49,115.38843,66.388427734375
48,116.10397,68.10397338867188
47,117.73537,70.73536682128906
46,109.40492,63.40492248535156
45,112.62136,67.6213607788086
44,80.85916,36.859161376953125
43,104.22053,61.22052764892578
42,112.25625,70.2562484741211
41,91.85943,50.85942840576172
40,86.62531,46.62531280517578
39,98.394485,59.39448547363281
38,106.58766,68.58766174316406
37,90.188484,53.18848419189453
36,96.49231,60.4923095703125
35,84.862595,49.86259460449219
34,88.93784,54.937843322753906
33,97.19391,64.19390869140625
32,93.318504,61.318504333496094
31,87.04596,56.04595947265625
30,77.65628,47.656280517578125
29,78.35461,49.35460662841797
28,84.33231,56.332313537597656
27,73.17917,46.179168701171875
26,100.91845,74.91844940185547
25,80.979385,55.97938537597656
24,75.25705,51.257049560546875
23,67.459656,44.45965576171875
22,70.44365,48.44364929199219
21,87.41265,66.41265106201172
20,61.595936,41.5959358215332
19,66.11472,47.114723205566406
18,69.178154,51.17815399169922
17,41.74291,24.742908477783203
16,60.44328,44.44327926635742
15,38.85414,23.854141235351562
14,56.2933,42.29330062866211
13,64.28832,51.28832244873047
12,45.727825,33.72782516479492
11,28.0107,17.010700225830078
10,36.833054,26.833053588867188
9,37.130024,28.130023956298828
8,30.467876,22.467876434326172
7,20.637222,13.637222290039062
6,40.24744,34.247440338134766
5,19.928707,14.928707122802734
4,29.998302,25.998302459716797
3,2.3926206,-0.6073794364929199
2,-13.601833,-15.60183334350586
1,23.008274,22.00827407836914
0,2.889134,2.889133930206299
230,191.23987,-38.7601318359375
229,207.87271,-21.127288818359375
228,184.53377,-43.46623229980469
227,181.21048,-45.789520263671875
226,179.67679,-46.323211669921875
225,184.78053,-40.21946716308594
224,193.8033,-30.196701049804688
223,191.24773,-31.752273559570312
222,204.36696,-17.633041381835938
221,187.69406,-33.305938720703125
220,179.93385,-40.06614685058594
219,187.81871,-31.181289672851562
218,188.81822,-29.181777954101562
217,195.32176,-21.678237915039062
216,194.87694,-21.123062133789062
215,176.3991,-38.60090637207031
214,179.19742,-34.802581787109375
213,181.32481,-31.675186157226562
212,183.22395,-28.776046752929688
211,194.35924,-16.640762329101562
210,192.18414,-17.81585693359375
209,198.25635,-10.74365234375
208,200.5182,-7.4817962646484375
207,190.75716,-16.242843627929688
206,187.09209,-18.907913208007812
205,190.79033,-14.209671020507812
204,182.27306,-21.726943969726562
203,192.67308,-10.326919555664062
202,163.41383,-38.58616638183594
201,187.74892,-13.251083374023438
200,179.86995,-20.130050659179688
199,205.3647,6.3647003173828125
198,185.67484,-12.325164794921875
197,183.15047,-13.849533081054688
196,192.71034,-3.2896575927734375
195,191.46696,-3.5330352783203125
194,175.89455,-18.105453491210938
193,200.90034,7.9003448486328125
192,169.63882,-22.361175537109375
191,194.39029,3.390289306640625
190,201.08598,11.085983276367188
189,180.2328,-8.767196655273438
188,179.83624,-8.16375732421875
187,158.05795,-28.942047119140625
186,204.09138,18.091384887695312
185,188.93932,3.9393157958984375
184,181.69435,-2.3056488037109375
183,176.65254,-6.3474578857421875
182,176.51718,-5.482818603515625
181,191.8178,10.817794799804688
180,186.35509,6.3550872802734375
179,196.93553,17.935531616210938
178,172.01518,-5.9848175048828125
177,186.20998,9.209976196289062
176,184.64957,8.649566650390625
175,191.70529,16.705291748046875
174,190.99939,16.9993896484375
173,189.22234,16.222335815429688
172,203.22926,31.229263305664062
171,198.77946,27.779464721679688
170,171.91745,1.917449951171875
169,183.73036,14.730361938476562
168,188.50845,20.508453369140625
167,196.73177,29.731765747070312
166,177.87291,11.872909545898438
165,186.15678,21.156784057617188
164,181.25415,17.254150390625
163,181.56975,18.569747924804688
162,160.26137,-1.7386322021484375
161,177.10588,16.105880737304688
160,178.66667,18.666671752929688
159,179.20244,20.202438354492188
158,168.85419,10.85418701171875
157,188.14212,31.142120361328125
156,171.33388,15.333877563476562
155,172.87932,17.879318237304688
154,153.13066,-0.8693389892578125
153,158.8494,5.849395751953125
152,166.80382,14.803817749023438
151,175.89928,24.899276733398438
150,171.53851,21.53851318359375
149,170.7886,21.788604736328125
148,172.45671,24.456710815429688
147,168.27486,21.274856567382812
146,171.15083,25.150833129882812
145,177.52419,32.52418518066406
144,168.30861,24.308609008789062
143,167.53113,24.5311279296875
142,156.51796,14.517959594726562
141,166.72302,25.7230224609375
140,153.84865,13.848648071289062
139,174.82364,35.823638916015625
138,173.45747,35.45747375488281
137,159.95496,22.9549560546875
136,171.29399,35.29399108886719
135,169.41418,34.4141845703125
134,183.73035,49.7303466796875
133,176.99562,43.99562072753906
132,162.06265,30.062652587890625
131,168.5555,37.55549621582031
130,167.97972,37.97972106933594
129,164.24684,35.24684143066406
128,173.81154,45.81153869628906
127,157.4519,30.451904296875
126,176.99342,50.99342346191406
125,164.7411,39.74110412597656
124,162.42134,38.42134094238281
123,173.49529,50.49528503417969
122,180.03983,58.039825439453125
121,167.58232,46.58232116699219
120,159.22359,39.22358703613281
119,170.43565,51.43565368652344
118,176.71242,58.71241760253906
117,160.53954,43.53953552246094
116,175.42982,59.42982482910156
115,164.13763,49.13763427734375
114,172.12865,58.12864685058594
113,159.43442,46.434417724609375
112,159.69186,47.691864013671875
111,159.69499,48.69499206542969
110,192.96819,82.96818542480469
109,161.04721,52.047210693359375
108,167.40674,59.40673828125
107,154.00548,47.00547790527344
106,154.83853,48.838531494140625
105,146.51428,41.5142822265625
104,167.45616,63.45616149902344
103,168.77304,65.77304077148438
102,143.27745,41.27745056152344
101,151.24881,50.248809814453125
100,143.01648,43.0164794921875
99,169.21063,70.21063232421875
98,167.7737,69.77369689941406
97,138.77354,41.77354431152344
96,163.05202,67.05201721191406
95,140.93488,45.93487548828125
94,164.40358,70.40357971191406
93,136.31877,43.31877136230469
92,165.77588,73.77587890625
91,148.70976,57.70976257324219
90,141.32205,51.322052001953125
89,133.95905,44.95904541015625
88,160.80013,72.80012512207031
87,131.9435,44.94349670410156
86,143.1118,57.11180114746094
85,149.07295,64.07295227050781
84,141.79134,57.79133605957031
83,150.51958,67.51957702636719
82,145.02052,63.02052307128906
81,142.65308,61.653076171875
80,147.12741,67.12741088867188
79,130.18312,51.18312072753906
78,142.64534,64.64533996582031
77,143.77068,66.77067565917969
76,116.36729,40.367286682128906
75,122.204605,47.20460510253906
74,125.51086,51.51085662841797
73,130.81953,57.81953430175781
72,120.55461,48.55461120605469
71,139.6021,68.60209655761719
70,132.65671,62.656707763671875
69,148.28555,79.28555297851562
68,123.78703,55.78703308105469
67,145.74077,78.74076843261719
66,125.14571,59.145713806152344
65,115.7678,50.767799377441406
64,125.28035,61.28034973144531
63,127.995705,64.9957046508789
62,105.94933,43.94933319091797
61,100.08399,39.08399200439453
60,104.87605,44.87605285644531
59,104.18193,45.18193054199219
58,119.27001,61.27001190185547
57,113.105156,56.10515594482422
56,101.14772,45.14772033691406
55,108.14872,53.148719787597656
54,116.391815,62.391815185546875
53,99.799,46.79900360107422
52,109.82177,57.82176971435547
51,96.9667,45.966697692871094
50,106.30301,56.303009033203125
49,105.761024,56.761024475097656
48,104.62487,56.62487030029297
47,88.68316,41.68315887451172
46,104.07291,58.072906494140625
45,96.969376,51.96937561035156
44,93.326454,49.326454162597656
43,96.537315,53.537315368652344
42,92.32431,50.324310302734375
41,83.491516,42.49151611328125
40,89.54732,49.54731750488281
39,91.783,52.782997131347656
38,80.41497,42.41497039794922
37,100.40297,63.40296936035156
36,83.05583,47.05583190917969
35,93.4242,58.42420196533203
34,83.125534,49.12553405761719
33,92.14995,59.14994812011719
32,84.74149,52.741493225097656
31,75.39309,44.393089294433594
30,69.39979,39.39978790283203
29,57.111103,28.111103057861328
28,56.858284,28.85828399658203
27,72.52087,45.52086639404297
26,59.268925,33.268924713134766
25,60.453648,35.45364761352539
24,38.31707,14.317070007324219
23,39.38741,16.387409210205078
22,77.66919,55.669189453125
21,48.367073,27.36707305908203
20,49.945293,29.945293426513672
19,51.243385,32.243385314941406
18,44.94733,26.947330474853516
17,39.20371,22.20370864868164
16,43.92087,27.92087173461914
15,47.344166,32.34416580200195
14,39.61744,25.61743927001953
13,24.369114,11.36911392211914
12,23.940876,11.940876007080078
11,22.398663,11.398662567138672
10,36.03674,26.036739349365234
9,15.034458,6.034458160400391
8,13.18668,5.186679840087891
7,1.5141492,-5.485850811004639
6,12.958458,6.958457946777344
5,16.213276,11.213275909423828
4,-8.663738,-12.663738250732422
3,-12.294308,-15.294307708740234
2,-26.162704,-28.162704467773438
1,-18.10041,-19.10041046142578
0,-17.30965,-17.309650421142578
312,153.0847,-158.91529846191406
311,146.74321,-164.2567901611328
310,141.4634,-168.53660583496094
309,153.16704,-155.8329620361328
308,156.9541,-151.0458984375
307,130.60022,-176.3997802734375
306,145.63524,-160.36476135253906
305,148.0327,-156.96730041503906
304,137.98372,-166.0162811279297
303,140.36037,-162.63963317871094
302,166.22032,-135.77967834472656
301,145.38765,-155.6123504638672
300,145.12727,-154.8727264404297
299,131.54901,-167.45098876953125
298,138.46736,-159.5326385498047
297,144.7378,-152.26220703125
296,154.11397,-141.8860321044922
295,135.22948,-159.77052307128906
294,160.47098,-133.52902221679688
293,135.06981,-157.93019104003906
292,135.00848,-156.99151611328125
291,151.2425,-139.75750732421875
290,122.13674,-167.8632583618164
289,162.16261,-126.83738708496094
288,149.33708,-138.6629180908203
287,139.47664,-147.5233612060547
286,125.89506,-160.10494232177734
285,135.17546,-149.8245391845703
284,156.50952,-127.490478515625
283,126.45849,-156.54151153564453
282,142.27052,-139.72947692871094
281,126.11226,-154.8877410888672
280,146.01408,-133.9859161376953
279,141.63284,-137.36715698242188
278,128.57579,-149.42420959472656
277,128.42743,-148.57257080078125
276,135.52693,-140.4730682373047
275,148.76909,-126.23091125488281
274,141.08386,-132.9161376953125
273,133.99728,-139.00271606445312
272,155.01836,-116.98164367675781
271,150.0042,-120.99580383300781
270,156.21507,-113.78492736816406
269,152.10231,-116.89768981933594
268,138.11009,-129.88990783691406
267,132.92947,-134.07052612304688
266,144.08875,-121.9112548828125
265,122.9726,-142.02739715576172
264,140.28595,-123.71405029296875
263,126.400856,-136.5991439819336
262,154.47188,-107.52812194824219
261,140.0256,-120.97439575195312
260,116.24825,-143.75174713134766
259,131.91461,-127.08538818359375
258,141.53981,-116.46018981933594
257,135.55693,-121.44306945800781
256,131.042,-124.95799255371094
255,129.10391,-125.89608764648438
254,128.03012,-125.96987915039062
253,130.58305,-122.41694641113281
252,151.81407,-100.18592834472656
251,134.3888,-116.6112060546875
250,145.64705,-104.35295104980469
249,148.53015,-100.4698486328125
248,128.0221,-119.9779052734375
247,143.31667,-103.68333435058594
246,126.2582,-119.7417984008789
245,149.11703,-95.88296508789062
244,142.49393,-101.50607299804688
243,125.203064,-117.79693603515625
242,136.83546,-105.16453552246094
241,151.26195,-89.73805236816406
240,131.92284,-108.07716369628906
239,121.17561,-117.82438659667969
238,139.47604,-98.52395629882812
237,134.58601,-102.41398620605469
236,137.94965,-98.05035400390625
235,137.26588,-97.73411560058594
234,134.56691,-99.43309020996094
233,125.418526,-107.58147430419922
232,145.41792,-86.58207702636719
231,124.76799,-106.23200988769531
230,143.78806,-86.21194458007812
229,146.11967,-82.88032531738281
228,107.872185,-120.12781524658203
227,148.38908,-78.61091613769531
226,130.37894,-95.62106323242188
225,145.81454,-79.18545532226562
224,123.93774,-100.06226348876953
223,132.0603,-90.939697265625
222,147.20685,-74.79315185546875
221,123.47961,-97.52039337158203
220,123.70163,-96.29837036132812
219,147.77396,-71.22604370117188
218,131.29604,-86.70396423339844
217,137.0713,-79.92869567871094
216,147.09706,-68.90293884277344
215,150.59822,-64.40177917480469
214,122.487236,-91.51276397705078
213,141.5035,-71.49650573730469
212,138.29443,-73.70556640625
211,122.46484,-88.53515625
210,128.06238,-81.9376220703125
209,131.23262,-77.76737976074219
208,131.97086,-76.02914428710938
207,138.58447,-68.41552734375
206,115.30346,-90.69654083251953
205,127.7524,-77.24759674072266
204,114.50178,-89.49822235107422
203,130.08551,-72.91448974609375
202,133.48312,-68.51687622070312
201,125.915215,-75.08478546142578
200,126.30547,-73.69452667236328
199,139.45293,-59.54707336425781
198,133.9389,-64.06109619140625
197,130.57323,-66.42677307128906
196,139.82732,-56.17268371582031
195,127.257126,-67.74287414550781
194,121.69004,-72.3099594116211
193,124.57732,-68.42268371582031
192,118.55805,-73.44194793701172
191,116.28981,-74.71018981933594
190,130.36806,-59.63194274902344
189,118.56223,-70.4377670288086
188,129.94101,-58.058990478515625
187,117.16103,-69.8389663696289
186,121.33898,-64.66101837158203
185,115.75776,-69.24224090576172
184,114.739815,-69.26018524169922
183,120.20567,-62.79432678222656
182,133.04265,-48.95735168457031
181,111.68679,-69.3132095336914
180,104.37498,-75.6250228881836
179,130.07634,-48.92366027832031
178,114.550514,-63.449485778808594
177,131.61714,-45.38285827636719
176,137.46428,-38.53572082519531
175,121.949165,-53.05083465576172
174,127.28711,-46.712890625
173,120.293785,-52.706214904785156
172,119.091385,-52.90861511230469
171,116.83219,-54.167808532714844
170,127.48343,-42.516571044921875
169,121.135284,-47.864715576171875
168,128.4162,-39.58380126953125
167,99.13058,-67.86942291259766
166,110.10807,-55.891929626464844
165,127.54032,-37.459678649902344
164,94.83724,-69.16275787353516
163,123.643234,-39.35676574707031
162,130.50473,-31.495269775390625
161,107.814865,-53.18513488769531
160,118.869514,-41.13048553466797
159,129.00015,-29.999847412109375
158,127.59623,-30.403770446777344
157,116.13823,-40.86177062988281
156,118.22119,-37.77880859375
155,112.71868,-42.28131866455078
154,122.17364,-31.82636260986328
153,120.52374,-32.47625732421875
152,118.59529,-33.40470886230469
151,134.73213,-16.267868041992188
150,135.58957,-14.410430908203125
149,126.99587,-22.004127502441406
148,127.870544,-20.12945556640625
147,102.01834,-44.981658935546875
146,116.02634,-29.973663330078125
145,124.57758,-20.42241668701172
144,114.3411,-29.658897399902344
143,104.84698,-38.15302276611328
142,132.35464,-9.645355224609375
141,113.33026,-27.66973876953125
140,109.92983,-30.070167541503906
139,106.97619,-32.02381134033203
138,128.30983,-9.690170288085938
137,112.515945,-24.484054565429688
136,131.98616,-4.0138397216796875
135,100.89795,-34.10205078125
134,120.590004,-13.409996032714844
133,111.68605,-21.313949584960938
132,97.222176,-34.77782440185547
131,108.12513,-22.87487030029297
130,115.034904,-14.965095520019531
129,114.21432,-14.785682678222656
128,86.25845,-41.741546630859375
127,107.31049,-19.68950653076172
126,120.949135,-5.050865173339844
125,115.58822,-9.411781311035156
124,88.52721,-35.47279357910156
123,112.5368,-10.463203430175781
122,106.73713,-15.262870788574219
121,78.35376,-42.646240234375
120,110.77585,-9.224151611328125
119,98.61032,-20.389678955078125
118,104.882286,-13.117713928222656
117,111.48844,-5.511558532714844
116,78.89784,-37.10215759277344
115,121.30892,6.308921813964844
114,87.32618,-26.67382049560547
113,97.77067,-15.229331970214844
112,97.46144,-14.538558959960938
111,108.551285,-2.4487152099609375
110,106.00912,-3.9908828735351562
109,97.2659,-11.734100341796875
108,98.71438,-9.285621643066406
107,80.6027,-26.397300720214844
106,98.06231,-7.937690734863281
105,105.930626,0.9306259155273438
104,89.647865,-14.352134704589844
103,108.265396,5.2653961181640625
102,102.097145,0.09714508056640625
101,96.12834,-4.8716583251953125
100,92.221115,-7.7788848876953125
99,100.71471,1.7147064208984375
98,88.99859,-9.001411437988281
97,86.20766,-10.792343139648438
96,99.157074,3.157073974609375
95,85.3421,-9.65789794921875
94,90.157166,-3.84283447265625
93,103.74518,10.74517822265625
92,84.06635,-7.933647155761719
91,112.04006,21.040061950683594
90,83.984116,-6.0158843994140625
89,82.00364,-6.996360778808594
88,89.31703,1.3170318603515625
87,95.148926,8.14892578125
86,85.09394,-0.9060592651367188
85,78.43069,-6.569313049316406
84,78.6153,-5.384696960449219
83,64.13002,-18.869979858398438
82,99.657814,17.657814025878906
81,75.616005,-5.383995056152344
80,84.881096,4.881095886230469
79,77.18831,-1.8116912841796875
78,87.02709,9.027091979980469
77,78.99588,1.995880126953125
76,80.73222,4.7322235107421875
75,71.6446,-3.3554000854492188
74,73.29514,-0.7048568725585938
73,74.96094,1.9609375
72,63.228565,-8.771434783935547
71,48.660076,-22.339923858642578
70,72.736664,2.736663818359375
69,83.77509,14.775093078613281
68,68.61342,0.6134185791015625
67,82.489296,15.489295959472656
66,65.219246,-0.7807540893554688
65,83.077324,18.07732391357422
64,51.370876,-12.62912368774414
63,76.31647,13.31646728515625
62,65.22323,3.2232284545898438
61,82.20788,21.20787811279297
60,74.984116,14.984115600585938
59,53.998844,-5.001155853271484
58,65.23988,7.2398834228515625
57,66.64481,9.644813537597656
56,66.72823,10.728233337402344
55,51.896114,-3.1038856506347656
54,55.92491,1.9249114990234375
53,57.914127,4.914127349853516
52,53.230633,1.2306327819824219
51,43.365864,-7.634136199951172
50,47.209316,-2.7906837463378906
49,44.43584,-4.564159393310547
48,68.94948,20.949478149414062
47,62.59635,15.596351623535156
46,34.922626,-11.077373504638672
45,45.315,0.3149986267089844
44,71.53456,27.534561157226562
43,53.985973,10.985973358154297
42,51.30981,9.309810638427734
41,56.262783,15.26278305053711
40,35.315083,-4.684917449951172
39,46.06646,7.066459655761719
38,43.64199,5.641990661621094
37,39.043392,2.0433921813964844
36,31.320498,-4.679502487182617
35,47.992752,12.992752075195312
34,31.315681,-2.6843185424804688
33,13.982414,-19.01758575439453
32,35.51359,3.513591766357422
31,33.14213,2.142131805419922
30,10.61927,-19.38072967529297
29,27.592754,-1.4072456359863281
28,33.28272,5.282718658447266
27,17.644703,-9.355297088623047
26,18.93758,-7.062419891357422
25,26.241169,1.2411689758300781
24,35.182278,11.18227767944336
23,48.25676,25.256759643554688
22,13.719097,-8.280902862548828
21,20.347927,-0.6520729064941406
20,16.139248,-3.8607521057128906
19,-1.8452983,-20.845298290252686
18,22.074848,4.074848175048828
17,20.2113,3.2112998962402344
16,-19.855614,-35.855613708496094
15,14.312824,-0.6871757507324219
14,6.029736,-7.970263957977295
13,-2.7181582,-15.71815824508667
12,2.9541173,-9.04588270187378
11,9.668926,-1.3310737609863281
10,1.5574536,-8.442546367645264
9,-9.23431,-18.234310150146484
8,16.696835,8.696834564208984
7,0.21738863,-6.78261137008667
6,17.000801,11.000801086425781
5,-1.6853023,-6.685302257537842
4,-11.120403,-15.120403289794922
3,-4.511909,-7.511909008026123
2,-3.1638675,-5.163867473602295
1,-5.3851123,-6.385112285614014
0,-3.7216144,-3.721614360809326
136,120.57606,-15.423942565917969
135,120.24935,-14.750648498535156
134,138.98506,4.9850616455078125
133,131.01222,-1.9877777099609375
132,153.43205,21.432052612304688
131,143.62846,12.628463745117188
130,140.0934,10.093399047851562
129,136.3048,7.3047943115234375
128,127.336876,-0.6631240844726562
127,144.81075,17.810745239257812
126,132.04427,6.0442657470703125
125,135.03583,10.03582763671875
124,125.98096,1.98095703125
123,144.10623,21.106231689453125
122,125.67518,3.6751785278320312
121,143.53778,22.53778076171875
120,120.63413,0.6341323852539062
119,136.31746,17.317459106445312
118,137.56372,19.563720703125
117,161.45105,44.4510498046875
116,144.7961,28.796096801757812
115,147.75465,32.75465393066406
114,127.50843,13.508430480957031
113,127.755775,14.755775451660156
112,132.49272,20.492721557617188
111,135.32503,24.325027465820312
110,136.18922,26.189224243164062
109,110.1795,1.1794967651367188
108,145.73349,37.733489990234375
107,133.47548,26.475479125976562
106,147.08566,41.085662841796875
105,136.80396,31.803955078125
104,112.403366,8.403366088867188
103,138.5923,35.59230041503906
102,126.44417,24.444168090820312
101,142.97163,41.97163391113281
100,122.273674,22.27367401123047
99,130.89183,31.891830444335938
98,121.10015,23.10015106201172
97,144.44865,47.44865417480469
96,138.33022,42.33021545410156
95,143.65974,48.65974426269531
94,140.55376,46.55375671386719
93,141.1559,48.15589904785156
92,120.01165,28.01165008544922
91,133.25854,42.258544921875
90,107.88245,17.8824462890625
89,125.553566,36.553565979003906
88,127.08491,39.08490753173828
87,140.31508,53.31507873535156
86,126.15517,40.15516662597656
85,130.3781,45.37809753417969
84,133.39473,49.39472961425781
83,120.918846,37.918846130371094
82,148.89455,66.89454650878906
81,117.44134,36.44133758544922
80,126.52907,46.52906799316406
79,105.36773,26.36772918701172
78,136.7641,58.76409912109375
77,112.325035,35.325035095214844
76,136.49266,60.49266052246094
75,121.447296,46.447296142578125
74,131.34108,57.34107971191406
73,108.38261,35.382606506347656
72,133.37346,61.37345886230469
71,118.75793,47.75792694091797
70,120.458725,50.45872497558594
69,102.47256,33.472557067871094
68,124.39437,56.394371032714844
67,101.80963,34.80963134765625
66,115.60624,49.606239318847656
65,101.25914,36.25914001464844
64,102.37444,38.37444305419922
63,116.61732,53.61731719970703
62,117.64396,55.643959045410156
61,115.2359,54.23590087890625
60,112.645195,52.64519500732422
59,110.77694,51.776939392089844
58,127.25614,69.25614166259766
57,117.47276,60.47276306152344
56,109.208725,53.20872497558594
55,110.336555,55.33655548095703
54,115.924675,61.92467498779297
53,109.93519,56.93518829345703
52,108.75724,56.757240295410156
51,121.526146,70.5261459350586
50,99.75109,49.75109100341797
49,92.595955,43.59595489501953
48,107.65914,59.659141540527344
47,86.37642,39.37641906738281
46,101.07885,55.07884979248047
45,92.50558,47.505577087402344
44,91.12659,47.1265869140625
43,91.222435,48.222434997558594
42,87.76493,45.764930725097656
41,78.669754,37.66975402832031
40,73.387375,33.38737487792969
39,69.90925,30.90924835205078
38,80.5793,42.57929992675781
37,65.29075,28.290748596191406
36,75.764984,39.764984130859375
35,69.410065,34.410064697265625
34,60.81247,26.812469482421875
33,69.03147,36.031471252441406
32,70.20137,38.20137023925781
31,85.33004,54.330039978027344
30,58.398483,28.398483276367188
29,52.322613,23.322612762451172
28,60.258022,32.25802230834961
27,61.404,34.40399932861328
26,73.10042,47.10041809082031
25,47.28777,22.287769317626953
24,53.618504,29.61850357055664
23,48.347713,25.347713470458984
22,43.617153,21.61715316772461
21,58.04018,37.04018020629883
20,49.80683,29.80683135986328
19,60.849285,41.84928512573242
18,54.450714,36.450714111328125
17,36.050697,19.050697326660156
16,19.398266,3.398265838623047
15,29.894459,14.894458770751953
14,32.301483,18.301483154296875
13,18.560417,5.560417175292969
12,8.52483,-3.475170135498047
11,24.516678,13.516677856445312
10,2.785317,-7.2146830558776855
9,9.654427,0.6544265747070312
8,-0.19010496,-8.190104961395264
7,-5.644527,-12.644526958465576
6,5.400929,-0.5990710258483887
5,-21.307964,-26.307964324951172
4,-14.117462,-18.117462158203125
3,-40.12091,-43.12091064453125
2,-18.579037,-20.579036712646484
1,-39.825867,-40.82586669921875
0,-24.890705,-24.890705108642578
165,174.23277,9.232772827148438
164,140.6753,-23.32470703125
163,161.91338,-1.0866241455078125
162,156.69975,-5.3002471923828125
161,158.29604,-2.7039642333984375
160,154.61862,-5.381378173828125
159,159.39626,0.3962554931640625
158,160.13533,2.1353302001953125
157,128.20337,-28.796630859375
156,162.40536,6.405364990234375
155,152.75528,-2.244720458984375
154,156.88747,2.8874664306640625
153,144.73448,-8.265518188476562
152,146.85873,-5.141265869140625
151,150.79233,-0.207672119140625
150,161.9821,11.982101440429688
149,146.70302,-2.2969818115234375
148,158.14897,10.148971557617188
147,162.11006,15.110061645507812
146,152.32233,6.32232666015625
145,144.61469,-0.38531494140625
144,150.3233,6.32330322265625
143,167.4572,24.457199096679688
142,170.60262,28.602615356445312
141,163.04652,22.046524047851562
140,122.53881,-17.46118927001953
139,165.216,26.21600341796875
138,161.55666,23.556655883789062
137,152.00203,15.002029418945312
136,160.21378,24.213775634765625
135,166.94344,31.943435668945312
134,143.92084,9.92083740234375
133,150.56743,17.567428588867188
132,144.46107,12.461074829101562
131,146.00914,15.009140014648438
130,154.8142,24.814193725585938
129,152.88342,23.8834228515625
128,163.0202,35.02020263671875
127,155.94922,28.94921875
126,145.88303,19.883026123046875
125,149.51747,24.517471313476562
124,164.1245,40.12449645996094
123,148.94025,25.94024658203125
122,142.10664,20.106643676757812
121,162.60643,41.60643005371094
120,165.72101,45.72100830078125
119,149.35896,30.358963012695312
118,148.52501,30.525009155273438
117,153.19398,36.19398498535156
116,152.4984,36.49839782714844
115,150.23473,35.23472595214844
114,144.94194,30.941940307617188
113,143.73991,30.739913940429688
112,154.78014,42.78013610839844
111,158.42107,47.42106628417969
110,154.87373,44.87373352050781
109,132.67253,23.672531127929688
108,152.42177,44.42176818847656
107,162.98218,55.982177734375
106,160.74983,54.74983215332031
105,153.49002,48.490020751953125
104,147.62889,43.62889099121094
103,142.12541,39.12541198730469
102,146.33946,44.33946228027344
101,144.69139,43.69139099121094
100,157.06474,57.06474304199219
99,128.33461,29.334609985351562
98,143.20287,45.20286560058594
97,141.80748,44.80747985839844
96,140.70714,44.70713806152344
95,156.39032,61.39031982421875
94,139.96669,45.96669006347656
93,137.11008,44.110076904296875
92,156.67635,64.67634582519531
91,151.29173,60.29173278808594
90,150.66776,60.667755126953125
89,148.91039,59.91038513183594
88,121.831726,33.83172607421875
87,136.39485,49.39485168457031
86,145.65184,59.65184020996094
85,125.968735,40.96873474121094
84,120.84111,36.84111022949219
83,139.96114,56.96113586425781
82,153.29295,71.29295349121094
81,125.68331,44.683311462402344
80,144.688,64.68800354003906
79,117.1101,38.11009979248047
78,144.59071,66.59071350097656
77,127.71613,50.71613311767578
76,130.30309,54.30308532714844
75,136.13092,61.13092041015625
74,146.04959,72.04959106445312
73,130.4763,57.47630310058594
72,126.70157,54.701568603515625
71,126.813934,55.813934326171875
70,121.246666,51.246665954589844
69,121.411095,52.411094665527344
68,125.45478,57.45478057861328
67,114.59467,47.59467315673828
66,134.45729,68.45729064941406
65,131.96884,66.96884155273438
64,123.22828,59.22827911376953
63,130.26154,67.26153564453125
62,137.29082,75.29081726074219
61,123.54868,62.548683166503906
60,138.07535,78.07534790039062
59,115.65459,56.65458679199219
58,135.07205,77.07205200195312
57,117.005585,60.005584716796875
56,111.04156,55.04155731201172
55,101.47908,46.47908020019531
54,121.61954,67.61953735351562
53,112.40184,59.40184020996094
52,125.83783,73.83782958984375
51,97.78505,46.78504943847656
50,105.878654,55.87865447998047
49,96.512634,47.51263427734375
48,108.273186,60.27318572998047
47,98.93809,51.938087463378906
46,107.77084,61.770843505859375
45,98.977104,53.97710418701172
44,106.98968,62.98967742919922
43,101.56872,58.56871795654297
42,106.48973,64.48973083496094
41,92.83892,51.83892059326172
40,108.78179,68.78179168701172
39,106.02521,67.02520751953125
38,71.00187,33.001869201660156
37,96.9093,59.9093017578125
36,100.644264,64.6442642211914
35,86.80212,51.80211639404297
34,82.542465,48.54246520996094
33,84.690254,51.69025421142578
32,85.03087,53.03086853027344
31,89.585434,58.58543395996094
30,83.88629,53.88629150390625
29,89.163765,60.16376495361328
28,85.51357,57.513572692871094
27,79.76095,52.760948181152344
26,63.487514,37.48751449584961
25,56.65202,31.652019500732422
24,71.971275,47.971275329589844
23,60.679005,37.67900466918945
22,80.541855,58.54185485839844
21,67.535835,46.53583526611328
20,47.550266,27.55026626586914
19,59.989918,40.98991775512695
18,55.73132,37.731319427490234
17,39.91936,22.919361114501953
16,42.6095,26.609500885009766
15,43.17722,28.17721939086914
14,50.22247,36.222469329833984
13,35.28994,22.289939880371094
12,33.87981,21.879810333251953
11,49.38906,38.389060974121094
10,23.992306,13.992305755615234
9,25.104969,16.104969024658203
8,19.03754,11.037540435791016
7,27.585068,20.585067749023438
6,10.254044,4.2540435791015625
5,6.8147626,1.8147625923156738
4,17.077354,13.077354431152344
3,7.5274243,4.527424335479736
2,-9.8315735,-11.831573486328125
1,9.07782,8.07781982421875
0,-18.849522,-18.84952163696289
213,185.7435,-27.256500244140625
212,188.92941,-23.070587158203125
211,191.13225,-19.867752075195312
210,169.55922,-40.44078063964844
209,179.1352,-29.86480712890625
208,172.9517,-35.04829406738281
207,191.42995,-15.570053100585938
206,176.75403,-29.2459716796875
205,169.58754,-35.41246032714844
204,191.08067,-12.919326782226562
203,164.61067,-38.38932800292969
202,173.1836,-28.81640625
201,191.0672,-9.93280029296875
200,181.24677,-18.75323486328125
199,185.33134,-13.668655395507812
198,175.42902,-22.57098388671875
197,195.11372,-1.8862762451171875
196,181.04195,-14.958053588867188
195,176.28664,-18.713363647460938
194,178.35143,-15.648574829101562
193,188.46704,-4.532958984375
192,181.08607,-10.913925170898438
191,174.89906,-16.100936889648438
190,195.68541,5.6854095458984375
189,176.20763,-12.792373657226562
188,204.90553,16.905532836914062
187,178.78075,-8.219253540039062
186,190.74776,4.7477569580078125
185,185.80351,0.8035125732421875
184,166.77519,-17.224807739257812
183,179.13127,-3.8687286376953125
182,191.0704,9.070404052734375
181,165.98375,-15.016250610351562
180,181.11156,1.1115570068359375
179,178.0358,-0.964202880859375
178,182.0296,4.02960205078125
177,184.29243,7.2924346923828125
176,183.24353,7.2435302734375
175,175.42564,0.4256439208984375
174,170.36298,-3.63702392578125
173,183.99687,10.996871948242188
172,182.8137,10.813705444335938
171,172.62775,1.62774658203125
170,192.55598,22.555984497070312
169,184.64397,15.643966674804688
168,177.61847,9.61846923828125
167,169.74617,2.7461700439453125
166,164.08347,-1.916534423828125
165,184.79173,19.791732788085938
164,169.89772,5.8977203369140625
163,177.076,14.076004028320312
162,173.29051,11.290512084960938
161,179.87288,18.872879028320312
160,189.1361,29.136093139648438
159,204.94597,45.94596862792969
158,174.7051,16.705093383789062
157,176.29291,19.29290771484375
156,179.66302,23.66302490234375
155,190.10632,35.1063232421875
154,171.16922,17.169219970703125
153,176.50299,23.50299072265625
152,187.93852,35.93852233886719
151,150.37935,-0.6206512451171875
150,185.79625,35.79624938964844
149,181.09364,32.09364318847656
148,164.7766,16.776596069335938
147,161.82983,14.829833984375
146,170.28328,24.283279418945312
145,155.09953,10.099533081054688
144,177.41165,33.411651611328125
143,172.63795,29.637954711914062
142,177.08003,35.08003234863281
141,185.36421,44.36421203613281
140,176.07777,36.07777404785156
139,158.43636,19.436355590820312
138,173.20062,35.20062255859375
137,168.434,31.434005737304688
136,167.29897,31.298965454101562
135,177.82451,42.82450866699219
134,173.87532,39.87532043457031
133,175.92836,42.92835998535156
132,187.86626,55.86625671386719
131,149.0569,18.056900024414062
130,171.11098,41.11097717285156
129,167.37302,38.373016357421875
128,169.75967,41.759674072265625
127,163.52467,36.52467346191406
126,159.85295,33.85295104980469
125,194.2378,69.23779296875
124,170.28883,46.28883361816406
123,154.75366,31.753662109375
122,170.39189,48.39189147949219
121,177.07805,56.07804870605469
120,173.7656,53.765594482421875
119,178.80707,59.80706787109375
118,165.50468,47.50468444824219
117,168.34128,51.341278076171875
116,162.19861,46.1986083984375
115,168.1719,53.171905517578125
114,164.86998,50.86997985839844
113,169.49318,56.49317932128906
112,162.56438,50.56437683105469
111,164.52507,53.52507019042969
110,162.5817,52.581695556640625
109,161.43915,52.43914794921875
108,162.63171,54.6317138671875
107,171.2822,64.28219604492188
106,158.72935,52.72935485839844
105,160.32277,55.32276916503906
104,143.14069,39.14068603515625
103,160.64525,57.64524841308594
102,155.35628,53.35627746582031
101,159.29816,58.29815673828125
100,154.3643,54.36430358886719
99,161.92538,62.925384521484375
98,158.20497,60.20497131347656
97,153.93275,56.93275451660156
96,161.42226,65.42225646972656
95,139.29839,44.29838562011719
94,139.46236,45.46235656738281
93,150.86894,57.86894226074219
92,129.30228,37.302276611328125
91,154.21046,63.21046447753906
90,145.53117,55.53117370605469
89,169.76637,80.76637268066406
88,138.43594,50.435943603515625
87,131.14204,44.14204406738281
86,146.6399,60.639892578125
85,140.37543,55.37542724609375
84,139.02925,55.02925109863281
83,141.3932,58.39320373535156
82,131.33147,49.33146667480469
81,142.95076,61.95075988769531
80,121.83088,41.83087921142578
79,148.13078,69.13078308105469
78,133.5261,55.526092529296875
77,132.90903,55.909027099609375
76,137.23596,61.2359619140625
75,145.5011,70.5010986328125
74,128.09831,54.09831237792969
73,122.64937,49.64936828613281
72,125.725365,53.725364685058594
71,132.65912,61.65911865234375
70,126.59716,56.59716033935547
69,131.41096,62.41096496582031
68,140.78268,72.78268432617188
67,140.14677,73.14677429199219
66,134.56396,68.56396484375
65,124.16149,59.16149139404297
64,109.97456,45.97456359863281
63,138.9344,75.93440246582031
62,136.3647,74.36470031738281
61,125.41152,64.4115219116211
60,124.915565,64.91556549072266
59,98.72521,39.72521209716797
58,103.473915,45.473915100097656
57,96.03024,39.030242919921875
56,114.72008,58.72007751464844
55,114.87983,59.87982940673828
54,114.13101,60.131011962890625
53,107.47314,54.47313690185547
52,119.05862,67.0586166381836
51,118.02068,67.02068328857422
50,108.16083,58.16082763671875
49,98.797325,49.797325134277344
48,94.15499,46.154991149902344
47,84.331245,37.33124542236328
46,91.2921,45.29209899902344
45,96.91827,51.91826629638672
44,80.902824,36.90282440185547
43,84.67986,41.67986297607422
42,95.77579,53.775787353515625
41,89.2377,48.237701416015625
40,80.590126,40.590126037597656
39,74.875465,35.875465393066406
38,75.3297,37.32969665527344
37,66.04417,29.044166564941406
36,87.76363,51.763633728027344
35,59.884968,24.884967803955078
34,76.39617,42.39617156982422
33,58.571224,25.571224212646484
32,71.02595,39.02594757080078
31,72.143166,41.143165588378906
30,55.718266,25.718265533447266
29,73.386955,44.38695526123047
28,46.518772,18.51877212524414
27,54.4837,27.483699798583984
26,44.84196,18.841960906982422
25,64.3095,39.30950164794922
24,40.661346,16.661346435546875
23,43.648495,20.648494720458984
22,33.825428,11.825428009033203
21,29.348213,8.348213195800781
20,10.89497,-9.105030059814453
19,-6.928722,-25.92872190475464
18,9.094059,-8.905941009521484
17,7.664452,-9.335547924041748
16,0.24436998,-15.755630016326904
15,0.157372,-14.842628002166748
14,-2.416759,-16.41675901412964
13,-17.829338,-30.82933807373047
12,-21.30439,-33.30438995361328
11,-17.830288,-28.83028793334961
10,-8.1646,-18.164600372314453
9,-33.127674,-42.1276741027832
8,-32.95435,-40.954349517822266
7,-32.829056,-39.82905578613281
6,-50.14976,-56.14976119995117
5,-52.205303,-57.20530319213867
4,-66.98733,-70.9873275756836
3,-57.710976,-60.710975646972656
2,-59.192387,-61.192386627197266
1,-69.325066,-70.32506561279297
0,-90.47071,-90.47071075439453
216,175.84535,-40.15464782714844
215,173.24338,-41.756622314453125
214,189.34872,-24.651275634765625
213,174.13289,-38.86711120605469
212,149.13963,-62.86036682128906
211,173.86226,-37.13774108886719
210,184.95122,-25.048782348632812
209,173.81334,-35.18666076660156
208,179.42027,-28.579727172851562
207,165.0419,-41.958099365234375
206,169.26741,-36.73258972167969
205,177.95589,-27.044113159179688
204,174.12498,-29.875015258789062
203,168.94447,-34.05552673339844
202,176.39445,-25.605545043945312
201,176.47844,-24.521560668945312
200,190.58147,-9.418533325195312
199,163.88336,-35.11663818359375
198,173.1209,-24.879104614257812
197,167.52199,-29.478012084960938
196,181.6321,-14.367904663085938
195,169.75032,-25.249679565429688
194,176.80469,-17.1953125
193,167.36786,-25.63214111328125
192,166.96248,-25.037521362304688
191,179.50296,-11.497039794921875
190,164.74739,-25.252609252929688
189,178.5355,-10.464492797851562
188,172.96962,-15.030380249023438
187,182.36043,-4.6395721435546875
186,166.52882,-19.471176147460938
185,167.41298,-17.587020874023438
184,170.47217,-13.52783203125
183,185.89902,2.899017333984375
182,163.90251,-18.097488403320312
181,164.63487,-16.365127563476562
180,139.10081,-40.89918518066406
179,177.1606,-1.8394012451171875
178,158.54903,-19.450973510742188
177,178.6389,1.6389007568359375
176,174.60732,-1.3926849365234375
175,146.60435,-28.395645141601562
174,168.33894,-5.6610565185546875
173,173.0453,0.0453033447265625
172,183.69786,11.697860717773438
171,176.10411,5.1041107177734375
170,188.2993,18.299301147460938
169,172.01167,3.0116729736328125
168,171.44826,3.4482574462890625
167,167.7652,0.76519775390625
166,170.6126,4.6125946044921875
165,177.14232,12.142318725585938
164,168.58615,4.586151123046875
163,147.11948,-15.880523681640625
162,162.94292,0.9429168701171875
161,178.18968,17.189682006835938
160,147.75645,-12.243545532226562
159,181.37337,22.373367309570312
158,164.17052,6.1705169677734375
157,162.08849,5.0884857177734375
156,144.70003,-11.299972534179688
155,176.72224,21.722244262695312
154,163.13503,9.135025024414062
153,173.94716,20.947158813476562
152,163.81966,11.819656372070312
151,155.68999,4.6899871826171875
150,154.72734,4.7273406982421875
149,163.44331,14.443313598632812
148,156.2378,8.23779296875
147,163.89467,16.894668579101562
146,173.5331,27.533096313476562
145,158.91428,13.914276123046875
144,177.8144,33.81440734863281
143,156.17455,13.174545288085938
142,158.81935,16.819351196289062
141,161.8868,20.886795043945312
140,167.10036,27.100357055664062
139,166.38075,27.380752563476562
138,161.85094,23.850936889648438
137,144.2096,7.2095947265625
136,175.3525,39.35249328613281
135,168.97768,33.97767639160156
134,142.3759,8.375900268554688
133,161.0309,28.030899047851562
132,164.62746,32.62745666503906
131,142.33797,11.337966918945312
130,162.74898,32.74897766113281
129,153.3352,24.335205078125
128,169.49245,41.49244689941406
127,140.04504,13.0450439453125
126,165.71944,39.71943664550781
125,149.83153,24.831527709960938
124,158.18391,34.18391418457031
123,156.08446,33.08445739746094
122,168.30785,46.30784606933594
121,154.96376,33.96376037597656
120,148.13338,28.133377075195312
119,149.04907,30.049072265625
118,151.11737,33.11737060546875
117,146.88536,29.885360717773438
116,145.6906,29.690597534179688
115,168.91353,53.91352844238281
114,145.60625,31.606246948242188
113,154.29312,41.293121337890625
112,144.85512,32.85511779785156
111,141.62273,30.622726440429688
110,164.97142,54.97142028808594
109,161.78033,52.78033447265625
108,155.6013,47.60130310058594
107,140.34097,33.340972900390625
106,143.19936,37.19935607910156
105,129.23463,24.234634399414062
104,145.48805,41.48805236816406
103,151.17192,48.17192077636719
102,155.13927,53.13926696777344
101,137.15958,36.159576416015625
100,146.44934,46.4493408203125
99,137.173,38.173004150390625
98,139.71733,41.71733093261719
97,144.63728,47.63728332519531
96,155.7072,59.70719909667969
95,150.7762,55.77619934082031
94,139.72105,45.72105407714844
93,139.87852,46.87852478027344
92,148.50446,56.50445556640625
91,129.25848,38.25848388671875
90,149.51369,59.51368713378906
89,149.38054,60.38053894042969
88,123.25556,35.25556182861328
87,145.90515,58.9051513671875
86,127.75239,41.75238800048828
85,143.4038,58.40379333496094
84,148.68523,64.68522644042969
83,123.40125,40.40125274658203
82,142.48926,60.4892578125
81,119.28979,38.28978729248047
80,159.59488,79.59487915039062
79,133.5125,54.51249694824219
78,109.315605,31.31560516357422
77,129.32245,52.32244873046875
76,134.37776,58.37776184082031
75,133.19637,58.19636535644531
74,117.11055,43.11054992675781
73,128.28694,55.28694152832031
72,125.420685,53.420684814453125
71,133.4845,62.4844970703125
70,129.51674,59.51673889160156
69,131.07545,62.07545471191406
68,108.19112,40.19111633300781
67,132.63298,65.63298034667969
66,109.24253,43.242530822753906
65,112.53157,47.53157043457031
64,113.04926,49.04926300048828
63,84.18132,21.181320190429688
62,98.60883,36.60883331298828
61,107.069885,46.06988525390625
60,114.336685,54.33668518066406
59,120.96422,61.96421813964844
58,105.38197,47.38197326660156
57,104.6536,47.653602600097656
56,118.24445,62.24445343017578
55,82.558784,27.55878448486328
54,112.27703,58.27703094482422
53,105.06473,52.064727783203125
52,94.577446,42.57744598388672
51,120.826965,69.82696533203125
50,93.061806,43.061805725097656
49,103.709,54.70899963378906
48,90.70864,42.708641052246094
47,98.40919,51.40918731689453
46,98.44407,52.444068908691406
45,79.67156,34.67156219482422
44,75.07658,31.076576232910156
43,100.43821,57.438209533691406
42,76.363495,34.363494873046875
41,84.58927,43.589271545410156
40,83.7714,43.771400451660156
39,70.65756,31.657562255859375
38,79.44934,41.4493408203125
37,89.70675,52.706748962402344
36,74.35425,38.354248046875
35,72.63895,37.638946533203125
34,65.780304,31.780303955078125
33,63.358807,30.358806610107422
32,60.392506,28.392505645751953
31,62.468292,31.468292236328125
30,54.88054,24.880538940429688
29,66.00218,37.00218200683594
28,71.5961,43.596099853515625
27,55.006184,28.006183624267578
26,48.899128,22.899127960205078
25,65.95851,40.95851135253906
24,69.56918,45.569183349609375
23,46.561893,23.561893463134766
22,35.588684,13.58868408203125
21,19.425404,-1.5745964050292969
20,47.27557,27.275569915771484
19,32.640038,13.640037536621094
18,19.769451,1.7694511413574219
17,34.08807,17.088069915771484
16,34.951004,18.951004028320312
15,6.8390775,-8.160922527313232
14,5.0789037,-8.921096324920654
13,15.674213,2.674213409423828
12,23.298058,11.298057556152344
11,1.0551877,-9.944812297821045
10,-0.07751799,-10.077517986297607
9,9.610386,0.6103858947753906
8,4.9921002,-3.007899761199951
7,0.055775166,-6.944224834442139
6,7.7431874,1.743187427520752
5,-14.776585,-19.77658462524414
4,-25.129772,-29.129772186279297
3,4.9100842,1.9100842475891113
2,-32.952633,-34.952632904052734
1,-13.343952,-14.343952178955078
0,-28.45021,-28.450210571289062
154,172.22604,18.226043701171875
153,162.51201,9.512008666992188
152,162.62535,10.625350952148438
151,185.30595,34.30595397949219
150,170.61769,20.617691040039062
149,152.20631,3.2063140869140625
148,170.80583,22.805831909179688
147,173.0682,26.068206787109375
146,162.97038,16.970382690429688
145,166.24745,21.247451782226562
144,156.31062,12.310623168945312
143,167.64368,24.6436767578125
142,178.3922,36.39219665527344
141,156.69804,15.698043823242188
140,177.23657,37.236572265625
139,157.96223,18.962234497070312
138,157.998,19.998001098632812
137,159.52898,22.528976440429688
136,164.69044,28.690444946289062
135,158.41273,23.412734985351562
134,165.42412,31.424118041992188
133,149.5077,16.507705688476562
132,154.4326,22.432601928710938
131,175.6425,44.64250183105469
130,153.31181,23.311813354492188
129,180.86311,51.86311340332031
128,165.07916,37.07916259765625
127,154.26956,27.269561767578125
126,169.21053,43.21052551269531
125,157.80241,32.80241394042969
124,175.34993,51.34992980957031
123,165.77939,42.779388427734375
122,176.90079,54.900787353515625
121,167.24818,46.24818420410156
120,155.31136,35.31135559082031
119,152.61397,33.61396789550781
118,168.62595,50.625946044921875
117,145.23425,28.2342529296875
116,154.78764,38.78764343261719
115,147.81935,32.81935119628906
114,173.28119,59.28118896484375
113,163.04765,50.04765319824219
112,154.90233,42.90232849121094
111,155.2222,44.222198486328125
110,168.2469,58.24690246582031
109,152.14476,43.14476013183594
108,151.62517,43.62516784667969
107,159.72598,52.725982666015625
106,171.73332,65.73332214355469
105,147.89906,42.89906311035156
104,147.55475,43.55474853515625
103,163.20818,60.20817565917969
102,156.80452,54.80451965332031
101,151.6891,50.68910217285156
100,151.25563,51.25563049316406
99,168.97961,69.9796142578125
98,150.68585,52.68585205078125
97,156.79521,59.79521179199219
96,153.42415,57.42414855957031
95,155.96541,60.96540832519531
94,148.63878,54.63877868652344
93,146.80798,53.8079833984375
92,150.68956,58.68955993652344
91,156.41727,65.41726684570312
90,172.16902,82.16902160644531
89,132.96799,43.967987060546875
88,140.83354,52.83354187011719
87,156.56815,69.56814575195312
86,151.76668,65.76667785644531
85,134.56975,49.56974792480469
84,145.51228,61.51228332519531
83,152.02408,69.02407836914062
82,137.45021,55.45021057128906
81,145.70674,64.70674133300781
80,132.1112,52.1112060546875
79,149.11116,70.11116027832031
78,138.27646,60.276458740234375
77,152.70769,75.70768737792969
76,142.26825,66.26824951171875
75,143.00725,68.00724792480469
74,143.9286,69.92860412597656
73,130.42017,57.420166015625
72,126.707405,54.70740509033203
71,131.09744,60.097442626953125
70,134.72171,64.72171020507812
69,126.182304,57.18230438232422
68,116.13863,48.138633728027344
67,131.01137,64.01136779785156
66,146.18929,80.18928527832031
65,142.05783,77.05783081054688
64,135.83487,71.83486938476562
63,139.16525,76.16525268554688
62,125.74546,63.745460510253906
61,123.81311,62.8131103515625
60,128.88963,68.88963317871094
59,129.36118,70.36117553710938
58,147.89876,89.89875793457031
57,130.89905,73.8990478515625
56,144.89046,88.89045715332031
55,123.53477,68.5347671508789
54,119.957275,65.957275390625
53,106.53559,53.53559112548828
52,114.38215,62.38214874267578
51,119.24114,68.24114227294922
50,107.97349,57.973487854003906
49,113.15005,64.1500473022461
48,107.58174,59.58174133300781
47,111.115974,64.11597442626953
46,108.338684,62.33868408203125
45,93.31178,48.31178283691406
44,108.96958,64.9695816040039
43,101.20214,58.20214080810547
42,110.727905,68.7279052734375
41,81.42186,40.42185974121094
40,100.25305,60.2530517578125
39,108.21319,69.21318817138672
38,95.97052,57.97052001953125
37,78.33181,41.331809997558594
36,83.952835,47.95283508300781
35,103.43151,68.43151092529297
34,100.391716,66.39171600341797
33,88.36234,55.362342834472656
32,86.76216,54.76216125488281
31,98.17158,67.17157745361328
30,59.454433,29.45443344116211
29,76.08585,47.085853576660156
28,85.84479,57.84478759765625
27,70.71247,43.71247100830078
26,84.914986,58.91498565673828
25,78.311676,53.311676025390625
24,74.494125,50.49412536621094
23,66.91526,43.915260314941406
22,57.767017,35.76701736450195
21,70.34461,49.34461212158203
20,67.352264,47.352264404296875
19,65.80842,46.80841827392578
18,51.003033,33.00303268432617
17,47.535435,30.53543472290039
16,61.669563,45.66956329345703
15,37.82461,22.82461166381836
14,48.767353,34.76735305786133
13,32.71883,19.718830108642578
12,43.43782,31.437820434570312
11,39.683216,28.683216094970703
10,14.215694,4.215694427490234
9,31.830296,22.83029556274414
8,24.098408,16.098407745361328
7,5.873406,-1.126594066619873
6,6.490044,0.49004411697387695
5,9.744892,4.744892120361328
4,-5.4978366,-9.497836589813232
3,0.3893819,-2.6106181144714355
2,6.431515,4.431515216827393
1,-21.724277,-22.72427749633789
0,-11.291504,-11.29150390625
257,129.77434,-127.22566223144531
256,138.81667,-117.18333435058594
255,113.98706,-141.012939453125
254,122.245605,-131.75439453125
253,118.7824,-134.21759796142578
252,123.88709,-128.11290740966797
251,120.12533,-130.87467193603516
250,113.23912,-136.76087951660156
249,122.66328,-126.33672332763672
248,146.7418,-101.25819396972656
247,113.98158,-133.01841735839844
246,119.765884,-126.23411560058594
245,119.830696,-125.16930389404297
244,115.47572,-128.52427673339844
243,121.837166,-121.16283416748047
242,115.00688,-126.99311828613281
241,131.72856,-109.27143859863281
240,112.61699,-127.38301086425781
239,105.1113,-133.88870239257812
238,121.74446,-116.25553894042969
237,125.927315,-111.07268524169922
236,121.32261,-114.6773910522461
235,146.17824,-88.82176208496094
234,133.13046,-100.86953735351562
233,139.80649,-93.19351196289062
232,122.89041,-109.10958862304688
231,115.13552,-115.8644790649414
230,132.82555,-97.17445373535156
229,114.522804,-114.4771957397461
228,112.26723,-115.73277282714844
227,117.52632,-109.47367858886719
226,123.36148,-102.63851928710938
225,121.26406,-103.7359390258789
224,109.94181,-114.05818939208984
223,119.24419,-103.75581359863281
222,106.92783,-115.0721664428711
221,116.315056,-104.68494415283203
220,136.48381,-83.51618957519531
219,114.796135,-104.20386505126953
218,119.631195,-98.36880493164062
217,120.87968,-96.12032318115234
216,99.12837,-116.87162780761719
215,132.4686,-82.53140258789062
214,122.891426,-91.10857391357422
213,119.73179,-93.2682113647461
212,113.68333,-98.3166732788086
211,120.75196,-90.24803924560547
210,138.20535,-71.79464721679688
209,105.59077,-103.40923309326172
208,121.275475,-86.72452545166016
207,121.61735,-85.38265228271484
206,111.12942,-94.8705825805664
205,120.26418,-84.7358169555664
204,110.10523,-93.89476776123047
203,142.0834,-60.916595458984375
202,104.56827,-97.43173217773438
201,99.753624,-101.24637603759766
200,141.86836,-58.13163757324219
199,123.40921,-75.59078979492188
198,129.95074,-68.04925537109375
197,129.5174,-67.48260498046875
196,122.26405,-73.73594665527344
195,120.30526,-74.69474029541016
194,97.59052,-96.40947723388672
193,99.779434,-93.22056579589844
192,99.04739,-92.95260620117188
191,121.191185,-69.8088150024414
190,121.28224,-68.71775817871094
189,138.25319,-50.74681091308594
188,95.73358,-92.26641845703125
187,135.19002,-51.80998229980469
186,114.31689,-71.68311309814453
185,126.584145,-58.415855407714844
184,111.55659,-72.44341278076172
183,108.24275,-74.75724792480469
182,119.718025,-62.28197479248047
181,128.3832,-52.61680603027344
180,118.639656,-61.36034393310547
179,108.36658,-70.6334228515625
178,118.381935,-59.618064880371094
177,113.854675,-63.14532470703125
176,133.22752,-42.77247619628906
175,119.230125,-55.769874572753906
174,110.986626,-63.01337432861328
173,102.91964,-70.08036041259766
172,97.79267,-74.20732879638672
171,114.94395,-56.056053161621094
170,130.90543,-39.094573974609375
169,111.8849,-57.11509704589844
168,133.52444,-34.475555419921875
167,79.62738,-87.37261962890625
166,112.55423,-53.445770263671875
165,108.794815,-56.20518493652344
164,128.81581,-35.18418884277344
163,120.311874,-42.68812561035156
162,113.97256,-48.027442932128906
161,105.35951,-55.64048767089844
160,106.07758,-53.92241668701172
159,112.14614,-46.853858947753906
158,120.77086,-37.22914123535156
157,94.07412,-62.925880432128906
156,105.036896,-50.963104248046875
155,107.714386,-47.285614013671875
154,106.45896,-47.541038513183594
153,93.79275,-59.207252502441406
152,91.59937,-60.40062713623047
151,126.42394,-24.57605743408203
150,107.734566,-42.26543426513672
149,93.339325,-55.660675048828125
148,116.813484,-31.18651580810547
147,112.90541,-34.09458923339844
146,102.26985,-43.73014831542969
145,108.92518,-36.07482147216797
144,104.220436,-39.779563903808594
143,116.56058,-26.439422607421875
142,103.04197,-38.958030700683594
141,109.076164,-31.92383575439453
140,110.85348,-29.146522521972656
139,123.883705,-15.116294860839844
138,115.15775,-22.842247009277344
137,104.665886,-32.33411407470703
136,104.54224,-31.457763671875
135,106.01226,-28.98773956298828
134,97.03445,-36.965553283691406
133,122.38045,-10.619552612304688
132,104.1249,-27.875099182128906
131,106.167625,-24.832374572753906
130,104.44488,-25.55512237548828
129,103.98969,-25.01030731201172
128,117.69454,-10.305458068847656
127,111.8656,-15.1343994140625
126,96.01409,-29.98590850830078
125,94.42049,-30.579513549804688
124,115.92752,-8.072479248046875
123,107.26516,-15.734840393066406
122,101.1408,-20.85919952392578
121,97.38503,-23.614967346191406
120,98.35867,-21.641326904296875
119,97.73182,-21.26818084716797
118,93.002464,-24.997535705566406
117,104.606445,-12.3935546875
116,99.437065,-16.56293487548828
115,122.325,7.3249969482421875
114,92.35557,-21.644432067871094
113,94.59947,-18.400527954101562
112,102.61445,-9.385551452636719
111,104.1866,-6.8134002685546875
110,113.57069,3.5706863403320312
109,92.11522,-16.884780883789062
108,117.537796,9.537796020507812
107,95.08965,-11.910346984863281
106,92.30772,-13.692283630371094
105,96.763016,-8.236984252929688
104,85.32501,-18.67498779296875
103,86.89422,-16.10578155517578
102,89.48345,-12.516548156738281
101,89.83305,-11.166946411132812
100,91.63689,-8.363113403320312
99,79.68138,-19.318618774414062
98,93.022354,-4.9776458740234375
97,96.25493,-0.7450714111328125
96,86.18623,-9.813766479492188
95,84.97196,-10.028038024902344
94,90.00614,-3.9938583374023438
93,97.26985,4.2698516845703125
92,74.27049,-17.729507446289062
91,102.79243,11.792427062988281
90,91.971436,1.971435546875
89,84.67638,-4.3236236572265625
88,88.42231,0.42230987548828125
87,68.97038,-18.029617309570312
86,104.62329,18.623291015625
85,77.18412,-7.815879821777344
84,78.91963,-5.0803680419921875
83,75.056755,-7.943244934082031
82,86.31825,4.3182525634765625
81,97.25846,16.258460998535156
80,88.33769,8.337692260742188
79,87.09009,8.090087890625
78,84.9079,6.90789794921875
77,65.96494,-11.035057067871094
76,89.53873,13.538726806640625
75,73.6343,-1.3656997680664062
74,82.814865,8.814865112304688
73,77.842674,4.842674255371094
72,76.806595,4.8065948486328125
71,77.59946,6.599456787109375
70,60.888462,-9.11153793334961
69,60.504143,-8.495857238769531
68,69.19429,1.1942901611328125
67,65.18058,-1.8194198608398438
66,77.04728,11.047279357910156
65,74.47309,9.473091125488281
64,60.403553,-3.596446990966797
63,55.575665,-7.424335479736328
62,68.092606,6.0926055908203125
61,67.58759,6.587593078613281
60,73.45284,13.452842712402344
59,60.060795,1.0607948303222656
58,67.14543,9.145431518554688
57,60.251507,3.251506805419922
56,49.622227,-6.377773284912109
55,37.86248,-17.13751983642578
54,69.863235,15.863235473632812
53,56.92322,3.9232215881347656
52,54.27739,2.2773895263671875
51,44.94174,-6.058261871337891
50,45.35934,-4.640659332275391
49,75.24166,26.241661071777344
48,47.054028,-0.9459724426269531
47,44.74007,-2.259929656982422
46,40.99063,-5.009368896484375
45,42.92493,-2.0750694274902344
44,34.725704,-9.274295806884766
43,47.80314,4.803138732910156
42,49.73108,7.7310791015625
41,30.36879,-10.631210327148438
40,54.56815,14.56814956665039
39,21.905876,-17.09412384033203
38,30.240948,-7.759052276611328
37,43.26383,6.263828277587891
36,33.211544,-2.7884559631347656
35,12.1263275,-22.873672485351562
34,24.021908,-9.978092193603516
33,25.805851,-7.194149017333984
32,42.08572,10.08572006225586
31,16.605808,-14.39419174194336
30,19.059109,-10.94089126586914
29,9.633617,-19.366382598876953
28,40.061573,12.061573028564453
27,17.474953,-9.525047302246094
26,20.874065,-5.125934600830078
25,7.427174,-17.57282590866089
24,12.189648,-11.810352325439453
23,6.0841107,-16.915889263153076
22,-2.8902926,-24.890292644500732
21,-1.6611819,-22.661181926727295
20,20.200203,0.20020294189453125
19,-3.2017398,-22.20173978805542
18,-12.736298,-30.736297607421875
17,13.26495,-3.7350502014160156
16,-3.5025897,-19.5025897026062
15,-4.9045024,-19.904502391815186
14,-12.117111,-26.117111206054688
13,-5.4150653,-18.4150652885437
12,-33.074547,-45.074546813964844
11,-26.809368,-37.80936813354492
10,-13.0262985,-23.02629852294922
9,-24.333092,-33.333091735839844
8,-41.91134,-49.911338806152344
7,-28.894566,-35.89456558227539
6,-39.06869,-45.06869125366211
5,-50.855167,-55.855167388916016
4,-33.15318,-37.15317916870117
3,-46.027966,-49.0279655456543
2,-51.134354,-53.13435363769531
1,-55.762634,-56.76263427734375
0,-69.75343,-69.75343322753906
