actual_rul,predicted_rul,residual
257,177.7063,-79.293701171875
256,177.85913,-78.140869140625
255,178.19817,-76.80183410644531
254,177.99355,-76.00645446777344
253,177.86823,-75.13177490234375
252,177.83502,-74.16497802734375
251,178.01486,-72.98513793945312
250,178.10036,-71.89964294433594
249,177.7056,-71.29440307617188
248,177.85675,-70.14324951171875
247,177.50555,-69.49444580078125
246,176.6901,-69.30990600585938
245,177.36862,-67.63137817382812
244,177.25092,-66.74908447265625
243,176.87793,-66.1220703125
242,176.36557,-65.63442993164062
241,176.15099,-64.84901428222656
240,176.26114,-63.738861083984375
239,176.37946,-62.62054443359375
238,176.67297,-61.3270263671875
237,176.2561,-60.743896484375
236,176.27625,-59.7237548828125
235,176.49121,-58.5087890625
234,176.68253,-57.317474365234375
233,176.45331,-56.54669189453125
232,176.76834,-55.231658935546875
231,177.09052,-53.90948486328125
230,177.02135,-52.97865295410156
229,176.97404,-52.02595520019531
228,176.66367,-51.336334228515625
227,175.72136,-51.27864074707031
226,175.37859,-50.62141418457031
225,175.41939,-49.58061218261719
224,175.07492,-48.925079345703125
223,175.08049,-47.91950988769531
222,174.84491,-47.15509033203125
221,174.31299,-46.68701171875
220,174.61133,-45.388671875
219,173.97078,-45.02922058105469
218,172.72589,-45.27410888671875
217,171.6333,-45.36669921875
216,169.89896,-46.101043701171875
215,169.13545,-45.86454772949219
214,169.75339,-44.246612548828125
213,169.86505,-43.13494873046875
212,172.08827,-39.91172790527344
211,172.85579,-38.14421081542969
210,173.0018,-36.998199462890625
209,173.59221,-35.40779113769531
208,173.49722,-34.502777099609375
207,174.5965,-32.40350341796875
206,175.44984,-30.550155639648438
205,175.95134,-29.048660278320312
204,176.16318,-27.836822509765625
203,175.7076,-27.292404174804688
202,176.63687,-25.363128662109375
201,176.47298,-24.527023315429688
200,175.79752,-24.202484130859375
199,176.22592,-22.774078369140625
198,176.10115,-21.898849487304688
197,175.49261,-21.50738525390625
196,174.97095,-21.029052734375
195,174.3002,-20.699798583984375
194,172.62369,-21.376312255859375
193,172.48386,-20.516143798828125
192,172.27435,-19.72564697265625
191,171.30328,-19.69671630859375
190,169.84152,-20.158477783203125
189,170.28122,-18.718780517578125
188,169.11139,-18.88861083984375
187,167.0037,-19.996307373046875
186,165.77267,-20.227325439453125
185,162.51488,-22.485122680664062
184,161.44547,-22.554534912109375
183,161.41103,-21.588973999023438
182,160.39879,-21.601211547851562
181,157.92159,-23.078414916992188
180,157.23537,-22.764633178710938
179,156.75418,-22.245819091796875
178,155.14767,-22.852325439453125
177,154.91975,-22.080245971679688
176,157.62704,-18.372955322265625
175,157.09816,-17.901840209960938
174,158.56543,-15.4345703125
173,160.73984,-12.260162353515625
172,161.28864,-10.71136474609375
171,163.92711,-7.0728912353515625
170,164.93762,-5.0623779296875
169,165.98718,-3.0128173828125
168,163.10532,-4.894683837890625
167,163.17267,-3.82733154296875
166,164.3605,-1.639495849609375
165,162.79561,-2.2043914794921875
164,161.49533,-2.504669189453125
163,162.03094,-0.96905517578125
162,161.74213,-0.25787353515625
161,158.71884,-2.281158447265625
160,155.48717,-4.5128326416015625
159,155.86182,-3.13818359375
158,156.04764,-1.952362060546875
157,154.3302,-2.6697998046875
156,154.74168,-1.2583160400390625
155,152.7539,-2.24609375
154,149.12949,-4.870513916015625
153,141.86115,-11.13885498046875
152,133.74953,-18.250473022460938
151,134.32802,-16.671981811523438
150,135.82013,-14.17987060546875
149,135.9606,-13.039398193359375
148,135.03796,-12.9620361328125
147,135.19012,-11.80987548828125
146,134.74792,-11.2520751953125
145,132.74567,-12.25433349609375
144,127.46888,-16.53112030029297
143,124.480385,-18.519615173339844
142,122.86054,-19.13945770263672
141,121.127556,-19.87244415283203
140,115.44793,-24.55207061767578
139,113.1842,-25.81580352783203
138,117.93346,-20.066543579101562
137,123.303055,-13.696945190429688
136,130.71092,-5.2890777587890625
135,130.92026,-4.079742431640625
134,125.409035,-8.590965270996094
133,122.102196,-10.897804260253906
132,122.56261,-9.437393188476562
131,125.11445,-5.885551452636719
130,120.42695,-9.573051452636719
129,119.6419,-9.358100891113281
128,120.4511,-7.548896789550781
127,118.0771,-8.922897338867188
126,120.83317,-5.166831970214844
125,120.31419,-4.6858062744140625
124,117.54128,-6.458717346191406
123,118.29654,-4.703460693359375
122,120.59965,-1.4003524780273438
121,129.63823,8.638229370117188
120,132.8294,12.82940673828125
119,132.61124,13.611236572265625
118,126.76775,8.767753601074219
117,130.33176,13.331756591796875
116,124.81628,8.816276550292969
115,118.92736,3.9273605346679688
114,111.55891,-2.4410934448242188
113,114.320206,1.3202056884765625
112,109.611855,-2.3881454467773438
111,109.01527,-1.9847335815429688
110,108.64033,-1.3596725463867188
109,109.00482,0.00482177734375
108,110.31576,2.3157577514648438
107,111.94434,4.944343566894531
106,119.6023,13.602302551269531
105,120.80854,15.808540344238281
104,117.23238,13.232383728027344
103,119.47374,16.473739624023438
102,121.701355,19.70135498046875
101,118.538445,17.53844451904297
100,103.28292,3.2829208374023438
99,98.065285,-0.9347152709960938
98,97.14162,-0.8583831787109375
97,96.51943,-0.48056793212890625
96,97.63743,1.6374282836914062
95,100.926,5.926002502441406
94,94.32471,0.32470703125
93,87.47152,-5.528480529785156
92,85.57751,-6.422492980957031
91,85.92988,-5.070121765136719
90,88.0788,-1.92120361328125
89,85.13544,-3.86456298828125
88,78.65675,-9.343246459960938
87,77.727516,-9.272483825683594
86,76.06614,-9.933860778808594
85,74.973045,-10.026954650878906
84,66.21642,-17.78357696533203
83,63.85817,-19.141830444335938
82,60.24877,-21.75122833251953
81,65.33579,-15.664207458496094
80,69.29838,-10.701622009277344
79,66.7075,-12.292503356933594
78,69.546715,-8.453285217285156
77,68.47334,-8.526657104492188
76,73.70934,-2.2906570434570312
75,71.09258,-3.9074172973632812
74,70.52175,-3.4782485961914062
73,75.03852,2.0385208129882812
72,76.836494,4.836494445800781
71,72.41122,1.4112167358398438
70,64.11101,-5.8889923095703125
69,60.310867,-8.689132690429688
68,56.409637,-11.590362548828125
67,57.600727,-9.399272918701172
66,59.66475,-6.3352508544921875
65,57.722904,-7.277095794677734
64,51.954926,-12.045074462890625
63,43.060226,-19.939773559570312
62,40.034615,-21.96538543701172
61,38.764084,-22.235916137695312
60,39.405815,-20.59418487548828
59,40.017433,-18.982566833496094
58,40.39604,-17.603958129882812
57,40.027977,-16.972023010253906
56,43.920097,-12.079902648925781
55,43.67871,-11.3212890625
54,41.94442,-12.055580139160156
53,44.756454,-8.243545532226562
52,44.004303,-7.995697021484375
51,44.63768,-6.3623199462890625
50,41.75437,-8.245628356933594
49,37.401634,-11.598365783691406
48,35.679916,-12.320083618164062
47,38.046696,-8.953304290771484
46,35.2317,-10.768299102783203
45,35.8608,-9.139198303222656
44,37.40885,-6.591148376464844
43,38.086735,-4.913265228271484
42,34.846455,-7.153545379638672
41,36.22448,-4.775520324707031
40,33.181053,-6.818946838378906
39,30.905598,-8.094402313232422
38,29.049988,-8.95001220703125
37,27.794807,-9.205192565917969
36,27.45971,-8.540290832519531
35,25.895023,-9.104976654052734
34,26.559563,-7.440437316894531
33,24.534765,-8.465234756469727
32,24.078041,-7.921958923339844
31,23.759516,-7.240484237670898
30,23.148808,-6.851192474365234
29,22.143345,-6.856655120849609
28,20.038506,-7.961494445800781
27,18.913073,-8.08692741394043
26,18.176113,-7.823886871337891
25,19.666784,-5.333215713500977
24,21.58297,-2.4170303344726562
23,20.446682,-2.5533180236816406
22,20.310942,-1.6890583038330078
21,21.45182,0.45182037353515625
20,21.416851,1.4168510437011719
19,21.406904,2.4069042205810547
18,18.878548,0.8785476684570312
17,17.457952,0.45795249938964844
16,12.427326,-3.572673797607422
15,11.51712,-3.482879638671875
14,10.935313,-3.0646867752075195
13,8.655071,-4.344928741455078
12,9.149557,-2.850442886352539
11,7.846015,-3.153985023498535
10,7.7999363,-2.200063705444336
9,6.6851616,-2.314838409423828
8,5.2396107,-2.7603893280029297
7,5.4376874,-1.5623126029968262
6,4.4043813,-1.595618724822998
5,3.860462,-1.139538049697876
4,2.9666166,-1.0333833694458008
3,2.172577,-0.827423095703125
2,1.5248568,-0.4751431941986084
1,1.3900355,0.3900355100631714
0,0.7721422,0.7721421718597412
239,172.34271,-66.65728759765625
238,172.84152,-65.15847778320312
237,172.56427,-64.43572998046875
236,171.10698,-64.89302062988281
235,170.69614,-64.30386352539062
234,170.8191,-63.18089294433594
233,171.00671,-61.9932861328125
232,170.83286,-61.167144775390625
231,169.95703,-61.04296875
230,170.52391,-59.47608947753906
229,168.73161,-60.26838684082031
228,166.2126,-61.78739929199219
227,164.27885,-62.72114562988281
226,163.79921,-62.20079040527344
225,163.56935,-61.43064880371094
224,165.08844,-58.91156005859375
223,163.16919,-59.830810546875
222,164.32724,-57.672760009765625
221,165.9801,-55.0198974609375
220,165.93025,-54.06974792480469
219,165.40585,-53.594146728515625
218,165.6669,-52.333099365234375
217,164.68051,-52.319488525390625
216,164.65184,-51.34815979003906
215,164.01254,-50.987457275390625
214,165.50772,-48.492279052734375
213,167.84692,-45.153076171875
212,169.46735,-42.53265380859375
211,169.02069,-41.97930908203125
210,169.50198,-40.498016357421875
209,169.54207,-39.45793151855469
208,168.97855,-39.021453857421875
207,167.80823,-39.1917724609375
206,166.14923,-39.85076904296875
205,164.93123,-40.06877136230469
204,165.81638,-38.183624267578125
203,165.45619,-37.54380798339844
202,165.49466,-36.505340576171875
201,165.24127,-35.75872802734375
200,166.21292,-33.787078857421875
199,167.89206,-31.107940673828125
198,167.07967,-30.920333862304688
197,166.99484,-30.005157470703125
196,165.8141,-30.185897827148438
195,164.95825,-30.041748046875
194,161.87993,-32.12007141113281
193,156.71568,-36.28431701660156
192,152.05258,-39.947418212890625
191,146.49994,-44.50006103515625
190,143.00269,-46.997314453125
189,143.23589,-45.76411437988281
188,144.22798,-43.77201843261719
187,143.30203,-43.697967529296875
186,143.44514,-42.55485534667969
185,141.28447,-43.71553039550781
184,136.56906,-47.430938720703125
183,130.54475,-52.45524597167969
182,129.23204,-52.76795959472656
181,128.79453,-52.205474853515625
180,128.5573,-51.44270324707031
179,133.65909,-45.340911865234375
178,138.14603,-39.853973388671875
177,145.29823,-31.701766967773438
176,149.45361,-26.54638671875
175,149.68816,-25.311843872070312
174,151.1438,-22.856201171875
173,149.16998,-23.83001708984375
172,151.49374,-20.506256103515625
171,154.63795,-16.362045288085938
170,156.28809,-13.7119140625
169,161.8319,-7.1681060791015625
168,158.46634,-9.533660888671875
167,159.27565,-7.7243499755859375
166,156.88135,-9.11865234375
165,151.4036,-13.596405029296875
164,146.79663,-17.203369140625
163,141.28578,-21.714218139648438
162,134.752,-27.248001098632812
161,131.8931,-29.106903076171875
160,131.33484,-28.6651611328125
159,134.7586,-24.24139404296875
158,137.022,-20.977996826171875
157,139.88812,-17.11187744140625
156,142.27689,-13.723114013671875
155,135.87613,-19.123870849609375
154,138.83746,-15.16253662109375
153,145.7995,-7.20050048828125
152,148.38614,-3.613861083984375
151,149.55138,-1.4486236572265625
150,148.01004,-1.989959716796875
149,144.26108,-4.738922119140625
148,133.2458,-14.754196166992188
147,129.53542,-17.464584350585938
146,127.83868,-18.16132354736328
145,122.036674,-22.96332550048828
144,122.78443,-21.21556854248047
143,125.75093,-17.249069213867188
142,128.58766,-13.412338256835938
141,124.05248,-16.94751739501953
140,117.84559,-22.15441131591797
139,111.73689,-27.263107299804688
138,103.81873,-34.18126678466797
137,101.27562,-35.72438049316406
136,99.24821,-36.751792907714844
135,101.80064,-33.199363708496094
134,108.110985,-25.889015197753906
133,117.8577,-15.142303466796875
132,120.94267,-11.057327270507812
131,124.53823,-6.461769104003906
130,128.11171,-1.8882904052734375
129,124.49635,-4.5036468505859375
128,114.701866,-13.298133850097656
127,108.50107,-18.498931884765625
126,110.699905,-15.300094604492188
125,116.65515,-8.3448486328125
124,119.911766,-4.088233947753906
123,122.11742,-0.8825836181640625
122,122.31511,0.3151092529296875
121,129.20502,8.20501708984375
120,132.8626,12.862594604492188
119,129.15863,10.15863037109375
118,122.42735,4.4273529052734375
117,121.160484,4.160484313964844
116,118.8719,2.8719024658203125
115,110.04454,-4.9554595947265625
114,112.595116,-1.4048843383789062
113,107.92878,-5.071220397949219
112,104.171455,-7.828544616699219
111,94.22199,-16.77800750732422
110,92.75052,-17.249481201171875
109,81.77097,-27.229026794433594
108,79.157234,-28.84276580810547
107,81.31883,-25.681167602539062
106,75.68218,-30.31781768798828
105,78.76068,-26.23931884765625
104,76.060875,-27.939125061035156
103,79.30098,-23.699020385742188
102,79.59406,-22.40593719482422
101,83.74053,-17.25946807861328
100,78.3596,-21.640403747558594
99,75.37709,-23.622909545898438
98,70.67477,-27.325233459472656
97,69.60654,-27.393463134765625
96,74.39147,-21.60852813720703
95,79.413475,-15.586524963378906
94,77.32395,-16.676048278808594
93,71.3877,-21.61229705810547
92,79.91636,-12.083641052246094
91,88.74549,-2.2545089721679688
90,92.56457,2.5645675659179688
89,94.16537,5.165367126464844
88,97.80779,9.807792663574219
87,99.96395,12.963951110839844
86,91.87612,5.876121520996094
85,91.07306,6.07305908203125
84,86.412224,2.4122238159179688
83,86.33969,3.339691162109375
82,87.13855,5.1385498046875
81,84.92727,3.9272689819335938
80,81.84554,1.8455429077148438
79,74.588974,-4.4110260009765625
78,73.444115,-4.555885314941406
77,77.462975,0.46297454833984375
76,65.90518,-10.094818115234375
75,59.387947,-15.612052917480469
74,52.444798,-21.55520248413086
73,46.77137,-26.22863006591797
72,48.029175,-23.9708251953125
71,47.636803,-23.363197326660156
70,43.404503,-26.595497131347656
69,45.73045,-23.269550323486328
68,45.92386,-22.076141357421875
67,45.609,-21.39099884033203
66,45.519894,-20.480106353759766
65,45.318306,-19.68169403076172
64,43.81093,-20.189071655273438
63,42.625595,-20.374404907226562
62,42.351376,-19.648624420166016
61,41.727623,-19.272377014160156
60,43.257675,-16.742324829101562
59,44.109676,-14.890323638916016
58,43.358974,-14.64102554321289
57,40.386044,-16.613956451416016
56,37.900093,-18.09990692138672
55,37.6224,-17.377601623535156
54,35.651676,-18.348323822021484
53,36.61742,-16.382579803466797
52,34.355415,-17.64458465576172
51,33.569992,-17.430007934570312
50,32.421444,-17.578556060791016
49,31.430374,-17.569625854492188
48,31.850895,-16.149105072021484
47,31.472725,-15.527275085449219
46,29.078394,-16.921606063842773
45,32.355186,-12.644813537597656
44,31.327038,-12.672962188720703
43,33.747482,-9.252517700195312
42,34.85486,-7.1451416015625
41,35.526726,-5.473274230957031
40,34.540974,-5.459026336669922
39,33.368366,-5.631633758544922
38,33.022778,-4.977222442626953
37,30.160812,-6.8391876220703125
36,28.22287,-7.777130126953125
35,27.827616,-7.172384262084961
34,27.46634,-6.533660888671875
33,26.381973,-6.6180267333984375
32,26.156101,-5.843898773193359
31,26.06469,-4.935310363769531
30,27.024384,-2.975616455078125
29,27.200409,-1.799591064453125
28,26.13356,-1.8664398193359375
27,22.260752,-4.739248275756836
26,20.856411,-5.143589019775391
25,19.786991,-5.213008880615234
24,17.435944,-6.564056396484375
23,14.573013,-8.426986694335938
22,12.63653,-9.363470077514648
21,12.997562,-8.002437591552734
20,10.98453,-9.015469551086426
19,11.781244,-7.218755722045898
18,11.816303,-6.183696746826172
17,12.98207,-4.017930030822754
16,11.685549,-4.314451217651367
15,10.471373,-4.528627395629883
14,9.518811,-4.481188774108887
13,8.473549,-4.526451110839844
12,7.800375,-4.199625015258789
11,7.542245,-3.4577550888061523
10,4.7751217,-5.224878311157227
9,6.044379,-2.955620765686035
8,6.29239,-1.7076101303100586
7,6.177573,-0.8224267959594727
6,4.8759365,-1.124063491821289
5,3.0502627,-1.949737310409546
4,2.4188068,-1.581193208694458
3,2.0015874,-0.9984126091003418
2,1.3000239,-0.6999760866165161
1,1.5997587,0.5997587442398071
0,0.7868928,0.7868927717208862
120,147.71213,27.712127685546875
119,146.58481,27.584808349609375
118,145.68213,27.68212890625
117,143.42618,26.426177978515625
116,134.61087,18.610870361328125
115,131.58011,16.580108642578125
114,116.03745,2.0374526977539062
113,122.6795,9.679496765136719
112,120.079544,8.079544067382812
111,116.53597,5.535972595214844
110,119.59734,9.597343444824219
109,112.6168,3.6167984008789062
108,111.40512,3.405120849609375
107,120.925644,13.925643920898438
106,116.700554,10.700553894042969
105,110.244225,5.244224548339844
104,124.88163,20.881629943847656
103,122.55619,19.556190490722656
102,114.68349,12.683486938476562
101,116.16125,15.161247253417969
100,112.8808,12.88079833984375
99,105.02981,6.029808044433594
98,98.27508,0.27507781982421875
97,92.65562,-4.344383239746094
96,96.34615,0.34615325927734375
95,95.059166,0.05916595458984375
94,114.44709,20.44709014892578
93,108.64779,15.647789001464844
92,114.329506,22.329505920410156
91,112.770935,21.77093505859375
90,115.93389,25.93389129638672
89,124.2134,35.213401794433594
88,120.83326,32.83325958251953
87,117.71842,30.718421936035156
86,109.62183,23.62183380126953
85,99.97498,14.974983215332031
84,95.35197,11.351966857910156
83,91.4132,8.413200378417969
82,94.533775,12.533775329589844
81,96.78753,15.787528991699219
80,96.31007,16.31006622314453
79,90.25271,11.252708435058594
78,92.69599,14.695991516113281
77,99.080986,22.08098602294922
76,98.39178,22.39177703857422
75,114.096466,39.096466064453125
74,121.19941,47.19940948486328
73,116.61932,43.61932373046875
72,110.10757,38.107566833496094
71,104.32553,33.325531005859375
70,94.195404,24.195404052734375
69,85.133,16.13300323486328
68,79.426445,11.426445007324219
67,78.79581,11.795806884765625
66,79.74278,13.742782592773438
65,74.86805,9.868049621582031
64,73.152596,9.152595520019531
63,65.68126,2.6812591552734375
62,56.821236,-5.178764343261719
61,60.38001,-0.6199913024902344
60,55.65177,-4.348228454589844
59,60.97278,1.9727783203125
58,61.206642,3.2066421508789062
57,66.33556,9.335563659667969
56,65.89343,9.8934326171875
55,65.81916,10.819160461425781
54,67.11828,13.118278503417969
53,69.130714,16.130714416503906
52,73.37115,21.37114715576172
51,71.26974,20.269737243652344
50,67.02153,17.021530151367188
49,66.71778,17.71778106689453
48,66.55904,18.559036254882812
47,67.595955,20.59595489501953
46,68.16276,22.162757873535156
45,69.64304,24.643043518066406
44,68.15071,24.150711059570312
43,66.3214,23.32140350341797
42,65.608795,23.608795166015625
41,63.054504,22.05450439453125
40,59.281708,19.281707763671875
39,55.927708,16.92770767211914
38,53.04019,15.040191650390625
37,51.81481,14.814811706542969
36,53.291504,17.29150390625
35,54.08095,19.080951690673828
34,52.19995,18.199951171875
33,50.010162,17.010162353515625
32,48.891476,16.891475677490234
31,48.09331,17.093311309814453
30,43.450195,13.4501953125
29,41.636784,12.636783599853516
28,37.11591,9.115909576416016
27,33.82696,6.826961517333984
26,27.97028,1.9702796936035156
25,23.002869,-1.99713134765625
24,19.050291,-4.949708938598633
23,17.604832,-5.395168304443359
22,16.954786,-5.04521369934082
21,15.608313,-5.391687393188477
20,15.44021,-4.559789657592773
19,15.047054,-3.9529457092285156
18,17.340519,-0.6594810485839844
17,17.898577,0.8985767364501953
16,18.250134,2.250133514404297
15,18.006807,3.006807327270508
14,16.637936,2.6379356384277344
13,13.8736925,0.873692512512207
12,12.677894,0.6778936386108398
11,12.350248,1.3502483367919922
10,12.9843235,2.984323501586914
9,13.016085,4.016084671020508
8,11.693523,3.693523406982422
7,9.398445,2.3984451293945312
6,8.166329,2.1663293838500977
5,7.361932,2.361931800842285
4,6.023944,2.0239439010620117
3,5.537179,2.5371789932250977
2,5.722328,3.7223281860351562
1,3.6390758,2.639075756072998
0,2.1145222,2.1145222187042236
210,153.65787,-56.342132568359375
209,156.23141,-52.768585205078125
208,157.46686,-50.53314208984375
207,159.32867,-47.67132568359375
206,160.81865,-45.18135070800781
205,163.19644,-41.803558349609375
204,163.52151,-40.478485107421875
203,164.75034,-38.249664306640625
202,165.34814,-36.65185546875
201,166.37302,-34.626983642578125
200,165.87717,-34.122833251953125
199,166.03568,-32.964324951171875
198,164.091,-33.90899658203125
197,163.77982,-33.220184326171875
196,164.84113,-31.15887451171875
195,167.11777,-27.882232666015625
194,168.46541,-25.534591674804688
193,167.57205,-25.427947998046875
192,167.72778,-24.272216796875
191,169.32143,-21.678573608398438
190,169.42316,-20.57684326171875
189,169.52155,-19.47845458984375
188,166.53046,-21.46954345703125
187,165.06584,-21.934158325195312
186,163.85403,-22.145965576171875
185,162.89911,-22.10089111328125
184,159.88373,-24.11627197265625
183,158.88011,-24.119888305664062
182,158.62894,-23.371063232421875
181,156.33905,-24.66094970703125
180,153.09239,-26.907608032226562
179,149.86763,-29.132369995117188
178,150.43266,-27.567337036132812
177,152.6243,-24.375701904296875
176,154.61226,-21.387741088867188
175,153.85796,-21.142044067382812
174,152.46307,-21.53692626953125
173,152.9385,-20.061492919921875
172,151.92763,-20.072372436523438
171,149.33624,-21.66375732421875
170,145.39578,-24.604217529296875
169,142.00253,-26.997467041015625
168,134.99426,-33.0057373046875
167,132.92004,-34.0799560546875
166,132.27136,-33.7286376953125
165,136.67377,-28.32623291015625
164,137.92911,-26.070892333984375
163,138.96082,-24.0391845703125
162,142.5481,-19.451904296875
161,144.51814,-16.481857299804688
160,146.93405,-13.065948486328125
159,151.43219,-7.56781005859375
158,154.34444,-3.6555633544921875
157,155.46008,-1.5399169921875
156,153.43925,-2.5607452392578125
155,148.11075,-6.889251708984375
154,138.81769,-15.18231201171875
153,133.81374,-19.186264038085938
152,125.17187,-26.82813262939453
151,119.10003,-31.89997100830078
150,118.18571,-31.814292907714844
149,119.47697,-29.523033142089844
148,125.971146,-22.028854370117188
147,129.91115,-17.088851928710938
146,134.6826,-11.317398071289062
145,135.92252,-9.077484130859375
144,141.64182,-2.358184814453125
143,146.82727,3.8272705078125
142,147.84256,5.842559814453125
141,147.27559,6.2755889892578125
140,148.31728,8.317276000976562
139,149.37396,10.37396240234375
138,145.70683,7.7068328857421875
137,145.402,8.401992797851562
136,139.8023,3.80230712890625
135,138.02925,3.0292510986328125
134,136.9335,2.933502197265625
133,149.21738,16.217376708984375
132,156.74756,24.74755859375
131,160.44412,29.444122314453125
130,166.33102,36.331024169921875
129,171.82436,42.82435607910156
128,173.27026,45.270263671875
127,174.2511,47.2510986328125
126,172.27003,46.27003479003906
125,173.31122,48.31121826171875
124,170.12166,46.12165832519531
123,170.81332,47.813323974609375
122,163.61256,41.61256408691406
121,154.90497,33.90496826171875
120,150.9728,30.972793579101562
119,141.26334,22.263336181640625
118,126.61431,8.614311218261719
117,101.12856,-15.871437072753906
116,98.874344,-17.125656127929688
115,99.1173,-15.882698059082031
114,104.04494,-9.955062866210938
113,110.53828,-2.4617233276367188
112,110.548836,-1.4511642456054688
111,106.575035,-4.424964904785156
110,103.82194,-6.178062438964844
109,109.096535,0.09653472900390625
108,109.73591,1.7359085083007812
107,108.931786,1.9317855834960938
106,106.810486,0.81048583984375
105,100.32372,-4.676277160644531
104,100.58549,-3.4145126342773438
103,100.65104,-2.3489608764648438
102,98.26812,-3.7318801879882812
101,99.05773,-1.9422683715820312
100,102.660194,2.6601943969726562
99,106.00708,7.007080078125
98,110.51009,12.510093688964844
97,120.6919,23.69190216064453
96,119.97869,23.97869110107422
95,118.87198,23.871978759765625
94,112.8571,18.857101440429688
93,100.23655,7.236549377441406
92,91.0337,-0.9663009643554688
91,81.86317,-9.136833190917969
90,83.131966,-6.868034362792969
89,83.34464,-5.655357360839844
88,79.687294,-8.312705993652344
87,73.354095,-13.645904541015625
86,74.346565,-11.653434753417969
85,75.548584,-9.451416015625
84,78.939384,-5.060615539550781
83,83.253426,0.25342559814453125
82,79.681564,-2.3184356689453125
81,77.69536,-3.3046417236328125
80,76.23275,-3.7672500610351562
79,80.17715,1.1771469116210938
78,82.0029,4.002899169921875
77,88.0568,11.056800842285156
76,86.97799,10.977989196777344
75,82.28396,7.283958435058594
74,85.229485,11.229484558105469
73,79.55023,6.55023193359375
72,74.21907,2.2190704345703125
71,70.46919,-0.5308074951171875
70,71.58072,1.580718994140625
69,66.61405,-2.3859481811523438
68,75.99531,7.995307922363281
67,79.391304,12.391304016113281
66,79.97638,13.97637939453125
65,69.44607,4.446067810058594
64,77.517876,13.517875671386719
63,77.51478,14.514778137207031
62,72.21334,10.213340759277344
61,61.81471,0.8147087097167969
60,59.823063,-0.17693710327148438
59,56.287888,-2.7121124267578125
58,52.882217,-5.1177825927734375
57,48.972725,-8.027275085449219
56,47.18937,-8.810630798339844
55,44.553337,-10.446662902832031
54,42.522255,-11.477745056152344
53,46.2863,-6.7136993408203125
52,43.3881,-8.611900329589844
51,42.509567,-8.490432739257812
50,40.22223,-9.77777099609375
49,42.325596,-6.674404144287109
48,43.32852,-4.671478271484375
47,45.933445,-1.0665550231933594
46,46.94581,0.9458084106445312
45,40.543762,-4.45623779296875
44,35.92205,-8.077949523925781
43,33.084587,-9.915412902832031
42,29.965054,-12.03494644165039
41,27.994366,-13.005634307861328
40,27.971588,-12.028411865234375
39,29.414822,-9.58517837524414
38,31.153622,-6.846378326416016
37,32.094,-4.905998229980469
36,30.575302,-5.4246978759765625
35,29.141155,-5.858844757080078
34,28.679863,-5.320137023925781
33,28.521698,-4.478302001953125
32,28.749641,-3.2503585815429688
31,29.18127,-1.8187294006347656
30,27.580822,-2.419178009033203
29,27.673487,-1.3265132904052734
28,28.45536,0.45536041259765625
27,25.864601,-1.1353988647460938
26,21.479053,-4.520946502685547
25,20.209202,-4.790798187255859
24,18.543995,-5.456005096435547
23,18.555693,-4.444307327270508
22,18.245958,-3.7540416717529297
21,15.754786,-5.245214462280273
20,15.308371,-4.691629409790039
19,15.568218,-3.431781768798828
18,15.704592,-2.295408248901367
17,16.198284,-0.8017158508300781
16,17.278652,1.2786521911621094
15,15.890568,0.8905677795410156
14,13.877016,-0.12298393249511719
13,14.0991535,1.0991535186767578
12,12.394368,0.39436817169189453
11,12.122072,1.1220722198486328
10,10.217224,0.21722412109375
9,10.347244,1.3472442626953125
8,9.171061,1.171060562133789
7,10.246399,3.24639892578125
6,9.60013,3.600130081176758
5,8.442509,3.4425086975097656
4,6.00121,2.0012102127075195
3,4.6679153,1.6679153442382812
2,3.237332,1.2373321056365967
1,2.5486524,1.5486524105072021
0,1.9685352,1.9685351848602295
133,137.01828,4.018280029296875
132,141.61078,9.61077880859375
131,142.82289,11.822891235351562
130,135.6403,5.6403045654296875
129,131.55048,2.55047607421875
128,139.87003,11.870025634765625
127,137.46262,10.462615966796875
126,143.84131,17.84130859375
125,146.15915,21.159149169921875
124,142.05597,18.05596923828125
123,138.64882,15.648818969726562
122,143.87184,21.871841430664062
121,142.96101,21.961013793945312
120,129.82112,9.821121215820312
119,127.69197,8.691970825195312
118,130.62915,12.629150390625
117,131.62436,14.624359130859375
116,135.71057,19.7105712890625
115,142.34464,27.344635009765625
114,133.87448,19.874481201171875
113,111.496605,-1.5033950805664062
112,108.54769,-3.4523086547851562
111,106.94753,-4.052467346191406
110,113.11721,3.1172103881835938
109,118.69747,9.697471618652344
108,128.39746,20.3974609375
107,137.2681,30.268096923828125
106,135.19533,29.195327758789062
105,131.66571,26.66571044921875
104,123.66837,19.668373107910156
103,117.46862,14.468620300292969
102,119.46254,17.462539672851562
101,120.56011,19.56011199951172
100,121.192726,21.192726135253906
99,127.14413,28.144126892089844
98,125.22354,27.223541259765625
97,122.76687,25.766868591308594
96,119.45475,23.454750061035156
95,112.79093,17.790931701660156
94,119.09308,25.09307861328125
93,114.34269,21.342689514160156
92,112.737045,20.737045288085938
91,105.685524,14.685523986816406
90,95.817894,5.817893981933594
89,100.046394,11.046394348144531
88,98.50353,10.503532409667969
87,95.67608,8.676078796386719
86,106.32981,20.329811096191406
85,97.631546,12.631546020507812
84,87.99937,3.9993667602539062
83,79.413155,-3.5868453979492188
82,81.67423,-0.32576751708984375
81,77.6829,-3.3171005249023438
80,85.85694,5.856941223144531
79,89.09846,10.098457336425781
78,88.38491,10.384910583496094
77,101.327965,24.327964782714844
76,101.12958,25.12957763671875
75,94.35452,19.354522705078125
74,90.88461,16.884613037109375
73,93.19334,20.193336486816406
72,91.71285,19.712852478027344
71,90.9454,19.945396423339844
70,97.57298,27.572982788085938
69,95.46427,26.464271545410156
68,86.853645,18.85364532470703
67,84.963936,17.96393585205078
66,83.46814,17.4681396484375
65,85.15308,20.15308380126953
64,85.82145,21.821449279785156
63,90.148506,27.14850616455078
62,82.993614,20.993614196777344
61,78.9672,17.967201232910156
60,74.33762,14.337623596191406
59,73.70243,14.702430725097656
58,67.84822,9.848220825195312
57,58.68689,1.6868896484375
56,56.869324,0.86932373046875
55,50.829567,-4.170433044433594
54,47.052948,-6.947052001953125
53,45.322563,-7.677436828613281
52,43.317917,-8.682083129882812
51,39.92451,-11.075489044189453
50,38.94018,-11.059818267822266
49,38.10396,-10.896041870117188
48,38.21417,-9.785831451416016
47,41.568596,-5.431404113769531
46,37.056053,-8.943946838378906
45,38.48192,-6.5180816650390625
44,40.09744,-3.9025611877441406
43,42.986065,-0.013935089111328125
42,47.32995,5.329948425292969
41,50.64573,9.645729064941406
40,49.788544,9.788543701171875
39,49.383934,10.383934020996094
38,46.064743,8.064743041992188
37,45.71035,8.710350036621094
36,43.844757,7.844757080078125
35,41.38894,6.388938903808594
34,44.300556,10.300556182861328
33,46.162502,13.16250228881836
32,43.845848,11.845848083496094
31,44.86439,13.864391326904297
30,42.019962,12.019962310791016
29,38.84671,9.846710205078125
28,34.94561,6.945610046386719
27,28.924679,1.9246788024902344
26,29.11024,3.110240936279297
25,27.36694,2.3669395446777344
24,25.285975,1.2859745025634766
23,23.596287,0.5962867736816406
22,22.048973,0.04897308349609375
21,19.755806,-1.2441940307617188
20,18.042105,-1.957895278930664
19,15.598347,-3.401653289794922
18,16.323933,-1.6760673522949219
17,15.530738,-1.4692621231079102
16,14.710994,-1.289006233215332
15,14.354373,-0.6456270217895508
14,12.797158,-1.2028417587280273
13,14.384915,1.3849153518676758
12,13.438292,1.4382915496826172
11,13.116564,2.1165637969970703
10,11.171238,1.1712379455566406
9,10.2741165,1.2741165161132812
8,9.843318,1.843317985534668
7,9.125909,2.125908851623535
6,8.023471,2.023470878601074
5,7.310663,2.3106632232666016
4,4.904832,0.9048318862915039
3,4.4299054,1.4299054145812988
2,3.2437983,1.2437982559204102
1,2.1376696,1.137669563293457
0,1.1561724,1.1561723947525024
204,164.12708,-39.8729248046875
203,162.63385,-40.36614990234375
202,159.999,-42.001007080078125
201,156.91821,-44.081787109375
200,157.38217,-42.617828369140625
199,155.1863,-43.81370544433594
198,155.8574,-42.14259338378906
197,156.96486,-40.03514099121094
196,159.67287,-36.32713317871094
195,162.67374,-32.326263427734375
194,164.49449,-29.505508422851562
193,166.12189,-26.87811279296875
192,167.59955,-24.40045166015625
191,169.53642,-21.463577270507812
190,170.40512,-19.594879150390625
189,171.38202,-17.61798095703125
188,172.68774,-15.312255859375
187,172.83733,-14.162673950195312
186,173.1192,-12.88079833984375
185,173.40741,-11.59259033203125
184,173.69635,-10.30364990234375
183,172.08307,-10.91693115234375
182,172.99588,-9.004119873046875
181,171.21878,-9.781219482421875
180,171.36322,-8.63677978515625
179,170.75543,-8.24456787109375
178,169.84448,-8.155517578125
177,172.18295,-4.817047119140625
176,172.01398,-3.98602294921875
175,170.35565,-4.64434814453125
174,167.95853,-6.041473388671875
173,166.92813,-6.071868896484375
172,165.57326,-6.4267425537109375
171,162.20071,-8.799285888671875
170,160.54572,-9.45428466796875
169,157.58005,-11.419952392578125
168,154.53189,-13.468109130859375
167,151.28078,-15.719223022460938
166,148.64491,-17.355087280273438
165,148.7088,-16.29119873046875
164,152.61282,-11.387176513671875
163,155.99797,-7.0020294189453125
162,157.57349,-4.426513671875
161,159.14474,-1.855255126953125
160,159.00388,-0.996124267578125
159,156.08862,-2.911376953125
158,152.79768,-5.2023162841796875
157,148.65663,-8.343368530273438
156,142.2908,-13.709197998046875
155,140.4456,-14.554397583007812
154,137.8089,-16.19110107421875
153,134.75333,-18.246673583984375
152,131.99861,-20.001388549804688
151,127.86187,-23.13813018798828
150,125.33243,-24.667572021484375
149,127.58165,-21.418350219726562
148,132.82187,-15.178131103515625
147,139.54938,-7.45062255859375
146,140.89049,-5.1095123291015625
145,144.74155,-0.258453369140625
144,146.66415,2.664154052734375
143,149.87985,6.879852294921875
142,149.72725,7.7272491455078125
141,140.82758,-0.17242431640625
140,137.7302,-2.269805908203125
139,133.82738,-5.1726226806640625
138,129.3422,-8.657806396484375
137,129.37038,-7.6296234130859375
136,131.39722,-4.602783203125
135,137.02502,2.0250244140625
134,143.04124,9.041244506835938
133,147.98483,14.984832763671875
132,149.86334,17.86334228515625
131,153.34097,22.340972900390625
130,157.71274,27.712738037109375
129,152.85327,23.853271484375
128,151.37567,23.37567138671875
127,152.66632,25.66632080078125
126,153.42941,27.429412841796875
125,158.70462,33.704620361328125
124,157.45053,33.450531005859375
123,149.59036,26.590362548828125
122,145.72214,23.722137451171875
121,140.8231,19.823104858398438
120,146.02335,26.023345947265625
119,151.1163,32.116302490234375
118,148.31989,30.31988525390625
117,145.42334,28.42333984375
116,142.4931,26.49310302734375
115,144.86017,29.86016845703125
114,149.08295,35.08294677734375
113,146.50043,33.50042724609375
112,134.52283,22.5228271484375
111,139.76369,28.763687133789062
110,136.77992,26.779922485351562
109,138.52657,29.526565551757812
108,132.82599,24.82598876953125
107,127.160965,20.160964965820312
106,122.80831,16.808311462402344
105,119.754135,14.754135131835938
104,114.34895,10.348953247070312
103,111.9178,8.917800903320312
102,109.17094,7.170936584472656
101,109.269356,8.269355773925781
100,108.32154,8.321540832519531
99,107.01613,8.016128540039062
98,104.27401,6.274009704589844
97,101.28043,4.280433654785156
96,99.695656,3.6956558227539062
95,96.338936,1.3389358520507812
94,93.44692,-0.5530776977539062
93,86.004654,-6.9953460693359375
92,91.551704,-0.44829559326171875
91,99.7981,8.798103332519531
90,107.67027,17.670272827148438
89,102.97872,13.978721618652344
88,103.43663,15.436630249023438
87,99.08082,12.080818176269531
86,93.54019,7.540191650390625
85,91.09373,6.093727111816406
84,92.65958,8.659576416015625
83,100.33918,17.33917999267578
82,98.02088,16.02088165283203
81,98.938736,17.938735961914062
80,96.05315,16.053146362304688
79,91.72433,12.724327087402344
78,91.90649,13.906486511230469
77,83.64511,6.645111083984375
76,81.1655,5.165496826171875
75,80.51602,5.516021728515625
74,79.35513,5.355133056640625
73,75.514046,2.5140457153320312
72,77.65673,5.656730651855469
71,83.06597,12.065971374511719
70,83.52735,13.527351379394531
69,90.939865,21.939865112304688
68,88.37949,20.379493713378906
67,87.497826,20.497825622558594
66,85.06992,19.069923400878906
65,81.705956,16.705955505371094
64,74.10177,10.101768493652344
63,72.183914,9.183914184570312
62,71.724236,9.724235534667969
61,69.08402,8.084022521972656
60,70.81109,10.811088562011719
59,64.035576,5.035575866699219
58,60.342216,2.3422164916992188
57,53.300453,-3.6995468139648438
56,49.56846,-6.431541442871094
55,48.52144,-6.4785614013671875
54,53.4813,-0.5186996459960938
53,49.922523,-3.0774765014648438
52,49.48058,-2.519420623779297
51,50.775913,-0.22408676147460938
50,52.300102,2.3001022338867188
49,50.71345,1.7134513854980469
48,50.749622,2.749622344970703
47,50.42749,3.427490234375
46,46.591846,0.5918464660644531
45,41.328117,-3.6718826293945312
44,38.70192,-5.2980804443359375
43,35.44591,-7.554088592529297
42,36.893692,-5.1063079833984375
41,37.51421,-3.485790252685547
40,40.378033,0.3780326843261719
39,40.467808,1.4678077697753906
38,41.908928,3.9089279174804688
37,35.957256,-1.0427436828613281
36,36.733273,0.7332725524902344
35,34.9729,-0.027099609375
34,31.702923,-2.297077178955078
33,28.797657,-4.202342987060547
32,26.764702,-5.235298156738281
31,25.63828,-5.361719131469727
30,25.16571,-4.83428955078125
29,23.050999,-5.949001312255859
28,20.653934,-7.346065521240234
27,19.507332,-7.492668151855469
26,18.693165,-7.306835174560547
25,18.37291,-6.6270904541015625
24,18.811625,-5.188375473022461
23,17.525806,-5.474193572998047
22,16.756668,-5.2433319091796875
21,19.352535,-1.6474647521972656
20,18.324009,-1.6759910583496094
19,17.156424,-1.843576431274414
18,17.73382,-0.26618003845214844
17,18.734587,1.7345867156982422
16,18.440468,2.4404678344726562
15,17.552866,2.552865982055664
14,17.014439,3.0144386291503906
13,13.653324,0.6533241271972656
12,13.494839,1.4948387145996094
11,11.49432,0.4943199157714844
10,10.147061,0.14706134796142578
9,10.419289,1.4192886352539062
8,10.334184,2.334183692932129
7,9.408346,2.408346176147461
6,9.75153,3.7515296936035156
5,7.1348,2.1347999572753906
4,6.590345,2.5903449058532715
3,5.027314,2.0273141860961914
2,4.0462937,2.0462937355041504
1,4.09925,3.099249839782715
0,3.0877779,3.087777853012085
128,139.45111,11.45111083984375
127,137.70033,10.700332641601562
126,127.974144,1.9741439819335938
125,130.17574,5.1757354736328125
124,130.52765,6.52764892578125
123,131.34113,8.34112548828125
122,122.91692,0.9169235229492188
121,111.71395,-9.286048889160156
120,113.46869,-6.53131103515625
119,104.53297,-14.467033386230469
118,94.03002,-23.96997833251953
117,89.572296,-27.427703857421875
116,84.086205,-31.913795471191406
115,83.78924,-31.21076202392578
114,78.37307,-35.626930236816406
113,81.069084,-31.93091583251953
112,75.46098,-36.53901672363281
111,74.33815,-36.66184997558594
110,87.80778,-22.192222595214844
109,98.94793,-10.052070617675781
108,108.332924,0.33292388916015625
107,114.92429,7.924293518066406
106,111.65342,5.653419494628906
105,112.6291,7.629096984863281
104,114.15926,10.159263610839844
103,115.39494,12.394943237304688
102,115.20836,13.208358764648438
101,119.13486,18.134857177734375
100,116.6215,16.621498107910156
99,114.572296,15.572296142578125
98,116.40176,18.401756286621094
97,107.283035,10.283035278320312
96,104.49283,8.492828369140625
95,100.42449,5.424491882324219
94,95.8042,1.80419921875
93,110.32746,17.32746124267578
92,117.229454,25.229454040527344
91,108.927345,17.927345275878906
90,119.080696,29.08069610595703
89,116.078674,27.07867431640625
88,100.898994,12.898994445800781
87,96.181854,9.181854248046875
86,87.40265,1.40264892578125
85,84.136055,-0.8639450073242188
84,85.72004,1.7200393676757812
83,85.23406,2.2340621948242188
82,92.76777,10.767768859863281
81,90.32243,9.322433471679688
80,87.41367,7.413673400878906
79,88.07014,9.070137023925781
78,79.03518,1.0351791381835938
77,77.70247,0.7024688720703125
76,75.54034,-0.45966339111328125
75,73.545265,-1.4547348022460938
74,78.43956,4.4395599365234375
73,74.819374,1.8193740844726562
72,68.28241,-3.71759033203125
71,73.96406,2.9640579223632812
70,73.25466,3.2546615600585938
69,71.61263,2.6126327514648438
68,70.83776,2.8377609252929688
67,68.28042,1.2804183959960938
66,63.778687,-2.2213134765625
65,68.34406,3.3440628051757812
64,67.06233,3.0623321533203125
63,70.75555,7.755546569824219
62,69.52528,7.5252838134765625
61,62.948166,1.9481658935546875
60,71.192894,11.192893981933594
59,72.8316,13.831596374511719
58,69.87759,11.877586364746094
57,74.38119,17.381187438964844
56,59.126198,3.1261978149414062
55,57.452026,2.4520263671875
54,56.91139,2.911388397216797
53,62.086967,9.086967468261719
52,61.814667,9.814666748046875
51,62.975655,11.975654602050781
50,65.55594,15.555938720703125
49,68.008545,19.008544921875
48,64.30294,16.302940368652344
47,60.67502,13.675018310546875
46,53.751694,7.7516937255859375
45,46.645294,1.645294189453125
44,43.58014,-0.41986083984375
43,42.006546,-0.9934539794921875
42,38.840675,-3.1593246459960938
41,39.452805,-1.5471954345703125
40,38.901398,-1.098602294921875
39,41.144787,2.144786834716797
38,45.736702,7.736701965332031
37,46.56214,9.562141418457031
36,43.44702,7.447021484375
35,39.24292,4.242919921875
34,36.518597,2.518596649169922
33,32.842155,-0.15784454345703125
32,30.707657,-1.2923431396484375
31,31.428848,0.4288482666015625
30,30.476864,0.4768638610839844
29,29.129234,0.12923431396484375
28,28.516632,0.516632080078125
27,27.739634,0.7396335601806641
26,24.9497,-1.0503005981445312
25,24.545914,-0.4540863037109375
24,22.19344,-1.8065605163574219
23,20.564674,-2.4353256225585938
22,19.118488,-2.881511688232422
21,19.409342,-1.590658187866211
20,18.992973,-1.0070266723632812
19,20.89283,1.8928298950195312
18,19.38121,1.3812103271484375
17,19.63525,2.6352500915527344
16,20.15147,4.151470184326172
15,20.661442,5.661441802978516
14,19.052614,5.052614212036133
13,18.355354,5.355354309082031
12,15.853952,3.853952407836914
11,12.7641115,1.7641115188598633
10,11.87454,1.8745403289794922
9,11.347359,2.3473587036132812
8,11.2946205,3.2946205139160156
7,10.253364,3.253363609313965
6,8.756556,2.7565555572509766
5,8.23623,3.23622989654541
4,7.053233,3.0532331466674805
3,5.617703,2.6177029609680176
2,4.9997673,2.999767303466797
1,4.0323496,3.0323495864868164
0,2.2041888,2.204188823699951
140,118.17459,-21.825408935546875
139,127.62774,-11.372261047363281
138,133.55432,-4.4456787109375
137,137.42645,0.42645263671875
136,145.36205,9.362045288085938
135,147.88141,12.88140869140625
134,154.0688,20.068801879882812
133,160.17656,27.176559448242188
132,156.66782,24.667816162109375
131,160.20627,29.206268310546875
130,162.87811,32.87811279296875
129,163.70709,34.70709228515625
128,163.54523,35.54522705078125
127,163.63596,36.635955810546875
126,158.60403,32.604034423828125
125,157.92969,32.9296875
124,157.71939,33.719390869140625
123,158.72893,35.72892761230469
122,157.74173,35.741729736328125
121,159.87941,38.87940979003906
120,161.36641,41.36640930175781
119,159.8223,40.822296142578125
118,159.67088,41.67088317871094
117,161.19989,44.19989013671875
116,159.84723,43.84722900390625
115,156.41357,41.41357421875
114,144.6267,30.626693725585938
113,132.93254,19.932540893554688
112,135.05266,23.052658081054688
111,122.103645,11.103645324707031
110,115.53906,5.5390625
109,103.059555,-5.9404449462890625
108,95.65713,-12.342872619628906
107,92.528404,-14.471595764160156
106,98.97326,-7.026741027832031
105,95.858055,-9.141944885253906
104,108.50732,4.507316589355469
103,105.61392,2.613922119140625
102,90.456024,-11.543975830078125
101,93.0033,-7.996696472167969
100,101.01038,1.0103836059570312
99,96.00805,-2.9919509887695312
98,90.76403,-7.235969543457031
97,86.275475,-10.724525451660156
96,84.29569,-11.704307556152344
95,82.50252,-12.497482299804688
94,89.49788,-4.5021209716796875
93,101.369644,8.369644165039062
92,108.25183,16.2518310546875
91,109.51667,18.51667022705078
90,116.2691,26.26909637451172
89,120.05228,31.052276611328125
88,136.54639,48.54638671875
87,141.25314,54.253143310546875
86,141.68666,55.68666076660156
85,131.47903,46.479034423828125
84,131.6433,47.64329528808594
83,128.97054,45.97053527832031
82,133.75478,51.75477600097656
81,120.52568,39.52568054199219
80,113.608315,33.608314514160156
79,105.61971,26.619712829589844
78,100.642715,22.642715454101562
77,100.95839,23.958389282226562
76,100.56263,24.56262969970703
75,96.54102,21.54102325439453
74,102.595245,28.595245361328125
73,93.919136,20.91913604736328
72,88.70614,16.706138610839844
71,82.085365,11.085365295410156
70,91.687035,21.687034606933594
69,87.16207,18.162071228027344
68,77.78474,9.784736633300781
67,71.795235,4.795234680175781
66,81.9231,15.923103332519531
65,74.922035,9.922035217285156
64,71.40484,7.404838562011719
63,74.37504,11.375038146972656
62,80.219246,18.21924591064453
61,82.34351,21.34351348876953
60,80.92903,20.929031372070312
59,83.96861,24.968612670898438
58,86.74819,28.748191833496094
57,73.70736,16.707359313964844
56,81.352554,25.352554321289062
55,86.06492,31.064918518066406
54,82.94896,28.948959350585938
53,81.828636,28.828636169433594
52,74.157974,22.157974243164062
51,69.80677,18.80677032470703
50,62.57795,12.577949523925781
49,67.09762,18.097618103027344
48,66.66331,18.663307189941406
47,66.66605,19.666053771972656
46,63.511017,17.511016845703125
45,57.95501,12.955009460449219
44,52.07169,8.07168960571289
43,48.557556,5.55755615234375
42,49.95578,7.955780029296875
41,47.534725,6.534725189208984
40,51.140297,11.140296936035156
39,53.83544,14.835441589355469
38,49.823044,11.823043823242188
37,44.015823,7.0158233642578125
36,47.019287,11.019287109375
35,43.472126,8.472126007080078
34,40.58857,6.588569641113281
33,39.628426,6.628425598144531
32,41.239544,9.239543914794922
31,39.665756,8.665756225585938
30,35.922394,5.922393798828125
29,35.6597,6.659698486328125
28,33.429714,5.429714202880859
27,29.943819,2.943819046020508
26,29.417278,3.417278289794922
25,26.769411,1.7694110870361328
24,25.722519,1.7225189208984375
23,26.497622,3.497621536254883
22,22.9679,0.9678993225097656
21,21.589966,0.5899658203125
20,19.921268,-0.07873153686523438
19,19.947824,0.9478244781494141
18,17.68538,-0.3146190643310547
17,17.634106,0.6341056823730469
16,16.78867,0.7886695861816406
15,13.251552,-1.748448371887207
14,12.198465,-1.801534652709961
13,12.0182085,-0.9817914962768555
12,13.096503,1.0965032577514648
11,13.948774,2.9487743377685547
10,15.389175,5.3891754150390625
9,14.513912,5.513912200927734
8,13.919659,5.919658660888672
7,12.573583,5.573582649230957
6,10.552485,4.552485466003418
5,8.697215,3.6972150802612305
4,7.8163424,3.816342353820801
3,5.882947,2.8829469680786133
2,4.9204893,2.9204893112182617
1,4.4203787,3.4203786849975586
0,2.8704982,2.8704981803894043
186,148.84082,-37.1591796875
185,146.18503,-38.814971923828125
184,139.8779,-44.122100830078125
183,134.48059,-48.5194091796875
182,131.75764,-50.24235534667969
181,133.1452,-47.85479736328125
180,133.37566,-46.62434387207031
179,138.47128,-40.528717041015625
178,140.12556,-37.87443542480469
177,146.56635,-30.43365478515625
176,150.76825,-25.23175048828125
175,159.00948,-15.990524291992188
174,161.38834,-12.611663818359375
173,163.89148,-9.1085205078125
172,163.06024,-8.93975830078125
171,164.98468,-6.01531982421875
170,163.80714,-6.1928558349609375
169,164.42444,-4.5755615234375
168,164.89938,-3.100616455078125
167,166.33096,-0.669036865234375
166,158.3733,-7.6266937255859375
165,158.39648,-6.603515625
164,160.34152,-3.658477783203125
163,155.54965,-7.450347900390625
162,155.39366,-6.6063385009765625
161,151.41553,-9.58447265625
160,152.9324,-7.067596435546875
159,144.19351,-14.806488037109375
158,133.50903,-24.490966796875
157,130.69014,-26.309860229492188
156,129.17484,-26.825164794921875
155,127.65104,-27.348960876464844
154,126.977104,-27.02289581298828
153,121.19897,-31.80103302001953
152,110.64852,-41.351478576660156
151,109.08166,-41.91834259033203
150,108.058586,-41.94141387939453
149,108.9846,-40.015403747558594
148,105.774345,-42.22565460205078
147,104.49737,-42.50263214111328
146,103.820755,-42.17924499511719
145,108.60328,-36.39672088623047
144,115.35843,-28.641571044921875
143,123.21901,-19.780990600585938
142,129.4728,-12.527206420898438
141,129.49388,-11.506118774414062
140,126.99039,-13.009613037109375
139,124.75206,-14.247940063476562
138,123.3832,-14.616798400878906
137,117.04021,-19.959793090820312
136,117.389755,-18.610244750976562
135,124.7906,-10.209396362304688
134,132.00887,-1.9911346435546875
133,130.8926,-2.1074066162109375
132,136.46973,4.4697265625
131,136.89626,5.8962554931640625
130,139.84546,9.845458984375
129,138.84169,9.841690063476562
128,145.36606,17.366058349609375
127,154.37183,27.371826171875
126,155.55496,29.554962158203125
125,159.83572,34.835723876953125
124,159.24469,35.24468994140625
123,154.75835,31.758346557617188
122,153.00066,31.000656127929688
121,151.9942,30.99420166015625
120,152.13345,32.133453369140625
119,147.07288,28.0728759765625
118,127.227646,9.227645874023438
117,118.63889,1.6388931274414062
116,105.60566,-10.394340515136719
115,110.7813,-4.218696594238281
114,112.5492,-1.4507980346679688
113,99.23163,-13.76837158203125
112,100.149506,-11.850494384765625
111,98.177025,-12.822975158691406
110,96.05465,-13.945350646972656
109,100.509895,-8.490104675292969
108,104.108376,-3.8916244506835938
107,99.739204,-7.260795593261719
106,96.69492,-9.305076599121094
105,102.855156,-2.1448440551757812
104,104.62377,0.6237716674804688
103,97.91459,-5.085411071777344
102,97.30544,-4.694557189941406
101,100.56958,-0.430419921875
100,103.88059,3.8805923461914062
99,110.64402,11.644020080566406
98,117.51721,19.5172119140625
97,122.25796,25.257957458496094
96,126.50181,30.501808166503906
95,125.86631,30.866310119628906
94,125.867134,31.86713409423828
93,112.99791,19.997909545898438
92,110.67609,18.67608642578125
91,100.10882,9.108818054199219
90,94.23287,4.232872009277344
89,90.560326,1.5603256225585938
88,85.946556,-2.0534439086914062
87,91.845856,4.845855712890625
86,85.29272,-0.7072830200195312
85,81.70339,-3.2966079711914062
84,70.52137,-13.478630065917969
83,66.16468,-16.83531951904297
82,74.96965,-7.0303497314453125
81,69.81854,-11.18145751953125
80,66.81443,-13.185569763183594
79,70.63707,-8.362930297851562
78,72.87992,-5.120079040527344
77,69.97497,-7.025032043457031
76,69.23919,-6.760810852050781
75,76.166,1.1660003662109375
74,80.6796,6.679603576660156
73,77.46594,4.4659423828125
72,81.81339,9.813392639160156
71,85.45441,14.45440673828125
70,82.67069,12.670692443847656
69,77.48472,8.484718322753906
68,69.87036,1.870361328125
67,65.28505,-1.7149505615234375
66,61.017998,-4.982002258300781
65,58.35388,-6.6461181640625
64,57.630703,-6.369297027587891
63,50.13114,-12.868858337402344
62,46.457123,-15.542877197265625
61,46.1046,-14.895401000976562
60,47.85408,-12.145919799804688
59,48.885498,-10.114501953125
58,46.134064,-11.865936279296875
57,47.723694,-9.27630615234375
56,47.059036,-8.940963745117188
55,47.3022,-7.6977996826171875
54,42.15535,-11.844650268554688
53,41.4083,-11.59170150756836
52,43.265472,-8.734527587890625
51,42.24717,-8.752830505371094
50,41.75802,-8.241981506347656
49,43.412308,-5.5876922607421875
48,41.749626,-6.250373840332031
47,37.46116,-9.538841247558594
46,34.841476,-11.158523559570312
45,37.33224,-7.667758941650391
44,35.67661,-8.32339096069336
43,38.36514,-4.634860992431641
42,41.13459,-0.8654098510742188
41,41.12732,0.1273193359375
40,39.570084,-0.4299163818359375
39,38.45863,-0.5413703918457031
38,38.87686,0.876861572265625
37,39.41385,2.413848876953125
36,37.397285,1.3972854614257812
35,38.837307,3.8373069763183594
34,36.720177,2.7201766967773438
33,36.840843,3.8408432006835938
32,33.019737,1.0197372436523438
31,30.070015,-0.9299850463867188
30,29.920914,-0.0790863037109375
29,27.832039,-1.1679611206054688
28,24.669098,-3.330902099609375
27,22.030718,-4.969282150268555
26,22.325382,-3.6746177673339844
25,18.9982,-6.001800537109375
24,16.796602,-7.203397750854492
23,17.2684,-5.731599807739258
22,16.374819,-5.625181198120117
21,15.011,-5.98900032043457
20,15.846981,-4.153018951416016
19,16.321821,-2.6781787872314453
18,16.070908,-1.9290924072265625
17,16.709969,-0.29003143310546875
16,16.837652,0.8376522064208984
15,16.801767,1.801767349243164
14,15.868017,1.8680171966552734
13,15.730036,2.7300357818603516
12,13.776055,1.7760553359985352
11,12.043393,1.0433931350708008
10,11.469043,1.4690427780151367
9,11.230119,2.230118751525879
8,9.788817,1.7888174057006836
7,8.391082,1.3910818099975586
6,5.9533234,-0.0466766357421875
5,4.449643,-0.5503568649291992
4,3.1952481,-0.8047518730163574
3,1.911684,-1.0883159637451172
2,1.0676914,-0.932308554649353
1,0.95944977,-0.04055023193359375
0,0.7994727,0.7994726896286011
166,140.0334,-25.966598510742188
165,148.09517,-16.904830932617188
164,158.74866,-5.2513427734375
163,145.80554,-17.1944580078125
162,148.64542,-13.354583740234375
161,145.76544,-15.23455810546875
160,150.29358,-9.7064208984375
159,158.18124,-0.818756103515625
158,162.77576,4.7757568359375
157,157.96054,0.960540771484375
156,149.35548,-6.6445159912109375
155,145.45816,-9.541839599609375
154,141.24838,-12.751617431640625
153,142.86487,-10.1351318359375
152,156.84921,4.849212646484375
151,155.65099,4.6509857177734375
150,158.40663,8.406631469726562
149,155.2156,6.215606689453125
148,157.55481,9.5548095703125
147,160.95058,13.950576782226562
146,155.71011,9.710113525390625
145,160.39163,15.391632080078125
144,161.07413,17.074127197265625
143,162.67587,19.675872802734375
142,159.887,17.886993408203125
141,156.40952,15.409515380859375
140,156.8514,16.851394653320312
139,156.67596,17.67596435546875
138,156.12592,18.12591552734375
137,157.8822,20.8822021484375
136,155.68073,19.68072509765625
135,157.19612,22.196121215820312
134,150.70032,16.7003173828125
133,140.63751,7.63751220703125
132,141.79602,9.7960205078125
131,148.36383,17.36383056640625
130,148.0105,18.010498046875
129,137.79434,8.794342041015625
128,137.63669,9.636688232421875
127,129.52618,2.52618408203125
126,124.66238,-1.3376235961914062
125,126.56022,1.5602188110351562
124,131.70715,7.7071533203125
123,127.152336,4.152336120605469
122,117.10981,-4.890190124511719
121,98.929375,-22.07062530517578
120,95.34618,-24.65381622314453
119,100.070496,-18.92950439453125
118,110.72527,-7.274726867675781
117,116.027504,-0.9724960327148438
116,113.799644,-2.2003555297851562
115,116.6236,1.62359619140625
114,112.137436,-1.8625640869140625
113,112.1327,-0.8673019409179688
112,109.51388,-2.4861221313476562
111,112.088295,1.0882949829101562
110,115.45377,5.453773498535156
109,111.86107,2.8610687255859375
108,111.33764,3.3376388549804688
107,112.21799,5.217987060546875
106,117.39291,11.392906188964844
105,122.743355,17.74335479736328
104,129.15182,25.151824951171875
103,134.04343,31.043426513671875
102,131.93776,29.937759399414062
101,129.07208,28.07208251953125
100,126.73122,26.731216430664062
99,122.30529,23.30529022216797
98,122.14451,24.144508361816406
97,128.58772,31.587722778320312
96,124.80692,28.806922912597656
95,126.32426,31.324256896972656
94,127.20632,33.206321716308594
93,120.59117,27.591171264648438
92,110.368195,18.368194580078125
91,110.404236,19.40423583984375
90,112.78991,22.78990936279297
89,120.97608,31.97608184814453
88,113.71595,25.71595001220703
87,100.46664,13.466636657714844
86,95.607025,9.607025146484375
85,92.191444,7.191444396972656
84,88.26835,4.268348693847656
83,77.79978,-5.200218200683594
82,77.23611,-4.763893127441406
81,77.992546,-3.0074539184570312
80,72.72234,-7.277656555175781
79,69.336235,-9.663764953613281
78,67.78191,-10.218086242675781
77,63.665154,-13.334846496582031
76,63.174557,-12.825443267822266
75,63.9321,-11.067901611328125
74,71.48182,-2.5181808471679688
73,65.90728,-7.092720031738281
72,61.428036,-10.571964263916016
71,60.337494,-10.662506103515625
70,66.482735,-3.5172653198242188
69,76.62533,7.625328063964844
68,76.10139,8.101387023925781
67,81.75059,14.750587463378906
66,75.431496,9.431495666503906
65,83.76495,18.76495361328125
64,76.589676,12.589675903320312
63,71.65044,8.650436401367188
62,70.877556,8.877555847167969
61,72.32148,11.321479797363281
60,70.32183,10.321830749511719
59,67.21957,8.219566345214844
58,62.636116,4.636116027832031
57,59.839508,2.839508056640625
56,63.447105,7.447105407714844
55,63.047813,8.047813415527344
54,63.17975,9.17974853515625
53,59.669296,6.6692962646484375
52,55.985516,3.985515594482422
51,52.380608,1.3806076049804688
50,45.920662,-4.079338073730469
49,45.027103,-3.9728965759277344
48,46.616333,-1.3836669921875
47,48.108776,1.1087760925292969
46,44.268986,-1.7310142517089844
45,43.428085,-1.5719146728515625
44,42.97157,-1.0284309387207031
43,37.49029,-5.509708404541016
42,40.738735,-1.2612648010253906
41,39.265457,-1.7345428466796875
40,41.993393,1.9933929443359375
39,47.43892,8.438919067382812
38,45.28241,7.28240966796875
37,45.900154,8.900154113769531
36,48.489204,12.489204406738281
35,48.12399,13.12398910522461
34,43.459743,9.45974349975586
33,40.548744,7.548744201660156
32,37.35912,5.359119415283203
31,35.853985,4.853984832763672
30,35.459263,5.459262847900391
29,33.308647,4.308647155761719
28,33.280746,5.2807464599609375
27,32.74398,5.743980407714844
26,30.146069,4.146068572998047
25,28.643469,3.6434688568115234
24,28.023115,4.023115158081055
23,25.003757,2.0037574768066406
22,23.188814,1.1888141632080078
21,23.427336,2.427335739135742
20,23.235487,3.2354869842529297
19,23.867401,4.867401123046875
18,21.983965,3.9839649200439453
17,20.171972,3.1719722747802734
16,16.585709,0.5857086181640625
15,12.724355,-2.2756452560424805
14,11.498101,-2.501898765563965
13,10.811066,-2.188934326171875
12,11.739695,-0.26030540466308594
11,13.428524,2.4285240173339844
10,13.76166,3.761659622192383
9,15.264599,6.264598846435547
8,14.456089,6.456089019775391
7,13.4391,6.43910026550293
6,11.277304,5.277303695678711
5,8.610243,3.6102428436279297
4,9.667056,5.667056083679199
3,6.8648643,3.8648643493652344
2,5.2574635,3.2574634552001953
1,4.5153923,3.515392303466797
0,3.9111056,3.9111056327819824
183,154.23056,-28.769439697265625
182,154.78586,-27.214141845703125
181,151.23468,-29.76531982421875
180,150.61377,-29.38623046875
179,145.03506,-33.964935302734375
178,146.64417,-31.3558349609375
177,150.82329,-26.176712036132812
176,150.93852,-25.061477661132812
175,145.56833,-29.431671142578125
174,142.5537,-31.446304321289062
173,139.50851,-33.491485595703125
172,138.46909,-33.530914306640625
171,132.86028,-38.13972473144531
170,137.724,-32.2760009765625
169,137.41125,-31.5887451171875
168,152.32245,-15.67755126953125
167,151.28922,-15.710784912109375
166,149.00679,-16.993209838867188
165,141.57875,-23.421249389648438
164,136.0134,-27.986602783203125
163,132.78003,-30.219970703125
162,127.65549,-34.344512939453125
161,133.2088,-27.79119873046875
160,121.50067,-38.49932861328125
159,124.0185,-34.98149871826172
158,140.36356,-17.636444091796875
157,138.8052,-18.194793701171875
156,128.69408,-27.305923461914062
155,140.26624,-14.7337646484375
154,143.07797,-10.922027587890625
153,141.73105,-11.268951416015625
152,144.10161,-7.8983917236328125
151,136.2995,-14.70050048828125
150,138.88046,-11.119537353515625
149,138.11984,-10.880157470703125
148,143.34302,-4.656982421875
147,142.76819,-4.2318115234375
146,140.76797,-5.232025146484375
145,130.49504,-14.504959106445312
144,126.83375,-17.16625213623047
143,129.97632,-13.023681640625
142,119.37647,-22.62352752685547
141,107.20213,-33.79786682128906
140,109.12277,-30.877227783203125
139,116.65061,-22.349388122558594
138,122.39978,-15.6002197265625
137,131.6444,-5.3556060791015625
136,131.59201,-4.407989501953125
135,132.09653,-2.903472900390625
134,127.685875,-6.314125061035156
133,140.67752,7.677520751953125
132,147.8323,15.832305908203125
131,146.44366,15.44366455078125
130,144.03096,14.030960083007812
129,141.00456,12.004562377929688
128,138.38147,10.3814697265625
127,134.92267,7.92266845703125
126,123.71659,-2.2834091186523438
125,119.57137,-5.428627014160156
124,108.61358,-15.386421203613281
123,106.62896,-16.37104034423828
122,106.388985,-15.611015319824219
121,101.140686,-19.85931396484375
120,88.67551,-31.324493408203125
119,88.29191,-30.708091735839844
118,96.77034,-21.229660034179688
117,92.00869,-24.991310119628906
116,83.77887,-32.22113037109375
115,87.705246,-27.294754028320312
114,85.211006,-28.78899383544922
113,82.29464,-30.705360412597656
112,76.075554,-35.92444610595703
111,78.075905,-32.924095153808594
110,82.30816,-27.69184112548828
109,85.45807,-23.54193115234375
108,93.0704,-14.929603576660156
107,97.10935,-9.890647888183594
106,86.2451,-19.754898071289062
105,82.30579,-22.69420623779297
104,76.36527,-27.634727478027344
103,78.58981,-24.410186767578125
102,81.99539,-20.004608154296875
101,81.93051,-19.069488525390625
100,96.05842,-3.9415817260742188
99,101.79296,2.7929611206054688
98,109.35854,11.358543395996094
97,115.28103,18.281028747558594
96,110.88241,14.882408142089844
95,108.8789,13.878898620605469
94,98.9976,4.997596740722656
93,103.41482,10.414817810058594
92,104.21415,12.214149475097656
91,100.74633,9.746330261230469
90,96.221375,6.22137451171875
89,94.76325,5.763252258300781
88,92.92812,4.928123474121094
87,99.57566,12.575660705566406
86,94.23473,8.234733581542969
85,88.24668,3.2466812133789062
84,91.34762,7.347618103027344
83,85.801605,2.801605224609375
82,85.581505,3.5815048217773438
81,83.512596,2.5125961303710938
80,87.03609,7.0360870361328125
79,85.5337,6.533699035644531
78,91.29696,13.296958923339844
77,83.93345,6.933448791503906
76,81.53651,5.536506652832031
75,84.300026,9.300025939941406
74,78.61184,4.611839294433594
73,75.55196,2.5519638061523438
72,67.338425,-4.6615753173828125
71,65.23163,-5.76837158203125
70,72.362045,2.3620452880859375
69,66.18253,-2.8174667358398438
68,73.12997,5.129966735839844
67,78.83815,11.838150024414062
66,81.857315,15.857315063476562
65,82.15217,17.15216827392578
64,77.57882,13.578819274902344
63,75.60156,12.6015625
62,68.564705,6.564704895019531
61,66.484566,5.484565734863281
60,60.86817,0.8681716918945312
59,58.482025,-0.517974853515625
58,56.49987,-1.5001296997070312
57,53.067146,-3.9328536987304688
56,50.185516,-5.814483642578125
55,48.830273,-6.169727325439453
54,54.524734,0.5247344970703125
53,52.350266,-0.6497344970703125
52,48.99724,-3.0027618408203125
51,45.20667,-5.793331146240234
50,43.96551,-6.034488677978516
49,40.99781,-8.002189636230469
48,37.92724,-10.072761535644531
47,37.066914,-9.933086395263672
46,40.04849,-5.951511383056641
45,39.893063,-5.106937408447266
44,37.567635,-6.432365417480469
43,32.774685,-10.22531509399414
42,30.584438,-11.41556167602539
41,31.389904,-9.610095977783203
40,30.543804,-9.456195831298828
39,29.795929,-9.204071044921875
38,28.449102,-9.550897598266602
37,26.6874,-10.312599182128906
36,25.238926,-10.76107406616211
35,23.396076,-11.603923797607422
34,22.558338,-11.441661834716797
33,22.703644,-10.296356201171875
32,23.427063,-8.57293701171875
31,25.206997,-5.793003082275391
30,23.344683,-6.655317306518555
29,22.47683,-6.523170471191406
28,21.6455,-6.354499816894531
27,19.2311,-7.768899917602539
26,17.20924,-8.790760040283203
25,16.317478,-8.68252182006836
24,16.120852,-7.879148483276367
23,16.80812,-6.1918792724609375
22,19.416895,-2.5831050872802734
21,18.188787,-2.8112125396728516
20,16.02552,-3.9744796752929688
19,14.677013,-4.322986602783203
18,13.487047,-4.51295280456543
17,11.987958,-5.012042045593262
16,12.692096,-3.3079042434692383
15,11.866815,-3.133185386657715
14,9.914095,-4.085905075073242
13,9.77317,-3.2268295288085938
12,8.73116,-3.2688398361206055
11,8.403937,-2.596062660217285
10,6.2760653,-3.7239346504211426
9,5.9679127,-3.0320873260498047
8,5.248478,-2.7515220642089844
7,3.3656418,-3.6343581676483154
6,2.617499,-3.3825008869171143
5,3.0722756,-1.9277243614196777
4,1.1710658,-2.8289341926574707
3,0.6397631,-2.360236883163452
2,0.18548155,-1.8145184516906738
1,0.67713964,-0.32286036014556885
0,0.44798875,0.44798874855041504
117,122.712524,5.7125244140625
116,121.948166,5.9481658935546875
115,128.17758,13.177581787109375
114,134.14769,20.147689819335938
113,141.1109,28.11090087890625
112,142.42107,30.421066284179688
111,151.19437,40.194366455078125
110,146.98651,36.98651123046875
109,147.07877,38.078765869140625
108,147.12093,39.12092590332031
107,146.7852,39.78520202636719
106,138.25827,32.258270263671875
105,134.32472,29.324722290039062
104,126.44027,22.440269470214844
103,122.95097,19.950973510742188
102,125.020195,23.02019500732422
101,126.18539,25.185386657714844
100,122.53615,22.536148071289062
99,126.647415,27.647415161132812
98,133.90195,35.901947021484375
97,141.46045,44.46044921875
96,150.2622,54.26220703125
95,140.76442,45.76441955566406
94,146.63864,52.638641357421875
93,142.30136,49.301361083984375
92,140.33652,48.336517333984375
91,136.32144,45.321441650390625
90,136.91086,46.910858154296875
89,145.6094,56.609405517578125
88,134.20872,46.20872497558594
87,132.47672,45.476715087890625
86,125.0749,39.07489776611328
85,133.90918,48.9091796875
84,136.41878,52.41877746582031
83,139.14838,56.14837646484375
82,140.63535,58.635345458984375
81,136.60693,55.60693359375
80,137.99423,57.994232177734375
79,136.01945,57.01945495605469
78,133.50873,55.50872802734375
77,126.89727,49.89727020263672
76,121.3572,45.357200622558594
75,116.87252,41.872520446777344
74,112.72025,38.720252990722656
73,108.260124,35.26012420654297
72,111.69513,39.69512939453125
71,102.72323,31.723228454589844
70,107.55033,37.550331115722656
69,102.8688,33.868797302246094
68,97.45915,29.459152221679688
67,89.44201,22.44200897216797
66,89.37353,23.37352752685547
65,86.339325,21.339324951171875
64,83.08523,19.085227966308594
63,82.4903,19.49030303955078
62,85.08553,23.085533142089844
61,79.00881,18.008811950683594
60,76.72875,16.72875213623047
59,69.569565,10.569564819335938
58,69.68194,11.681938171386719
57,69.3908,12.390800476074219
56,68.81981,12.819808959960938
55,70.67051,15.670509338378906
54,63.649242,9.649242401123047
53,63.430237,10.43023681640625
52,61.309296,9.309295654296875
51,61.40986,10.409858703613281
50,61.85416,11.85416030883789
49,60.258827,11.258827209472656
48,62.05375,14.053749084472656
47,64.11388,17.113876342773438
46,64.2097,18.209701538085938
45,61.162483,16.16248321533203
44,61.41858,17.4185791015625
43,57.42285,14.4228515625
42,58.082848,16.082847595214844
41,56.32568,15.325679779052734
40,54.16281,14.162811279296875
39,48.695267,9.695266723632812
38,51.20565,13.205650329589844
37,42.872192,5.8721923828125
36,40.133865,4.1338653564453125
35,35.423996,0.4239959716796875
34,34.31253,0.312530517578125
33,34.046604,1.0466041564941406
32,34.09533,2.0953292846679688
31,33.654533,2.6545333862304688
30,31.221031,1.2210311889648438
29,31.61436,2.614360809326172
28,32.673134,4.673133850097656
27,30.119549,3.119548797607422
26,31.73058,5.730579376220703
25,31.929604,6.929603576660156
24,33.435005,9.435005187988281
23,31.809055,8.80905532836914
22,30.014767,8.014766693115234
21,30.0152,9.015199661254883
20,28.709202,8.70920181274414
19,27.00091,8.000909805297852
18,25.719162,7.7191619873046875
17,23.451618,6.451618194580078
16,21.972794,5.9727935791015625
15,19.840984,4.840984344482422
14,16.645254,2.645254135131836
13,17.114225,4.114225387573242
12,15.60212,3.6021203994750977
11,12.965062,1.965062141418457
10,10.733721,0.7337207794189453
9,9.853992,0.8539924621582031
8,8.731824,0.7318239212036133
7,7.512624,0.5126237869262695
6,8.622877,2.6228771209716797
5,7.801552,2.8015518188476562
4,8.287379,4.287379264831543
3,7.3421288,4.342128753662109
2,5.312519,3.312519073486328
1,4.7660494,3.766049385070801
0,3.740264,3.7402639389038086
201,175.59201,-25.407989501953125
200,175.47775,-24.522247314453125
199,176.24557,-22.754425048828125
198,176.09239,-21.907608032226562
197,176.48381,-20.516189575195312
196,176.76894,-19.231063842773438
195,176.8927,-18.1072998046875
194,176.32915,-17.670852661132812
193,176.64563,-16.3543701171875
192,175.98834,-16.01165771484375
191,176.10522,-14.894775390625
190,176.34471,-13.655288696289062
189,176.08327,-12.916732788085938
188,175.76208,-12.2379150390625
187,175.25275,-11.74725341796875
186,175.68451,-10.31549072265625
185,175.67734,-9.322662353515625
184,175.39801,-8.60198974609375
183,175.0103,-7.9897003173828125
182,174.93863,-7.061370849609375
181,174.91957,-6.0804290771484375
180,174.65547,-5.3445281982421875
179,175.25671,-3.7432861328125
178,174.72568,-3.274322509765625
177,174.75034,-2.249664306640625
176,174.93617,-1.0638275146484375
175,175.30429,0.304290771484375
174,175.78473,1.78472900390625
173,175.85422,2.854217529296875
172,176.36214,4.3621368408203125
171,176.73363,5.7336273193359375
170,176.66858,6.6685791015625
169,176.44778,7.447784423828125
168,176.49771,8.497711181640625
167,176.67558,9.675582885742188
166,176.34013,10.340133666992188
165,175.84201,10.842010498046875
164,175.62067,11.62066650390625
163,175.05975,12.05975341796875
162,173.41547,11.41546630859375
161,173.25078,12.250778198242188
160,172.96191,12.9619140625
159,171.59148,12.591476440429688
158,170.41339,12.41339111328125
157,170.35132,13.351318359375
156,169.5285,13.52850341796875
155,168.95587,13.95587158203125
154,164.89255,10.892547607421875
153,160.715,7.714996337890625
152,159.46661,7.46661376953125
151,157.5538,6.553802490234375
150,155.96037,5.9603729248046875
149,154.10907,5.10906982421875
148,153.1514,5.151397705078125
147,153.73065,6.73065185546875
146,156.0505,10.050506591796875
145,156.84296,11.84295654296875
144,157.29877,13.29876708984375
143,155.8563,12.856292724609375
142,151.86862,9.868621826171875
141,147.19067,6.190673828125
140,138.72714,-1.272857666015625
139,132.4683,-6.5316925048828125
138,133.43869,-4.561309814453125
137,135.36244,-1.6375579833984375
136,136.51834,0.518341064453125
135,138.73788,3.737884521484375
134,143.52222,9.522216796875
133,147.9461,14.94610595703125
132,148.87125,16.871246337890625
131,148.80885,17.808853149414062
130,147.69003,17.690032958984375
129,147.31776,18.317764282226562
128,148.25569,20.255691528320312
127,148.91806,21.918060302734375
126,148.16707,22.167068481445312
125,144.75174,19.751739501953125
124,140.60422,16.604217529296875
123,137.27026,14.270263671875
122,141.4941,19.494094848632812
121,143.0629,22.062896728515625
120,144.66,24.660003662109375
119,144.34329,25.343292236328125
118,152.36374,34.363739013671875
117,159.00275,42.00274658203125
116,168.45673,52.45672607421875
115,168.75179,53.75178527832031
114,169.44954,55.44953918457031
113,167.0774,54.077392578125
112,161.98622,49.98622131347656
111,155.36829,44.3682861328125
110,155.14117,45.14117431640625
109,154.16797,45.16796875
108,157.05077,49.05076599121094
107,153.74023,46.740234375
106,150.06552,44.065521240234375
105,143.96426,38.964263916015625
104,147.54361,43.543609619140625
103,150.64874,47.64874267578125
102,133.95268,31.952682495117188
101,127.74382,26.743820190429688
100,114.37132,14.371322631835938
99,106.50306,7.503059387207031
98,108.89805,10.898048400878906
97,110.64552,13.645523071289062
96,110.54704,14.547042846679688
95,106.08612,11.08612060546875
94,105.32801,11.328010559082031
93,99.07345,6.073448181152344
92,104.20186,12.201858520507812
91,101.80886,10.808860778808594
90,98.45573,8.455726623535156
89,89.4295,0.42949676513671875
88,90.64362,2.6436233520507812
87,85.63225,-1.3677520751953125
86,85.40919,-0.5908126831054688
85,88.695274,3.6952743530273438
84,86.003235,2.00323486328125
83,86.09827,3.0982666015625
82,88.447395,6.447395324707031
81,91.430305,10.430305480957031
80,107.69309,27.693092346191406
79,109.35782,30.357818603515625
78,107.27618,29.27617645263672
77,103.444,26.444000244140625
76,96.48211,20.48210906982422
75,87.65051,12.6505126953125
74,85.071785,11.071784973144531
73,83.59587,10.595870971679688
72,73.90023,1.9002304077148438
71,67.659225,-3.3407745361328125
70,63.21557,-6.784431457519531
69,68.44937,-0.550628662109375
68,73.11816,5.118156433105469
67,72.205696,5.205696105957031
66,76.44627,10.446273803710938
65,69.49319,4.493186950683594
64,71.29044,7.290443420410156
63,63.163536,0.16353607177734375
62,66.99084,4.990837097167969
61,60.315422,-0.6845779418945312
60,53.37024,-6.6297607421875
59,42.941437,-16.058563232421875
58,44.99946,-13.000541687011719
57,42.967224,-14.03277587890625
56,41.08738,-14.912620544433594
55,41.3412,-13.658798217773438
54,43.052086,-10.947914123535156
53,44.276485,-8.723514556884766
52,46.162117,-5.837882995605469
51,46.07991,-4.9200897216796875
50,47.150177,-2.849822998046875
49,46.34222,-2.6577796936035156
48,47.273006,-0.7269935607910156
47,46.81728,-0.18272018432617188
46,45.453876,-0.5461235046386719
45,43.52903,-1.4709701538085938
44,43.903164,-0.09683609008789062
43,42.80356,-0.196441650390625
42,40.22903,-1.7709693908691406
41,38.816967,-2.183032989501953
40,36.86799,-3.1320114135742188
39,37.26186,-1.7381401062011719
38,32.3226,-5.677398681640625
37,33.50316,-3.4968414306640625
36,35.761784,-0.23821640014648438
35,34.209644,-0.7903556823730469
34,34.144184,0.14418411254882812
33,37.366142,4.366142272949219
32,37.253983,5.2539825439453125
31,35.907745,4.907745361328125
30,34.1017,4.1016998291015625
29,31.064835,2.0648345947265625
28,29.839203,1.839202880859375
27,29.918142,2.918142318725586
26,27.44558,1.4455795288085938
25,27.061403,2.061403274536133
24,25.3214,1.3213996887207031
23,23.59485,0.5948505401611328
22,23.480036,1.4800357818603516
21,21.410229,0.4102287292480469
20,19.773153,-0.22684669494628906
19,20.430525,1.4305248260498047
18,20.878922,2.8789215087890625
17,17.906464,0.906463623046875
16,18.301712,2.3017120361328125
15,17.487663,2.4876632690429688
14,15.980321,1.980320930480957
13,14.286221,1.2862205505371094
12,12.991085,0.9910850524902344
11,10.622081,-0.37791919708251953
10,10.403809,0.40380859375
9,9.154945,0.15494537353515625
8,8.120999,0.12099933624267578
7,7.810793,0.8107929229736328
6,6.8428783,0.8428783416748047
5,6.944516,1.9445161819458008
4,6.000564,2.0005640983581543
3,5.402093,2.402092933654785
2,3.638383,1.638382911682129
1,2.7705052,1.7705051898956299
0,2.195023,2.1950230598449707
283,140.17429,-142.82571411132812
282,134.74052,-147.2594757080078
281,123.694214,-157.3057861328125
280,116.9912,-163.00879669189453
279,121.13641,-157.86358642578125
278,127.25442,-150.7455825805664
277,115.7585,-161.2415008544922
276,116.02009,-159.97991180419922
275,122.78124,-152.21875762939453
274,127.53284,-146.4671630859375
273,132.3162,-140.68380737304688
272,146.22339,-125.776611328125
271,155.85391,-115.14608764648438
270,161.1333,-108.86669921875
269,162.7476,-106.25239562988281
268,163.02602,-104.97398376464844
267,163.35461,-103.6453857421875
266,163.15228,-102.84771728515625
265,156.96425,-108.03575134277344
264,160.53217,-103.46783447265625
263,156.6106,-106.389404296875
262,158.92102,-103.0789794921875
261,159.00238,-101.99761962890625
260,149.18098,-110.81901550292969
259,149.42635,-109.57365417480469
258,151.61081,-106.38919067382812
257,145.07187,-111.92813110351562
256,132.94656,-123.05343627929688
255,118.71105,-136.28894805908203
254,121.70125,-132.2987518310547
253,109.6067,-143.39330291748047
252,112.79566,-139.20433807373047
251,101.49766,-149.5023422241211
250,106.460976,-143.53902435302734
249,109.23075,-139.76924896240234
248,100.149185,-147.85081481933594
247,94.34675,-152.65325164794922
246,98.19228,-147.8077163696289
245,107.64602,-137.3539810180664
244,122.58799,-121.4120101928711
243,129.98143,-113.01856994628906
242,137.90369,-104.0963134765625
241,144.54395,-96.4560546875
240,148.57889,-91.42111206054688
239,151.3031,-87.6968994140625
238,153.56305,-84.43695068359375
237,153.86255,-83.137451171875
236,152.88739,-83.11260986328125
235,147.44342,-87.55657958984375
234,151.69682,-82.30317687988281
233,141.46785,-91.53215026855469
232,149.5037,-82.49630737304688
231,146.9832,-84.01679992675781
230,144.32623,-85.67376708984375
229,145.45041,-83.54959106445312
228,146.35059,-81.6494140625
227,141.58685,-85.41314697265625
226,144.76292,-81.23707580566406
225,146.18658,-78.81341552734375
224,144.43684,-79.56315612792969
223,141.49127,-81.50872802734375
222,148.8563,-73.14370727539062
221,143.36777,-77.63223266601562
220,143.21071,-76.78929138183594
219,146.91605,-72.08395385742188
218,144.31065,-73.68934631347656
217,149.45035,-67.54965209960938
216,148.33131,-67.66868591308594
215,154.9255,-60.074493408203125
214,157.6491,-56.35090637207031
213,155.96829,-57.031707763671875
212,155.8812,-56.118804931640625
211,157.27396,-53.726043701171875
210,154.843,-55.15699768066406
209,149.13742,-59.862579345703125
208,147.86125,-60.13874816894531
207,146.98349,-60.016510009765625
206,144.81708,-61.18292236328125
205,138.9046,-66.09539794921875
204,127.94142,-76.05857849121094
203,112.0805,-90.91950225830078
202,113.76179,-88.23821258544922
201,102.35039,-98.64961242675781
200,97.357475,-102.64252471923828
199,100.83677,-98.1632308959961
198,92.14515,-105.85485076904297
197,96.2974,-100.70259857177734
196,97.40447,-98.59552764892578
195,105.528984,-89.47101593017578
194,101.91651,-92.08348846435547
193,98.199425,-94.80057525634766
192,99.8848,-92.11519622802734
191,94.47032,-96.52967834472656
190,92.11477,-97.8852310180664
189,98.75738,-90.24262237548828
188,98.49592,-89.50408172607422
187,101.02754,-85.97245788574219
186,99.55384,-86.44615936279297
185,101.525085,-83.47491455078125
184,90.81583,-93.18417358398438
183,86.45336,-96.54663848876953
182,90.31353,-91.68647003173828
181,86.41285,-94.58715057373047
180,80.988525,-99.011474609375
179,81.46868,-97.53131866455078
178,81.767044,-96.23295593261719
177,92.596176,-84.40382385253906
176,97.56991,-78.43009185791016
175,101.43478,-73.56522369384766
174,106.92773,-67.07227325439453
173,117.39767,-55.602333068847656
172,126.84918,-45.15081787109375
171,119.887276,-51.11272430419922
170,117.426254,-52.57374572753906
169,127.816765,-41.18323516845703
168,131.21555,-36.784454345703125
167,126.9397,-40.060302734375
166,123.32226,-42.67774200439453
165,123.06093,-41.93907165527344
164,113.6548,-50.34519958496094
163,112.77348,-50.22651672363281
162,114.07508,-47.92491912841797
161,113.17309,-47.82691192626953
160,114.65687,-45.34313201904297
159,114.77376,-44.22624206542969
158,125.30125,-32.698753356933594
157,126.21754,-30.78246307373047
156,125.89247,-30.107528686523438
155,121.84083,-33.15917205810547
154,112.585335,-41.41466522216797
153,109.00895,-43.991050720214844
152,114.73704,-37.262962341308594
151,109.320305,-41.67969512939453
150,106.314766,-43.68523406982422
149,116.56841,-32.43158721923828
148,117.148125,-30.85187530517578
147,118.85892,-28.141082763671875
146,119.488,-26.512001037597656
145,109.19,-35.80999755859375
144,116.28913,-27.71086883544922
143,109.90673,-33.09326934814453
142,103.96966,-38.03034210205078
141,102.1155,-38.884498596191406
140,107.49604,-32.50395965576172
139,107.1029,-31.89710235595703
138,112.113396,-25.88660430908203
137,100.3381,-36.661903381347656
136,97.23222,-38.76777648925781
135,96.80479,-38.195213317871094
134,88.888756,-45.111244201660156
133,95.385254,-37.61474609375
132,99.30006,-32.69994354248047
131,91.68366,-39.31633758544922
130,90.130875,-39.86912536621094
129,93.62222,-35.377777099609375
128,87.87654,-40.12345886230469
127,80.55743,-46.44257354736328
126,79.39979,-46.60021209716797
125,81.93478,-43.065223693847656
124,80.62322,-43.37677764892578
123,74.853325,-48.14667510986328
122,69.61411,-52.385887145996094
121,66.920555,-54.079444885253906
120,70.22567,-49.774330139160156
119,72.73664,-46.26335906982422
118,79.355286,-38.64471435546875
117,75.74314,-41.256858825683594
116,73.151726,-42.84827423095703
115,81.633644,-33.366355895996094
114,82.899315,-31.100685119628906
113,76.408714,-36.591285705566406
112,85.54704,-26.452957153320312
111,86.3368,-24.66320037841797
110,89.01011,-20.989891052246094
109,84.011444,-24.988555908203125
108,85.91563,-22.084373474121094
107,79.91506,-27.084938049316406
106,84.2541,-21.74590301513672
105,83.7304,-21.26959991455078
104,86.24345,-17.756553649902344
103,91.62791,-11.372093200683594
102,88.74114,-13.258857727050781
101,86.05863,-14.941368103027344
100,81.261955,-18.73804473876953
99,79.90778,-19.09221649169922
98,69.04297,-28.95703125
97,66.41501,-30.584991455078125
96,69.38079,-26.61920928955078
95,73.82867,-21.17133331298828
94,63.8453,-30.154701232910156
93,63.420017,-29.57998275756836
92,60.829773,-31.17022705078125
91,59.775246,-31.224754333496094
90,66.123795,-23.876205444335938
89,65.955864,-23.04413604736328
88,67.95324,-20.04676055908203
87,74.1144,-12.885597229003906
86,67.93661,-18.063392639160156
85,71.40476,-13.595237731933594
84,65.52294,-18.47705841064453
83,61.399975,-21.600025177001953
82,60.95134,-21.048660278320312
81,63.20817,-17.791828155517578
80,63.6959,-16.304100036621094
79,61.44934,-17.5506591796875
78,61.85398,-16.146018981933594
77,59.52475,-17.475250244140625
76,60.07534,-15.924659729003906
75,60.090908,-14.90909194946289
74,56.31965,-17.68035125732422
73,56.593613,-16.406387329101562
72,50.864594,-21.135406494140625
71,43.420666,-27.579334259033203
70,40.655666,-29.34433364868164
69,42.355537,-26.64446258544922
68,40.822094,-27.177906036376953
67,42.517746,-24.482254028320312
66,44.08029,-21.919708251953125
65,46.708836,-18.29116439819336
64,46.218178,-17.781822204589844
63,48.618294,-14.381706237792969
62,47.74644,-14.253559112548828
61,52.42414,-8.575859069824219
60,54.614742,-5.385257720947266
59,53.424706,-5.575294494628906
58,54.777733,-3.2222671508789062
57,53.996376,-3.0036239624023438
56,53.919075,-2.0809249877929688
55,48.951958,-6.048042297363281
54,44.61561,-9.384391784667969
53,40.968918,-12.031082153320312
52,39.89112,-12.108879089355469
51,34.91269,-16.087310791015625
50,31.89274,-18.10725975036621
49,28.178833,-20.8211669921875
48,28.71273,-19.287269592285156
47,30.47319,-16.526809692382812
46,30.234947,-15.765052795410156
45,29.084333,-15.915666580200195
44,31.465307,-12.534692764282227
43,32.337414,-10.662586212158203
42,32.951653,-9.048347473144531
41,31.715042,-9.284957885742188
40,30.631914,-9.368085861206055
39,29.823437,-9.176563262939453
38,27.484894,-10.515106201171875
37,25.974663,-11.025337219238281
36,23.999115,-12.000885009765625
35,24.012543,-10.987457275390625
34,22.876492,-11.12350845336914
33,20.45467,-12.545330047607422
32,19.443283,-12.556716918945312
31,19.662018,-11.337982177734375
30,17.900463,-12.099536895751953
29,16.355736,-12.644264221191406
28,16.76664,-11.233360290527344
27,16.129776,-10.870223999023438
26,16.361502,-9.638498306274414
25,16.267721,-8.732278823852539
24,17.17651,-6.823490142822266
23,19.108124,-3.891876220703125
22,18.444962,-3.5550384521484375
21,18.067135,-2.9328651428222656
20,16.357643,-3.6423568725585938
19,13.811808,-5.188192367553711
18,12.814912,-5.185088157653809
17,11.462249,-5.537751197814941
16,8.722494,-7.277505874633789
15,8.556724,-6.443276405334473
14,7.8186607,-6.181339263916016
13,6.808257,-6.191742897033691
12,5.820639,-6.179360866546631
11,6.6642246,-4.335775375366211
10,6.370172,-3.6298279762268066
9,4.6439877,-4.356012344360352
8,4.5103183,-3.4896817207336426
7,4.3232083,-2.6767916679382324
6,4.5912485,-1.4087514877319336
5,3.6445894,-1.3554105758666992
4,2.312577,-1.6874229907989502
3,2.1102962,-0.8897037506103516
2,1.9027653,-0.09723472595214844
1,1.7319851,0.7319850921630859
0,1.264578,1.2645779848098755
107,139.39636,32.3963623046875
106,136.94232,30.94232177734375
105,130.82352,25.823516845703125
104,131.30978,27.309783935546875
103,124.46434,21.464340209960938
102,130.73068,28.730682373046875
101,135.91534,34.91534423828125
100,137.28645,37.28645324707031
99,138.36176,39.36175537109375
98,123.767876,25.76787567138672
97,134.80284,37.80284118652344
96,129.9058,33.90580749511719
95,133.24207,38.2420654296875
94,132.63483,38.63482666015625
93,139.71576,46.71575927734375
92,138.87276,46.87275695800781
91,141.13358,50.133575439453125
90,127.21276,37.21276092529297
89,118.35546,29.35546112060547
88,106.376945,18.37694549560547
87,112.76217,25.762168884277344
86,115.957794,29.957794189453125
85,112.63481,27.634811401367188
84,109.12993,25.129928588867188
83,110.13241,27.132408142089844
82,109.87601,27.876007080078125
81,109.57827,28.578269958496094
80,109.23746,29.237457275390625
79,88.85125,9.851249694824219
78,89.882996,11.88299560546875
77,89.061455,12.061454772949219
76,99.26805,23.268051147460938
75,103.63981,28.639808654785156
74,99.898994,25.89899444580078
73,99.801765,26.80176544189453
72,99.149155,27.149154663085938
71,105.71265,34.712646484375
70,107.087364,37.087364196777344
69,100.20363,31.203628540039062
68,93.270004,25.270004272460938
67,86.77485,19.77484893798828
66,80.506,14.505996704101562
65,76.66189,11.661888122558594
64,72.85306,8.853057861328125
63,75.21781,12.217811584472656
62,74.03336,12.033363342285156
61,78.51603,17.516029357910156
60,69.20284,9.202842712402344
59,69.94106,10.941062927246094
58,73.55892,15.558921813964844
57,81.41396,24.413963317871094
56,81.78096,25.780960083007812
55,76.22406,21.22406005859375
54,80.64039,26.64038848876953
53,80.75084,27.750839233398438
52,86.1648,34.16480255126953
51,86.305046,35.30504608154297
50,86.96116,36.961158752441406
49,75.41427,26.414268493652344
48,77.40545,29.40544891357422
47,71.51225,24.512252807617188
46,70.75867,24.7586669921875
45,63.300556,18.300556182861328
44,59.15795,15.157951354980469
43,47.69247,4.692470550537109
42,48.991722,6.991722106933594
41,45.666573,4.666572570800781
40,44.295105,4.29510498046875
39,39.133537,0.13353729248046875
38,39.070274,1.0702743530273438
37,35.156128,-1.8438720703125
36,33.691086,-2.3089141845703125
35,31.54862,-3.4513797760009766
34,27.496078,-6.5039215087890625
33,25.804121,-7.195878982543945
32,26.59751,-5.402490615844727
31,29.042099,-1.9579010009765625
30,30.256012,0.256011962890625
29,30.313778,1.3137779235839844
28,30.14933,2.1493301391601562
27,28.351313,1.3513126373291016
26,27.931774,1.9317741394042969
25,25.256409,0.25640869140625
24,23.1632,-0.8367996215820312
23,22.00439,-0.9956092834472656
22,20.560146,-1.4398536682128906
21,21.256826,0.25682640075683594
20,18.808895,-1.1911048889160156
19,18.038885,-0.9611148834228516
18,18.38213,0.3821296691894531
17,17.400505,0.40050506591796875
16,15.868412,-0.13158798217773438
15,14.106195,-0.8938045501708984
14,12.550201,-1.449798583984375
13,10.721249,-2.2787513732910156
12,9.594294,-2.4057064056396484
11,9.522917,-1.4770832061767578
10,9.179374,-0.8206262588500977
9,9.513955,0.5139551162719727
8,9.989206,1.989206314086914
7,8.663757,1.66375732421875
6,8.345719,2.345719337463379
5,6.6424,1.642399787902832
4,5.3828363,1.3828363418579102
3,3.5532448,0.5532448291778564
2,3.3894916,1.3894915580749512
1,1.6072955,0.6072955131530762
0,1.7717876,1.7717876434326172
136,159.07693,23.076934814453125
135,166.61064,31.610641479492188
134,165.1862,31.186203002929688
133,165.45462,32.454620361328125
132,165.91405,33.91404724121094
131,165.32037,34.32037353515625
130,166.37793,36.3779296875
129,166.16714,37.167144775390625
128,163.78189,35.781890869140625
127,160.15552,33.155517578125
126,158.70758,32.70758056640625
125,148.60178,23.601776123046875
124,141.09119,17.0911865234375
123,131.22183,8.221832275390625
122,129.59471,7.5947113037109375
121,130.77428,9.774276733398438
120,134.66913,14.66912841796875
119,133.76938,14.769378662109375
118,137.07315,19.073150634765625
117,137.55135,20.551345825195312
116,132.37338,16.373382568359375
115,121.83343,6.833427429199219
114,117.27094,3.2709426879882812
113,113.65461,0.6546096801757812
112,114.06188,2.0618820190429688
111,116.17325,5.173248291015625
110,117.29864,7.298637390136719
109,122.14747,13.147468566894531
108,128.50716,20.507156372070312
107,136.31586,29.31585693359375
106,146.81792,40.81791687011719
105,151.93256,46.93255615234375
104,144.22296,40.22296142578125
103,145.85477,42.854766845703125
102,133.3337,31.333694458007812
101,123.530876,22.53087615966797
100,124.81284,24.812843322753906
99,115.51132,16.511322021484375
98,109.46722,11.467216491699219
97,105.616714,8.616714477539062
96,101.20843,5.208427429199219
95,105.8627,10.862701416015625
94,110.41039,16.41039276123047
93,109.12173,16.121726989746094
92,111.45571,19.455711364746094
91,120.41034,29.41033935546875
90,137.21194,47.211944580078125
89,140.78714,51.787139892578125
88,137.35135,49.351348876953125
87,130.7844,43.784393310546875
86,127.74535,41.74535369873047
85,116.90073,31.900726318359375
84,104.27688,20.276878356933594
83,94.39653,11.396530151367188
82,97.69821,15.698211669921875
81,99.95396,18.953956604003906
80,102.23901,22.239013671875
79,94.60724,15.60723876953125
78,89.809494,11.809494018554688
77,95.14056,18.14055633544922
76,95.914604,19.91460418701172
75,97.90684,22.906837463378906
74,100.544655,26.544654846191406
73,104.44223,31.442230224609375
72,102.302315,30.30231475830078
71,98.8917,27.891700744628906
70,100.64895,30.648948669433594
69,87.90426,18.904258728027344
68,77.5732,9.573196411132812
67,72.03995,5.039947509765625
66,68.5133,2.5132980346679688
65,74.31492,9.314918518066406
64,74.44576,10.445762634277344
63,69.80506,6.805061340332031
62,76.762215,14.762214660644531
61,83.317215,22.317214965820312
60,93.94158,33.94158172607422
59,100.49868,41.498680114746094
58,96.59187,38.59187316894531
57,95.707146,38.70714569091797
56,94.503845,38.50384521484375
55,77.90265,22.90264892578125
54,68.24797,14.247970581054688
53,63.011055,10.011054992675781
52,64.18215,12.182151794433594
51,58.221245,7.221244812011719
50,59.5364,9.536399841308594
49,52.734947,3.7349472045898438
48,53.701523,5.7015228271484375
47,50.305813,3.3058128356933594
46,47.36729,1.3672904968261719
45,46.88984,1.8898391723632812
44,49.269222,5.269222259521484
43,47.958767,4.958766937255859
42,50.82808,8.828079223632812
41,51.446426,10.446426391601562
40,51.41636,11.416358947753906
39,51.05018,12.050178527832031
38,47.390465,9.390464782714844
37,45.527966,8.527965545654297
36,45.636387,9.63638687133789
35,45.557865,10.557865142822266
34,41.47454,7.474540710449219
33,38.89477,5.894771575927734
32,37.364,5.3639984130859375
31,35.774055,4.774055480957031
30,36.34812,6.348121643066406
29,34.375805,5.375804901123047
28,38.065987,10.065986633300781
27,36.49816,9.498161315917969
26,32.71625,6.716251373291016
25,25.342897,0.3428974151611328
24,24.235928,0.23592758178710938
23,20.694525,-2.3054752349853516
22,21.656153,-0.34384727478027344
21,21.284943,0.284942626953125
20,19.769709,-0.23029136657714844
19,18.588543,-0.4114570617675781
18,19.661993,1.6619930267333984
17,18.763199,1.7631988525390625
16,16.76357,0.7635707855224609
15,14.515436,-0.48456382751464844
14,13.608287,-0.39171314239501953
13,11.376888,-1.6231117248535156
12,11.285349,-0.7146511077880859
11,10.71302,-0.28697967529296875
10,9.079544,-0.9204559326171875
9,7.9660673,-1.0339326858520508
8,6.8525496,-1.1474504470825195
7,7.5027523,0.5027523040771484
6,7.4237146,1.4237146377563477
5,6.449866,1.4498658180236816
4,6.140897,2.140896797180176
3,5.1240273,2.1240272521972656
2,3.609839,1.6098389625549316
1,3.6600342,2.6600341796875
0,2.2313848,2.231384754180908
184,173.36859,-10.63140869140625
183,173.9254,-9.074600219726562
182,173.96852,-8.031478881835938
181,173.61499,-7.385009765625
180,173.53491,-6.465087890625
179,172.83786,-6.162139892578125
178,172.85426,-5.1457366943359375
177,173.53224,-3.4677581787109375
176,173.53497,-2.46502685546875
175,173.87224,-1.1277618408203125
174,173.77185,-0.2281494140625
173,173.63133,0.6313323974609375
172,173.51007,1.51007080078125
171,173.10043,2.100433349609375
170,174.13202,4.13201904296875
169,173.94731,4.9473114013671875
168,173.22421,5.224212646484375
167,172.7287,5.72869873046875
166,170.88443,4.884429931640625
165,171.10101,6.10101318359375
164,170.00864,6.008636474609375
163,168.96611,5.9661102294921875
162,167.48523,5.4852294921875
161,166.92436,5.9243621826171875
160,167.19304,7.1930389404296875
159,168.52591,9.525909423828125
158,168.83142,10.8314208984375
157,168.09363,11.0936279296875
156,167.89877,11.898773193359375
155,169.13866,14.138656616210938
154,168.07797,14.077972412109375
153,167.34848,14.348480224609375
152,167.41899,15.418991088867188
151,165.33376,14.333755493164062
150,165.88123,15.8812255859375
149,166.41086,17.410858154296875
148,165.38106,17.381057739257812
147,163.62619,16.626190185546875
146,161.35579,15.355789184570312
145,157.01004,12.010040283203125
144,154.65088,10.65087890625
143,154.6463,11.64630126953125
142,153.8131,11.813095092773438
141,154.91933,13.919326782226562
140,157.2699,17.2698974609375
139,156.76193,17.761932373046875
138,157.41315,19.41314697265625
137,154.85736,17.85736083984375
136,153.83868,17.83868408203125
135,154.7972,19.797195434570312
134,155.6052,21.605194091796875
133,156.89018,23.890182495117188
132,159.28265,27.28265380859375
131,159.11716,28.117156982421875
130,159.26755,29.267547607421875
129,156.90007,27.900070190429688
128,152.18945,24.189453125
127,147.60709,20.607086181640625
126,142.92117,16.921173095703125
125,144.7264,19.726394653320312
124,148.16722,24.167221069335938
123,147.81407,24.814071655273438
122,147.10735,25.107345581054688
121,147.50662,26.506622314453125
120,149.09012,29.090118408203125
119,154.73904,35.739044189453125
118,155.6605,37.66050720214844
117,157.6819,40.68190002441406
116,156.03734,40.03733825683594
115,154.34244,39.342437744140625
114,153.94508,39.94508361816406
113,151.63928,38.6392822265625
112,148.98283,36.98283386230469
111,146.26839,35.26838684082031
110,144.11218,34.1121826171875
109,143.90935,34.90934753417969
108,141.55817,33.55816650390625
107,140.12976,33.1297607421875
106,138.69588,32.69587707519531
105,137.17712,32.1771240234375
104,135.08664,31.086639404296875
103,136.89258,33.892578125
102,135.02826,33.02825927734375
101,132.58368,31.58367919921875
100,128.15176,28.151763916015625
99,122.56743,23.567428588867188
98,118.060715,20.060714721679688
97,111.32763,14.327629089355469
96,107.2071,11.207099914550781
95,98.95889,3.958892822265625
94,91.45654,-2.54345703125
93,89.49018,-3.5098190307617188
92,84.25118,-7.748817443847656
91,84.53138,-6.468620300292969
90,83.81367,-6.186332702636719
89,92.32977,3.32977294921875
88,94.730865,6.730865478515625
87,95.075874,8.075874328613281
86,93.8097,7.809700012207031
85,95.474236,10.474235534667969
84,96.72403,12.724029541015625
83,96.42827,13.428268432617188
82,91.72088,9.720878601074219
81,86.17867,5.178672790527344
80,77.431206,-2.5687942504882812
79,75.469345,-3.5306549072265625
78,72.98714,-5.0128631591796875
77,72.412285,-4.587715148925781
76,71.2636,-4.736396789550781
75,73.86829,-1.1317062377929688
74,72.77903,-1.2209701538085938
73,71.604256,-1.3957443237304688
72,76.328415,4.3284149169921875
71,78.872246,7.872245788574219
70,79.84074,9.840736389160156
69,86.60262,17.602622985839844
68,90.84806,22.848060607910156
67,86.91561,19.915611267089844
66,84.21566,18.215660095214844
65,78.71725,13.717247009277344
64,73.12182,9.121818542480469
63,77.34658,14.346580505371094
62,75.733696,13.733695983886719
61,78.71902,17.719017028808594
60,78.833084,18.833084106445312
59,84.473305,25.473304748535156
58,76.176094,18.17609405517578
57,66.20572,9.205718994140625
56,61.875473,5.8754730224609375
55,59.4351,4.435100555419922
54,58.388,4.38800048828125
53,59.10252,6.102519989013672
52,56.268032,4.268032073974609
51,57.03865,6.0386505126953125
50,53.438164,3.4381637573242188
49,54.96189,5.961891174316406
48,51.91647,3.9164695739746094
47,49.729935,2.7299346923828125
46,46.907722,0.9077224731445312
45,44.70124,-0.29875946044921875
44,42.386227,-1.6137733459472656
43,38.803513,-4.1964874267578125
42,38.48311,-3.5168914794921875
41,39.332977,-1.667022705078125
40,38.98953,-1.0104713439941406
39,35.888218,-3.1117820739746094
38,35.30569,-2.6943092346191406
37,34.659557,-2.340442657470703
36,34.446434,-1.5535659790039062
35,33.259964,-1.7400360107421875
34,31.88395,-2.1160507202148438
33,30.194614,-2.8053855895996094
32,31.909359,-0.09064102172851562
31,31.481798,0.4817981719970703
30,33.2393,3.239299774169922
29,32.392372,3.3923721313476562
28,30.506815,2.506814956665039
27,27.855139,0.8551387786865234
26,25.77604,-0.22396087646484375
25,24.789219,-0.21078109741210938
24,22.109905,-1.8900947570800781
23,19.909912,-3.090087890625
22,17.730837,-4.269163131713867
21,16.942337,-4.0576629638671875
20,14.708401,-5.291599273681641
19,11.638264,-7.361736297607422
18,10.600813,-7.399187088012695
17,8.731203,-8.268796920776367
16,8.19011,-7.809889793395996
15,8.104191,-6.895809173583984
14,8.401695,-5.598304748535156
13,7.6132765,-5.386723518371582
12,7.974931,-4.025069236755371
11,8.686976,-2.313023567199707
10,9.577762,-0.4222383499145508
9,8.770157,-0.2298431396484375
8,8.239507,0.23950672149658203
7,7.2584915,0.25849151611328125
6,5.5524244,-0.44757556915283203
5,3.9889815,-1.0110185146331787
4,3.2496836,-0.7503163814544678
3,3.310248,0.31024789810180664
2,2.9215417,0.921541690826416
1,2.9208195,1.9208195209503174
0,1.9346207,1.93462073802948
187,155.6549,-31.3450927734375
186,157.80272,-28.197280883789062
185,162.3504,-22.64959716796875
184,163.13585,-20.864151000976562
183,165.73793,-17.262069702148438
182,162.02274,-19.977264404296875
181,161.81227,-19.187728881835938
180,157.13043,-22.86956787109375
179,161.11148,-17.888519287109375
178,158.46344,-19.53656005859375
177,148.68335,-28.316650390625
176,145.89757,-30.102432250976562
175,139.35486,-35.6451416015625
174,132.22119,-41.77880859375
173,133.53964,-39.460357666015625
172,141.95294,-30.04705810546875
171,150.91656,-20.08343505859375
170,156.74338,-13.256622314453125
169,162.41103,-6.5889739990234375
168,164.21317,-3.786834716796875
167,165.02322,-1.976776123046875
166,167.88013,1.880126953125
165,169.09596,4.0959625244140625
164,170.53345,6.533447265625
163,165.43869,2.438690185546875
162,163.5657,1.565704345703125
161,164.48808,3.4880828857421875
160,159.20679,-0.793212890625
159,156.36703,-2.632965087890625
158,155.39911,-2.60089111328125
157,161.94685,4.9468536376953125
156,160.88437,4.884368896484375
155,167.50783,12.507827758789062
154,166.93723,12.937225341796875
153,172.64722,19.647216796875
152,172.24478,20.244781494140625
151,167.241,16.240997314453125
150,158.77356,8.7735595703125
149,141.61139,-7.38861083984375
148,126.47389,-21.526107788085938
147,114.54888,-32.45111846923828
146,109.90163,-36.09837341308594
145,109.59176,-35.408241271972656
144,115.55998,-28.440017700195312
143,119.53441,-23.465591430664062
142,127.27972,-14.720283508300781
141,134.06111,-6.9388885498046875
140,140.03876,0.03875732421875
139,147.29483,8.294830322265625
138,150.82483,12.8248291015625
137,154.30595,17.305953979492188
136,160.69972,24.699722290039062
135,165.0336,30.033599853515625
134,163.7594,29.7593994140625
133,155.7715,22.771499633789062
132,158.50244,26.50244140625
131,160.93347,29.9334716796875
130,151.48381,21.483810424804688
129,159.13763,30.13763427734375
128,159.70749,31.707489013671875
127,160.98639,33.98638916015625
126,160.1617,34.16169738769531
125,166.19257,41.19256591796875
124,164.86176,40.86175537109375
123,166.41278,43.41278076171875
122,166.22533,44.22532653808594
121,165.04001,44.040008544921875
120,163.19011,43.19010925292969
119,156.66592,37.665924072265625
118,149.25772,31.257720947265625
117,137.1149,20.114898681640625
116,128.4733,12.473297119140625
115,129.0166,14.0166015625
114,144.01794,30.0179443359375
113,134.4396,21.439605712890625
112,133.0832,21.083206176757812
111,134.0924,23.0924072265625
110,141.75099,31.750991821289062
109,151.96512,42.965118408203125
108,154.74188,46.74188232421875
107,154.67972,47.679718017578125
106,157.87067,51.87066650390625
105,156.98972,51.989715576171875
104,146.78458,42.784576416015625
103,141.9184,38.91839599609375
102,141.03955,39.03955078125
101,136.43558,35.435577392578125
100,136.87155,36.871551513671875
99,127.57107,28.571067810058594
98,134.32913,36.329132080078125
97,115.902794,18.902793884277344
96,124.23383,28.23383331298828
95,121.74937,26.749366760253906
94,122.66961,28.66960906982422
93,110.966774,17.966773986816406
92,108.86062,16.860618591308594
91,104.0831,13.083099365234375
90,101.23136,11.231361389160156
89,105.93166,16.931663513183594
88,105.544205,17.544204711914062
87,100.45289,13.452888488769531
86,98.06539,12.065391540527344
85,95.65542,10.655418395996094
84,93.24199,9.241989135742188
83,95.95317,12.953170776367188
82,93.17043,11.170433044433594
81,85.558754,4.558753967285156
80,94.088585,14.088584899902344
79,102.59383,23.593826293945312
78,100.72749,22.727493286132812
77,93.012856,16.012855529785156
76,96.42692,20.426918029785156
75,93.802025,18.802024841308594
74,92.26768,18.267677307128906
73,89.44306,16.44306182861328
72,95.49873,23.498733520507812
71,92.810356,21.81035614013672
70,95.44427,25.44426727294922
69,91.66412,22.66412353515625
68,83.99288,15.992881774902344
67,79.57661,12.576606750488281
66,79.54608,13.54608154296875
65,76.62177,11.621772766113281
64,67.53884,3.5388412475585938
63,58.00506,-4.994941711425781
62,52.672714,-9.327285766601562
61,46.447697,-14.552303314208984
60,47.63057,-12.369430541992188
59,50.384266,-8.615734100341797
58,47.729588,-10.27041244506836
57,47.80404,-9.195960998535156
56,47.455338,-8.544662475585938
55,45.570892,-9.429107666015625
54,47.141945,-6.858055114746094
53,46.65163,-6.348369598388672
52,46.42014,-5.579860687255859
51,44.254932,-6.745067596435547
50,44.741623,-5.2583770751953125
49,45.764366,-3.2356338500976562
48,42.438835,-5.561164855957031
47,42.65975,-4.340248107910156
46,44.479973,-1.5200271606445312
45,44.513443,-0.4865570068359375
44,40.412262,-3.587738037109375
43,40.72027,-2.2797317504882812
42,37.327675,-4.672325134277344
41,38.187283,-2.8127174377441406
40,39.042084,-0.957916259765625
39,38.552437,-0.44756317138671875
38,38.366238,0.3662376403808594
37,40.267303,3.267303466796875
36,39.863808,3.8638076782226562
35,39.03018,4.030181884765625
34,36.4441,2.4440994262695312
33,31.254704,-1.7452964782714844
32,28.025642,-3.9743576049804688
31,27.88421,-3.1157894134521484
30,27.649462,-2.3505382537841797
29,27.711493,-1.2885074615478516
28,28.120255,0.1202545166015625
27,26.62912,-0.370880126953125
26,26.1851,0.18510055541992188
25,26.172588,1.1725883483886719
24,29.833052,5.833051681518555
23,30.854221,7.854221343994141
22,28.34937,6.349369049072266
21,26.064613,5.064613342285156
20,22.065994,2.0659942626953125
19,18.421797,-0.5782032012939453
18,13.701656,-4.298343658447266
17,12.356352,-4.643648147583008
16,11.446512,-4.553487777709961
15,9.186352,-5.813648223876953
14,7.4547577,-6.5452423095703125
13,8.2543745,-4.7456254959106445
12,9.047696,-2.952303886413574
11,8.546653,-2.4533472061157227
10,7.8450212,-2.1549787521362305
9,8.567634,-0.43236637115478516
8,8.497352,0.49735164642333984
7,7.464946,0.46494579315185547
6,6.910701,0.910700798034668
5,6.0166216,1.0166215896606445
4,4.241432,0.24143218994140625
3,4.794737,1.7947368621826172
2,3.2140195,1.214019536972046
1,2.5937884,1.5937883853912354
0,2.078816,2.0788159370422363
125,144.26546,19.265457153320312
124,145.80121,21.80120849609375
123,146.15848,23.158477783203125
122,150.07375,28.073745727539062
121,156.26764,35.26763916015625
120,155.10469,35.10469055175781
119,154.88216,35.88215637207031
118,151.86432,33.86431884765625
117,149.16107,32.16107177734375
116,144.23016,28.23016357421875
115,135.57767,20.577667236328125
114,131.57645,17.576446533203125
113,136.44672,23.44671630859375
112,144.60349,32.603485107421875
111,144.10892,33.108917236328125
110,160.04977,50.049774169921875
109,155.60895,46.60894775390625
108,150.63353,42.63352966308594
107,144.62239,37.62239074707031
106,141.59668,35.5966796875
105,134.90523,29.905227661132812
104,129.91759,25.917587280273438
103,128.97232,25.972320556640625
102,128.06172,26.061721801757812
101,128.34576,27.34576416015625
100,127.27912,27.27912139892578
99,137.0578,38.05780029296875
98,140.80788,42.80787658691406
97,141.2373,44.2373046875
96,141.11061,45.11061096191406
95,136.88124,41.88124084472656
94,133.88043,39.88043212890625
93,127.864235,34.864234924316406
92,134.9501,42.950103759765625
91,133.72324,42.723236083984375
90,128.14845,38.14845275878906
89,126.485405,37.48540496826172
88,133.6184,45.61839294433594
87,121.257515,34.25751495361328
86,122.339424,36.33942413330078
85,114.992775,29.992774963378906
84,118.8009,34.8009033203125
83,116.21107,33.21106719970703
82,108.6531,26.653099060058594
81,102.914696,21.914695739746094
80,103.145226,23.145225524902344
79,99.07723,20.077232360839844
78,92.70182,14.701820373535156
77,93.259544,16.259544372558594
76,91.70153,15.701530456542969
75,92.366806,17.366806030273438
74,93.08473,19.084732055664062
73,91.59753,18.59752655029297
72,88.20437,16.204368591308594
71,85.36378,14.363777160644531
70,85.73723,15.737228393554688
69,84.76937,15.769371032714844
68,75.81635,7.816352844238281
67,71.37151,4.371513366699219
66,70.7022,4.702201843261719
65,71.65572,6.655723571777344
64,74.76821,10.768211364746094
63,75.30788,12.307876586914062
62,75.31547,13.315467834472656
61,75.53104,14.531036376953125
60,88.57343,28.57343292236328
59,83.791794,24.791793823242188
58,87.55681,29.556808471679688
57,94.97262,37.972618103027344
56,100.61983,44.61982727050781
55,92.690865,37.69086456298828
54,91.57126,37.571258544921875
53,84.203415,31.203414916992188
52,77.28884,25.288841247558594
51,75.36911,24.369110107421875
50,70.46622,20.466217041015625
49,73.17712,24.17711639404297
48,64.413475,16.413475036621094
47,63.738037,16.738037109375
46,58.652046,12.652046203613281
45,53.56479,8.564788818359375
44,52.600098,8.60009765625
43,49.494682,6.494682312011719
42,46.65718,4.6571807861328125
41,43.219933,2.2199325561523438
40,41.428032,1.4280319213867188
39,40.7804,1.7803993225097656
38,37.31333,-0.6866683959960938
37,33.971733,-3.0282669067382812
36,32.259155,-3.7408447265625
35,31.678589,-3.3214111328125
34,32.563583,-1.4364166259765625
33,31.97736,-1.0226402282714844
32,30.109676,-1.8903236389160156
31,29.825909,-1.1740913391113281
30,26.703522,-3.296478271484375
29,25.417637,-3.5823631286621094
28,26.46063,-1.5393695831298828
27,25.198503,-1.8014965057373047
26,27.633377,1.6333770751953125
25,26.687923,1.6879234313964844
24,26.414772,2.4147720336914062
23,24.883354,1.8833541870117188
22,24.548485,2.5484848022460938
21,24.472654,3.472654342651367
20,23.709072,3.7090721130371094
19,21.981228,2.9812278747558594
18,20.069199,2.0691986083984375
17,17.82248,0.822479248046875
16,17.365095,1.3650951385498047
15,14.69342,-0.30657958984375
14,14.228031,0.22803115844726562
13,13.924415,0.9244146347045898
12,13.391845,1.3918447494506836
11,11.630335,0.6303348541259766
10,9.528377,-0.47162342071533203
9,8.816615,-0.18338489532470703
8,8.671876,0.6718759536743164
7,7.728816,0.728816032409668
6,6.4655876,0.4655876159667969
5,5.84686,0.8468599319458008
4,4.845338,0.8453378677368164
3,4.7132487,1.7132487297058105
2,4.5570507,2.5570507049560547
1,3.0682771,2.06827712059021
0,2.6475782,2.647578239440918
228,131.44673,-96.55326843261719
227,134.94202,-92.0579833984375
226,142.97661,-83.02339172363281
225,141.20135,-83.79864501953125
224,138.58826,-85.4117431640625
223,132.00491,-90.99508666992188
222,125.89439,-96.1056137084961
221,116.768074,-104.23192596435547
220,115.84616,-104.15383911132812
219,117.07754,-101.9224624633789
218,137.39966,-80.600341796875
217,140.0525,-76.94749450683594
216,137.8101,-78.18989562988281
215,133.10864,-81.891357421875
214,134.42723,-79.57276916503906
213,135.99861,-77.00138854980469
212,136.89543,-75.10456848144531
211,142.96399,-68.0360107421875
210,140.48672,-69.51327514648438
209,129.99506,-79.00494384765625
208,122.584595,-85.4154052734375
207,115.520744,-91.47925567626953
206,109.027504,-96.97249603271484
205,117.353836,-87.64616394042969
204,119.91487,-84.08512878417969
203,138.46164,-64.53836059570312
202,140.64561,-61.35438537597656
201,137.15533,-63.84466552734375
200,137.77808,-62.221923828125
199,135.23386,-63.766143798828125
198,132.86508,-65.13491821289062
197,142.12686,-54.873138427734375
196,147.522,-48.477996826171875
195,148.69261,-46.30738830566406
194,141.40233,-52.59767150878906
193,132.21764,-60.78236389160156
192,110.55645,-81.44355010986328
191,104.76676,-86.23323822021484
190,111.57017,-78.4298324584961
189,118.65624,-70.34375762939453
188,121.837906,-66.16209411621094
187,122.46438,-64.5356216430664
186,117.30807,-68.69193267822266
185,122.24357,-62.756431579589844
184,123.85549,-60.144508361816406
183,122.36626,-60.63374328613281
182,120.82528,-61.174720764160156
181,129.00848,-51.99151611328125
180,138.92204,-41.07795715332031
179,132.42645,-46.57354736328125
178,127.66819,-50.331809997558594
177,123.36638,-53.63362121582031
176,126.2759,-49.724098205566406
175,130.54497,-44.45503234863281
174,132.44656,-41.553436279296875
173,132.12436,-40.875640869140625
172,117.546425,-54.453575134277344
171,95.85117,-75.1488265991211
170,105.2667,-64.7332992553711
169,108.48344,-60.516563415527344
168,120.70382,-47.296180725097656
167,123.44368,-43.55632019042969
166,123.61694,-42.383056640625
165,122.002785,-42.997215270996094
164,121.40968,-42.59031677246094
163,123.32301,-39.67698669433594
162,117.23238,-44.767616271972656
161,115.96525,-45.034751892089844
160,112.0412,-47.95880126953125
159,119.373055,-39.62694549560547
158,108.48907,-49.51093292236328
157,113.17667,-43.823333740234375
156,104.92509,-51.074913024902344
155,103.41358,-51.58641815185547
154,100.40586,-53.594139099121094
153,98.525475,-54.474525451660156
152,95.93087,-56.069129943847656
151,106.85259,-44.14740753173828
150,108.792366,-41.20763397216797
149,102.646935,-46.353065490722656
148,98.067825,-49.93217468261719
147,97.83355,-49.16645050048828
146,108.57003,-37.429969787597656
145,110.35021,-34.64978790283203
144,106.7107,-37.28929901123047
143,104.24876,-38.751243591308594
142,101.14356,-40.85643768310547
141,101.94749,-39.052513122558594
140,115.28084,-24.719161987304688
139,120.55666,-18.443336486816406
138,129.69853,-8.301467895507812
137,123.09269,-13.907310485839844
136,115.27698,-20.7230224609375
135,109.6041,-25.395896911621094
134,117.099174,-16.90082550048828
133,117.5323,-15.467697143554688
132,114.597755,-17.402244567871094
131,112.0711,-18.92890167236328
130,112.68954,-17.310462951660156
129,114.15889,-14.841110229492188
128,118.48956,-9.51043701171875
127,118.016075,-8.983924865722656
126,116.15024,-9.849761962890625
125,109.761375,-15.238624572753906
124,109.72126,-14.278739929199219
123,108.704994,-14.295005798339844
122,102.42789,-19.572113037109375
121,105.5719,-15.4281005859375
120,101.21709,-18.782913208007812
119,94.17739,-24.822608947753906
118,93.980934,-24.019065856933594
117,97.36004,-19.63996124267578
116,98.75216,-17.247840881347656
115,103.25893,-11.741073608398438
114,105.03014,-8.969856262207031
113,106.397545,-6.602455139160156
112,103.799484,-8.200515747070312
111,106.9374,-4.062599182128906
110,109.960945,-0.03905487060546875
109,112.615814,3.615814208984375
108,119.07653,11.076530456542969
107,119.25864,12.258636474609375
106,115.77604,9.776039123535156
105,114.39623,9.396232604980469
104,101.15658,-2.8434219360351562
103,96.68514,-6.314857482910156
102,88.290634,-13.709365844726562
101,82.74137,-18.258628845214844
100,79.10624,-20.893760681152344
99,72.41679,-26.583213806152344
98,66.44107,-31.558929443359375
97,67.195114,-29.804885864257812
96,64.09981,-31.900192260742188
95,60.858784,-34.14121627807617
94,63.951973,-30.04802703857422
93,66.237976,-26.76202392578125
92,63.46809,-28.531909942626953
91,62.78584,-28.214160919189453
90,63.18689,-26.8131103515625
89,61.224678,-27.77532196044922
88,61.888,-26.11199951171875
87,63.085335,-23.91466522216797
86,65.912285,-20.08771514892578
85,71.75475,-13.245246887207031
84,70.986824,-13.013175964355469
83,67.20785,-15.792152404785156
82,64.83978,-17.16021728515625
81,65.90275,-15.097251892089844
80,68.2943,-11.705703735351562
79,68.51229,-10.487709045410156
78,75.60437,-2.3956298828125
77,73.63535,-3.3646469116210938
76,74.091034,-1.908966064453125
75,73.1643,-1.8357009887695312
74,72.47857,-1.5214309692382812
73,74.40824,1.4082412719726562
72,71.93301,-0.06699371337890625
71,70.19155,-0.8084487915039062
70,66.82482,-3.1751785278320312
69,61.960228,-7.039772033691406
68,59.37262,-8.62738037109375
67,59.476307,-7.523693084716797
66,56.49074,-9.509258270263672
65,54.426506,-10.573493957519531
64,49.84211,-14.157890319824219
63,47.4185,-15.581501007080078
62,45.20247,-16.797531127929688
61,44.841034,-16.158966064453125
60,45.639793,-14.360206604003906
59,45.319183,-13.680816650390625
58,48.236263,-9.763736724853516
57,45.584232,-11.415767669677734
56,44.238678,-11.761322021484375
55,40.362595,-14.637405395507812
54,39.918205,-14.081794738769531
53,38.651978,-14.3480224609375
52,38.37082,-13.629180908203125
51,36.5206,-14.479400634765625
50,33.9634,-16.036598205566406
49,36.556496,-12.443504333496094
48,36.67741,-11.322589874267578
47,34.061672,-12.93832778930664
46,33.349365,-12.650634765625
45,32.1067,-12.893299102783203
44,30.968609,-13.031391143798828
43,30.66024,-12.339759826660156
42,31.653234,-10.346765518188477
41,31.391586,-9.608413696289062
40,33.062725,-6.937274932861328
39,31.717606,-7.2823944091796875
38,30.116398,-7.883602142333984
37,29.834188,-7.165811538696289
36,30.424427,-5.575572967529297
35,27.89883,-7.101169586181641
34,25.487698,-8.51230239868164
33,23.848747,-9.151252746582031
32,23.72271,-8.277290344238281
31,22.230135,-8.769865036010742
30,22.245983,-7.754016876220703
29,21.075167,-7.924833297729492
28,22.49448,-5.505519866943359
27,23.38521,-3.6147899627685547
26,23.276068,-2.7239322662353516
25,21.431942,-3.5680580139160156
24,20.753454,-3.2465457916259766
23,18.563221,-4.436779022216797
22,15.871348,-6.1286516189575195
21,13.454166,-7.545833587646484
20,12.932115,-7.067885398864746
19,11.563322,-7.436677932739258
18,10.023871,-7.976128578186035
17,10.869051,-6.130949020385742
16,10.326088,-5.673912048339844
15,10.490483,-4.509516716003418
14,9.625874,-4.374126434326172
13,9.67762,-3.3223800659179688
12,7.001689,-4.9983110427856445
11,5.876398,-5.123601913452148
10,6.0435085,-3.956491470336914
9,5.3762064,-3.623793601989746
8,3.5817637,-4.418236255645752
7,3.400464,-3.5995359420776367
6,2.6806166,-3.319383382797241
5,2.253302,-2.7466979026794434
4,2.337827,-1.6621730327606201
3,1.9038208,-1.0961792469024658
2,1.011319,-0.9886809587478638
1,0.3556602,-0.6443397998809814
0,-0.08928156,-0.08928155899047852
