actual_rul,predicted_rul,residual
257,205.30333,-51.69667053222656
256,188.36066,-67.63934326171875
255,189.28311,-65.71688842773438
254,192.68257,-61.31742858886719
253,198.08527,-54.91473388671875
252,193.8303,-58.16969299316406
251,191.74373,-59.25627136230469
250,195.46333,-54.53666687011719
249,199.40819,-49.59181213378906
248,196.8191,-51.18089294433594
247,188.24754,-58.75245666503906
246,176.44344,-69.55656433105469
245,180.20601,-64.79399108886719
244,187.22798,-56.77201843261719
243,184.03883,-58.96116638183594
242,177.1203,-64.87969970703125
241,180.4846,-60.51539611816406
240,180.52019,-59.47981262207031
239,185.22958,-53.770416259765625
238,189.56075,-48.43925476074219
237,191.36403,-45.63597106933594
236,193.9564,-42.04359436035156
235,197.64833,-37.35166931152344
234,201.03853,-32.96147155761719
233,202.77306,-30.226943969726562
232,206.11208,-25.887924194335938
231,208.04248,-22.95751953125
230,202.01997,-27.980026245117188
229,198.93161,-30.068389892578125
228,185.44807,-42.55192565917969
227,180.8651,-46.13490295410156
226,178.85574,-47.144256591796875
225,179.61151,-45.38848876953125
224,175.61998,-48.38002014160156
223,175.66054,-47.33946228027344
222,176.78214,-45.217864990234375
221,179.32872,-41.67127990722656
220,182.83429,-37.16571044921875
219,179.99443,-39.00556945800781
218,174.97789,-43.02210998535156
217,169.44476,-47.55523681640625
216,169.09743,-46.90257263183594
215,172.73177,-42.26823425292969
214,178.36525,-35.63475036621094
213,183.54977,-29.450225830078125
212,193.62108,-18.378921508789062
211,196.58553,-14.414474487304688
210,198.14122,-11.858779907226562
209,199.0949,-9.905105590820312
208,191.90407,-16.095932006835938
207,193.39641,-13.603591918945312
206,198.64067,-7.3593292236328125
205,201.51033,-3.4896697998046875
204,204.4397,0.439697265625
203,205.1418,2.1417999267578125
202,208.26543,6.2654266357421875
201,207.24432,6.24432373046875
200,204.38687,4.386871337890625
199,200.7111,1.7111053466796875
198,187.07707,-10.922927856445312
197,179.59888,-17.401123046875
196,177.14815,-18.851852416992188
195,174.16505,-20.834945678710938
194,176.42732,-17.572677612304688
193,175.58984,-17.41015625
192,173.18233,-18.817672729492188
191,173.4835,-17.516494750976562
190,170.76826,-19.231735229492188
189,172.70818,-16.291824340820312
188,172.95116,-15.048843383789062
187,166.75603,-20.243972778320312
186,166.15558,-19.84442138671875
185,164.72395,-20.276046752929688
184,167.6103,-16.389694213867188
183,168.30449,-14.695510864257812
182,167.74576,-14.254241943359375
181,166.60143,-14.398574829101562
180,167.19458,-12.805419921875
179,167.59143,-11.4085693359375
178,165.95514,-12.04486083984375
177,165.42238,-11.577621459960938
176,169.41835,-6.5816497802734375
175,168.70815,-6.2918548583984375
174,171.70267,-2.297332763671875
173,175.31375,2.313751220703125
172,176.3834,4.3834075927734375
171,182.57704,11.577041625976562
170,183.45972,13.459716796875
169,181.15103,12.151031494140625
168,173.83794,5.8379364013671875
167,171.10999,4.1099853515625
166,176.1803,10.1802978515625
165,173.54733,8.547332763671875
164,169.15108,5.1510772705078125
163,170.08562,7.0856170654296875
162,171.425,9.425003051757812
161,166.72194,5.7219390869140625
160,159.56172,-0.4382781982421875
159,162.94194,3.9419403076171875
158,166.57628,8.576278686523438
157,164.78801,7.7880096435546875
156,165.22052,9.22052001953125
155,164.23775,9.237747192382812
154,158.79182,4.7918243408203125
153,154.3768,1.376800537109375
152,151.19508,-0.8049163818359375
151,154.93886,3.9388580322265625
150,155.70142,5.701416015625
149,155.95279,6.952789306640625
148,153.89877,5.898773193359375
147,153.49889,6.4988861083984375
146,151.95567,5.9556732177734375
145,149.4683,4.4683074951171875
144,143.56969,-0.4303131103515625
143,144.21504,1.2150421142578125
142,141.89713,-0.102874755859375
141,137.42525,-3.5747528076171875
140,131.43098,-8.569015502929688
139,131.73817,-7.2618255615234375
138,132.30948,-5.690521240234375
137,138.6002,1.6002044677734375
136,139.84285,3.8428497314453125
135,133.98422,-1.015777587890625
134,120.55581,-13.444190979003906
133,118.386566,-14.613433837890625
132,120.10507,-11.894927978515625
131,122.881516,-8.118484497070312
130,120.83507,-9.164932250976562
129,117.41694,-11.583061218261719
128,122.78392,-5.2160797119140625
127,118.166534,-8.833465576171875
126,111.02677,-14.973228454589844
125,113.985,-11.014999389648438
124,109.57925,-14.420753479003906
123,106.88773,-16.112266540527344
122,115.35527,-6.6447296142578125
121,123.019165,2.0191650390625
120,123.86221,3.862213134765625
119,119.309814,0.309814453125
118,113.026474,-4.9735260009765625
117,112.69594,-4.3040618896484375
116,107.535065,-8.464935302734375
115,102.55288,-12.447120666503906
114,96.685974,-17.31402587890625
113,97.839424,-15.160575866699219
112,103.5,-8.5
111,96.91525,-14.084747314453125
110,91.52866,-18.471336364746094
109,89.52487,-19.475128173828125
108,90.12969,-17.87030792236328
107,93.483574,-13.516426086425781
106,120.82234,14.822341918945312
105,121.35982,16.359817504882812
104,104.71436,0.7143630981445312
103,100.90027,-2.0997314453125
102,117.819305,15.819305419921875
101,94.6344,-6.3656005859375
100,79.145355,-20.854644775390625
99,78.6504,-20.34960174560547
98,80.16101,-17.8389892578125
97,84.89053,-12.109466552734375
96,92.196,-3.8040008544921875
95,122.30879,27.308792114257812
94,97.78369,3.78369140625
93,76.538956,-16.461044311523438
92,71.02448,-20.97551727294922
91,70.30702,-20.692977905273438
90,83.34888,-6.651123046875
89,80.50305,-8.4969482421875
88,76.64679,-11.35321044921875
87,75.53624,-11.463760375976562
86,78.088356,-7.911643981933594
85,74.16207,-10.837928771972656
84,62.95727,-21.042728424072266
83,61.205227,-21.79477310180664
82,58.756504,-23.24349594116211
81,66.21663,-14.783370971679688
80,73.25583,-6.744171142578125
79,71.55347,-7.446533203125
78,74.06337,-3.9366302490234375
77,66.336685,-10.663314819335938
76,73.753235,-2.24676513671875
75,67.819595,-7.1804046630859375
74,66.82036,-7.1796417236328125
73,73.011505,0.011505126953125
72,75.05347,3.053466796875
71,71.3534,0.35340118408203125
70,68.70732,-1.2926788330078125
69,63.16933,-5.830669403076172
68,58.879124,-9.12087631225586
67,59.30059,-7.699409484863281
66,60.825855,-5.174144744873047
65,58.38986,-6.610141754150391
64,55.484444,-8.515556335449219
63,47.005253,-15.994747161865234
62,44.72157,-17.278430938720703
61,44.797565,-16.202434539794922
60,46.622643,-13.377357482910156
59,49.035183,-9.96481704711914
58,49.05499,-8.945011138916016
57,46.527164,-10.472835540771484
56,47.975082,-8.024917602539062
55,49.30077,-5.699230194091797
54,47.03629,-6.963710784912109
53,48.497715,-4.502285003662109
52,46.913097,-5.086902618408203
51,43.591824,-7.408176422119141
50,40.55805,-9.441951751708984
49,37.423416,-11.576583862304688
48,36.050262,-11.949737548828125
47,37.240135,-9.759864807128906
46,35.413174,-10.58682632446289
45,37.35191,-7.648090362548828
44,40.194885,-3.80511474609375
43,39.941574,-3.0584259033203125
42,36.33894,-5.661060333251953
41,35.541866,-5.458133697509766
40,34.543427,-5.456573486328125
39,32.277687,-6.722312927246094
38,29.674103,-8.325897216796875
37,27.610743,-9.389257431030273
36,29.601782,-6.398218154907227
35,28.718096,-6.281904220581055
34,31.138025,-2.8619747161865234
33,22.882433,-10.11756706237793
32,23.268204,-8.731796264648438
31,23.464142,-7.535858154296875
30,22.11857,-7.881429672241211
29,22.288786,-6.711214065551758
28,21.194342,-6.805658340454102
27,22.634336,-4.365663528442383
26,22.947493,-3.0525074005126953
25,25.647655,0.6476554870605469
24,26.851974,2.8519744873046875
23,23.505423,0.5054225921630859
22,23.761435,1.761434555053711
21,24.938427,3.938426971435547
20,25.363962,5.363962173461914
19,25.741894,6.741893768310547
18,22.675577,4.675577163696289
17,20.108915,3.108915328979492
16,14.873768,-1.1262321472167969
15,14.689274,-0.3107261657714844
14,16.083992,2.0839920043945312
13,13.672976,0.6729755401611328
12,13.652809,1.6528091430664062
11,11.767807,0.7678070068359375
10,11.294245,1.2942447662353516
9,8.779171,-0.22082901000976562
8,5.003916,-2.996084213256836
7,5.98535,-1.0146498680114746
6,5.2415957,-0.7584042549133301
5,4.407078,-0.5929222106933594
4,3.6331553,-0.36684465408325195
3,3.3581238,0.358123779296875
2,2.628786,0.6287860870361328
1,2.9386582,1.9386582374572754
0,1.674128,1.6741280555725098
239,181.3247,-57.67529296875
238,183.60373,-54.396270751953125
237,184.4393,-52.560699462890625
236,180.83813,-55.161865234375
235,181.38626,-53.613739013671875
234,182.25047,-51.74952697753906
233,185.30685,-47.693145751953125
232,183.74179,-48.258209228515625
231,182.13155,-48.86845397949219
230,181.91203,-48.08796691894531
229,176.38084,-52.61915588378906
228,170.11508,-57.884918212890625
227,162.54588,-64.45411682128906
226,163.65187,-62.34812927246094
225,168.3862,-56.613800048828125
224,174.71349,-49.28651428222656
223,173.16219,-49.83781433105469
222,177.12035,-44.87965393066406
221,183.07605,-37.9239501953125
220,183.92122,-36.07878112792969
219,181.79314,-37.20686340332031
218,179.2804,-38.7196044921875
217,179.09055,-37.909454345703125
216,177.1499,-38.85009765625
215,175.39719,-39.602813720703125
214,180.11234,-33.887664794921875
213,187.39406,-25.605941772460938
212,188.09361,-23.906387329101562
211,184.72127,-26.278732299804688
210,183.94136,-26.058639526367188
209,178.79823,-30.201766967773438
208,177.40329,-30.596710205078125
207,175.1318,-31.868194580078125
206,172.49846,-33.50154113769531
205,169.16232,-35.837677001953125
204,174.63506,-29.364944458007812
203,176.69527,-26.304733276367188
202,179.84605,-22.153945922851562
201,179.08336,-21.916641235351562
200,178.92065,-21.079345703125
199,183.5327,-15.467300415039062
198,181.3846,-16.615402221679688
197,179.21216,-17.787841796875
196,175.04613,-20.953872680664062
195,172.0814,-22.918594360351562
194,169.87157,-24.128433227539062
193,160.35101,-32.64898681640625
192,150.99663,-41.00337219238281
191,148.5146,-42.48539733886719
190,150.47238,-39.527618408203125
189,154.67293,-34.32707214355469
188,149.24596,-38.75404357910156
187,144.8852,-42.11480712890625
186,150.48946,-35.51054382324219
185,150.98189,-34.01811218261719
184,147.82701,-36.17298889160156
183,144.43193,-38.56806945800781
182,149.24059,-32.75941467285156
181,152.49846,-28.501541137695312
180,152.76314,-27.236862182617188
179,158.80385,-20.196151733398438
178,161.65244,-16.347564697265625
177,168.03326,-8.96673583984375
176,169.46242,-6.5375823974609375
175,163.59816,-11.401840209960938
174,159.81487,-14.185134887695312
173,156.80103,-16.198974609375
172,156.14911,-15.85089111328125
171,159.97563,-11.024368286132812
170,165.33937,-4.6606292724609375
169,171.95842,2.9584197998046875
168,162.15947,-5.8405303955078125
167,156.2598,-10.740203857421875
166,151.34502,-14.654983520507812
165,145.02077,-19.979232788085938
164,137.7903,-26.209701538085938
163,137.58745,-25.412551879882812
162,139.19933,-22.800674438476562
161,134.35555,-26.644454956054688
160,135.12099,-24.879013061523438
159,143.61241,-15.387588500976562
158,146.21938,-11.780624389648438
157,146.74196,-10.258041381835938
156,148.004,-7.996002197265625
155,148.2419,-6.7581024169921875
154,150.65318,-3.3468170166015625
153,158.68727,5.6872711181640625
152,157.74516,5.7451629638671875
151,158.31723,7.317230224609375
150,156.87663,6.8766326904296875
149,147.52611,-1.4738922119140625
148,133.04753,-14.952468872070312
147,131.5448,-15.4552001953125
146,138.10406,-7.89593505859375
145,129.25041,-15.749588012695312
144,129.36162,-14.638381958007812
143,126.9054,-16.09459686279297
142,129.47855,-12.521453857421875
141,125.76559,-15.234413146972656
140,127.33711,-12.662887573242188
139,114.520294,-24.479705810546875
138,107.282196,-30.717803955078125
137,107.14382,-29.856178283691406
136,105.89721,-30.10279083251953
135,111.59633,-23.403671264648438
134,116.942345,-17.057655334472656
133,128.48734,-4.512664794921875
132,132.3793,0.379302978515625
131,133.36449,2.3644866943359375
130,135.16588,5.1658782958984375
129,129.5814,0.5814056396484375
128,117.80879,-10.191207885742188
127,119.3418,-7.658203125
126,124.432655,-1.5673446655273438
125,124.602646,-0.3973541259765625
124,125.03687,1.0368728637695312
123,117.888466,-5.111534118652344
122,114.22771,-7.7722930908203125
121,121.199295,0.1992950439453125
120,122.94858,2.948577880859375
119,115.48029,-3.5197067260742188
118,105.78261,-12.217391967773438
117,103.66742,-13.33258056640625
116,97.66716,-18.332839965820312
115,97.60917,-17.390830993652344
114,97.823456,-16.176544189453125
113,93.7754,-19.22460174560547
112,91.267265,-20.73273468017578
111,85.56663,-25.433372497558594
110,84.16575,-25.834251403808594
109,79.519516,-29.480484008789062
108,80.2657,-27.734298706054688
107,85.368034,-21.63196563720703
106,83.059906,-22.940093994140625
105,79.58916,-25.410842895507812
104,75.923874,-28.076126098632812
103,76.72839,-26.2716064453125
102,78.01373,-23.98626708984375
101,82.725975,-18.274024963378906
100,80.41432,-19.585678100585938
99,80.874725,-18.125274658203125
98,73.81573,-24.18427276611328
97,71.767166,-25.232833862304688
96,75.94655,-20.053451538085938
95,83.42366,-11.576339721679688
94,82.44565,-11.554351806640625
93,77.230095,-15.769905090332031
92,76.34851,-15.6514892578125
91,81.755646,-9.244354248046875
90,83.66995,-6.330047607421875
89,86.95209,-2.04791259765625
88,93.67686,5.676856994628906
87,91.98564,4.9856414794921875
86,81.38013,-4.619873046875
85,74.705765,-10.294235229492188
84,71.13484,-12.865158081054688
83,72.51987,-10.480133056640625
82,70.04846,-11.9515380859375
81,68.41291,-12.587089538574219
80,67.51662,-12.483383178710938
79,65.91584,-13.084159851074219
78,65.24005,-12.75994873046875
77,65.704025,-11.295974731445312
76,60.012714,-15.987285614013672
75,56.292255,-18.707744598388672
74,53.71962,-20.280380249023438
73,49.372017,-23.62798309326172
72,52.75384,-19.246158599853516
71,50.822693,-20.17730712890625
70,44.091885,-25.90811538696289
69,47.845966,-21.154033660888672
68,46.863194,-21.13680648803711
67,44.775295,-22.22470474243164
66,43.80985,-22.19015121459961
65,45.143055,-19.856945037841797
64,46.79015,-17.209850311279297
63,44.510975,-18.489025115966797
62,43.486324,-18.513675689697266
61,43.869514,-17.13048553466797
60,47.292725,-12.707275390625
59,45.364285,-13.63571548461914
58,45.190266,-12.809734344482422
57,41.71234,-15.28765869140625
56,40.877026,-15.122974395751953
55,44.073837,-10.926162719726562
54,42.293488,-11.706512451171875
53,41.95165,-11.048351287841797
52,38.753345,-13.246654510498047
51,37.842976,-13.157024383544922
50,36.36526,-13.63473892211914
49,34.589268,-14.41073226928711
48,34.51584,-13.484161376953125
47,33.805637,-13.19436264038086
46,32.48776,-13.51224136352539
45,36.060806,-8.939193725585938
44,35.266476,-8.733524322509766
43,36.62643,-6.373569488525391
42,38.21481,-3.7851905822753906
41,38.47456,-2.525440216064453
40,37.012676,-2.987323760986328
39,33.834824,-5.1651763916015625
38,33.17209,-4.827911376953125
37,32.76099,-4.239009857177734
36,31.372208,-4.6277923583984375
35,30.414667,-4.585332870483398
34,30.582726,-3.4172744750976562
33,29.976456,-3.0235443115234375
32,29.197792,-2.8022079467773438
31,28.93387,-2.066129684448242
30,29.255156,-0.7448444366455078
29,29.706762,0.7067623138427734
28,30.153158,2.153158187866211
27,27.282328,0.28232765197753906
26,22.951107,-3.0488929748535156
25,21.69214,-3.307859420776367
24,19.673738,-4.326261520385742
23,16.790218,-6.209781646728516
22,15.34499,-6.655010223388672
21,16.724987,-4.275012969970703
20,13.983728,-6.016271591186523
19,14.30209,-4.697910308837891
18,13.711939,-4.288061141967773
17,14.417458,-2.5825424194335938
16,11.012678,-4.987321853637695
15,10.182257,-4.817743301391602
14,5.6483517,-8.351648330688477
13,8.4284115,-4.571588516235352
12,8.665939,-3.3340606689453125
11,6.7253547,-4.2746453285217285
10,3.9167528,-6.083247184753418
9,5.511718,-3.4882822036743164
8,6.2412744,-1.758725643157959
7,6.493653,-0.5063471794128418
6,5.196117,-0.8038830757141113
5,2.509324,-2.490675926208496
4,2.5059485,-1.494051456451416
3,1.928792,-1.0712080001831055
2,1.3519659,-0.6480340957641602
1,1.6713648,0.6713647842407227
0,1.0066247,1.006624698638916
120,159.18794,39.18794250488281
119,158.96536,39.965362548828125
118,152.99562,34.99562072753906
117,143.46562,26.465621948242188
116,134.26683,18.266830444335938
115,127.49058,12.490577697753906
114,107.779076,-6.220924377441406
113,112.59895,-0.4010467529296875
112,114.57378,2.5737762451171875
111,110.944534,-0.0554656982421875
110,111.80189,1.8018875122070312
109,102.329254,-6.670745849609375
108,96.566055,-11.433944702148438
107,111.932434,4.93243408203125
106,108.51417,2.5141677856445312
105,109.57954,4.579536437988281
104,127.41906,23.41905975341797
103,123.61782,20.617820739746094
102,119.989044,17.989044189453125
101,114.883484,13.88348388671875
100,114.06152,14.0615234375
99,98.41878,-0.5812225341796875
98,91.797325,-6.202674865722656
97,91.58363,-5.4163665771484375
96,95.76675,-0.23325347900390625
95,98.25752,3.2575225830078125
94,118.28099,24.280990600585938
93,118.81447,25.814468383789062
92,119.454636,27.454635620117188
91,114.9986,23.99859619140625
90,114.46484,24.46484375
89,122.24321,33.24320983886719
88,119.18687,31.186866760253906
87,112.93023,25.93022918701172
86,105.239586,19.239585876464844
85,93.30817,8.30816650390625
84,86.63467,2.6346664428710938
83,80.808426,-2.1915740966796875
82,85.6535,3.65350341796875
81,87.91174,6.9117431640625
80,91.9507,11.950698852539062
79,90.15142,11.151420593261719
78,91.63887,13.638870239257812
77,91.36049,14.360488891601562
76,100.04227,24.042266845703125
75,103.10301,28.103012084960938
74,112.80907,38.80906677246094
73,106.11848,33.11847686767578
72,97.60735,25.60735321044922
71,95.949814,24.949813842773438
70,89.54248,19.54248046875
69,83.43346,14.433456420898438
68,77.41543,9.415428161621094
67,78.48916,11.489158630371094
66,76.48021,10.480209350585938
65,71.74239,6.742393493652344
64,63.481182,-0.5188179016113281
63,56.523952,-6.476047515869141
62,46.10343,-15.896568298339844
61,50.804268,-10.195732116699219
60,47.550938,-12.44906234741211
59,51.281033,-7.718967437744141
58,54.171368,-3.828632354736328
57,62.818398,5.818397521972656
56,58.237064,2.2370643615722656
55,57.024868,2.0248680114746094
54,52.65275,-1.3472518920898438
53,51.90461,-1.0953903198242188
52,59.809772,7.809772491455078
51,58.31987,7.3198699951171875
50,49.85366,-0.14633941650390625
49,51.71818,2.718181610107422
48,59.283886,11.283885955810547
47,64.999214,17.99921417236328
46,67.148766,21.148765563964844
45,71.05668,26.056678771972656
44,70.1991,26.1990966796875
43,65.601204,22.60120391845703
42,60.26197,18.26197052001953
41,55.523037,14.52303695678711
40,54.05225,14.052249908447266
39,51.543365,12.543365478515625
38,47.541035,9.541034698486328
37,47.34599,10.345989227294922
36,48.625896,12.625896453857422
35,49.61161,14.611610412597656
34,44.560436,10.560436248779297
33,42.50503,9.50503158569336
32,40.437508,8.437507629394531
31,40.334652,9.334651947021484
30,36.822395,6.822395324707031
29,35.613247,6.613246917724609
28,30.481314,2.481313705444336
27,27.31581,0.3158092498779297
26,24.104237,-1.8957633972167969
25,21.861414,-3.1385860443115234
24,19.993872,-4.006128311157227
23,20.471207,-2.5287933349609375
22,20.19588,-1.8041191101074219
21,18.928514,-2.0714855194091797
20,18.534552,-1.4654483795166016
19,13.922514,-5.077486038208008
18,15.276138,-2.7238616943359375
17,13.919201,-3.080799102783203
16,13.342743,-2.657257080078125
15,15.393826,0.3938255310058594
14,15.850664,1.8506641387939453
13,13.234123,0.23412322998046875
12,12.974998,0.9749984741210938
11,13.89332,2.893320083618164
10,15.883003,5.883003234863281
9,17.865932,8.86593246459961
8,15.568069,7.5680694580078125
7,11.178606,4.178606033325195
6,9.24642,3.246419906616211
5,8.752218,3.752218246459961
4,7.008243,3.0082430839538574
3,5.2939677,2.2939677238464355
2,5.4886594,3.488659381866455
1,2.672132,1.6721320152282715
0,1.05408,1.0540800094604492
210,173.05984,-36.940155029296875
209,177.26909,-31.730911254882812
208,175.59848,-32.401519775390625
207,176.07481,-30.925186157226562
206,173.97041,-32.02958679199219
205,178.3478,-26.652206420898438
204,178.57164,-25.428359985351562
203,176.86705,-26.132949829101562
202,180.05412,-21.945877075195312
201,179.76158,-21.238418579101562
200,177.07631,-22.923690795898438
199,176.87901,-22.120986938476562
198,174.47432,-23.525680541992188
197,174.55144,-22.448562622070312
196,173.74141,-22.258590698242188
195,177.75594,-17.244064331054688
194,182.29433,-11.705673217773438
193,179.34715,-13.652847290039062
192,174.50813,-17.491867065429688
191,173.8316,-17.16839599609375
190,168.40482,-21.595184326171875
189,166.10353,-22.896469116210938
188,170.56126,-17.438735961914062
187,172.71024,-14.289764404296875
186,176.73688,-9.26312255859375
185,175.27147,-9.728530883789062
184,170.87204,-13.127960205078125
183,168.8022,-14.197799682617188
182,167.40575,-14.594253540039062
181,163.26953,-17.73046875
180,161.13304,-18.866958618164062
179,161.4969,-17.503097534179688
178,166.4945,-11.5054931640625
177,171.7769,-5.2230987548828125
176,176.10765,0.1076507568359375
175,170.25536,-4.7446441650390625
174,165.26758,-8.732421875
173,166.12988,-6.8701171875
172,163.66435,-8.335647583007812
171,158.29164,-12.708358764648438
170,155.55005,-14.449951171875
169,155.47188,-13.528121948242188
168,152.13295,-15.867050170898438
167,153.64037,-13.359634399414062
166,153.75739,-12.24261474609375
165,158.80983,-6.1901702880859375
164,156.84926,-7.1507415771484375
163,156.49724,-6.5027618408203125
162,157.19896,-4.8010406494140625
161,155.72516,-5.27484130859375
160,155.83482,-4.1651763916015625
159,160.15591,1.155914306640625
158,163.8226,5.822601318359375
157,161.52681,4.5268096923828125
156,153.7676,-2.2324066162109375
155,149.87646,-5.12353515625
154,141.04707,-12.952926635742188
153,139.9799,-13.020095825195312
152,139.63345,-12.366546630859375
151,132.54314,-18.456863403320312
150,130.83876,-19.161239624023438
149,132.86821,-16.131790161132812
148,128.70139,-19.298614501953125
147,127.19225,-19.80774688720703
146,126.9291,-19.070899963378906
145,133.16708,-11.832916259765625
144,143.60838,-0.3916168212890625
143,144.43593,1.4359283447265625
142,140.3098,-1.6902008056640625
141,143.3972,2.3972015380859375
140,143.05913,3.0591278076171875
139,149.80505,10.8050537109375
138,149.10841,11.108413696289062
137,146.52985,9.52984619140625
136,142.90984,6.9098358154296875
135,135.74303,0.7430267333984375
134,138.91795,4.9179534912109375
133,145.76744,12.767440795898438
132,156.35396,24.353958129882812
131,165.2035,34.20350646972656
130,173.9862,43.9862060546875
129,179.88492,50.884918212890625
128,177.78136,49.78135681152344
127,180.2994,53.29939270019531
126,175.08081,49.080810546875
125,170.11726,45.11726379394531
124,159.87323,35.87322998046875
123,154.21312,31.213119506835938
122,136.34154,14.341537475585938
121,132.0794,11.07940673828125
120,124.62186,4.621856689453125
119,128.26164,9.261642456054688
118,116.68634,-1.31365966796875
117,104.26276,-12.73724365234375
116,101.942314,-14.057685852050781
115,100.519516,-14.480484008789062
114,101.36066,-12.63934326171875
113,105.57854,-7.4214630126953125
112,103.29615,-8.703849792480469
111,98.33246,-12.66754150390625
110,97.1591,-12.840896606445312
109,104.03342,-4.966583251953125
108,107.03233,-0.9676666259765625
107,108.04425,1.04425048828125
106,104.712585,-1.28741455078125
105,116.215546,11.215545654296875
104,95.394165,-8.6058349609375
103,94.15259,-8.847412109375
102,93.00093,-8.999069213867188
101,89.88406,-11.115936279296875
100,89.72586,-10.274139404296875
99,90.01666,-8.98333740234375
98,97.13883,-0.8611679077148438
97,103.885605,6.8856048583984375
96,105.07159,9.071586608886719
95,97.39821,2.3982086181640625
94,91.744644,-2.2553558349609375
93,81.64253,-11.357467651367188
92,76.26439,-15.735610961914062
91,69.99853,-21.00147247314453
90,74.004074,-15.995925903320312
89,78.556854,-10.443145751953125
88,73.00357,-14.996429443359375
87,66.7228,-20.277198791503906
86,68.32979,-17.670211791992188
85,75.19199,-9.808006286621094
84,77.81149,-6.188507080078125
83,75.920746,-7.079254150390625
82,78.09076,-3.90924072265625
81,79.93328,-1.0667190551757812
80,75.489,-4.5110015869140625
79,78.97097,-0.02902984619140625
78,78.71988,0.719879150390625
77,86.83771,9.83770751953125
76,82.02921,6.029212951660156
75,74.90565,-0.09435272216796875
74,73.90499,-0.09500885009765625
73,72.633644,-0.36635589599609375
72,65.5106,-6.489402770996094
71,64.72657,-6.273429870605469
70,68.04227,-1.957733154296875
69,64.906555,-4.09344482421875
68,68.483795,0.483795166015625
67,76.81798,9.817977905273438
66,79.25938,13.259376525878906
65,69.3056,4.30560302734375
64,80.44335,16.44335174560547
63,81.02336,18.023361206054688
62,75.864494,13.864494323730469
61,64.351425,3.3514251708984375
60,62.533997,2.53399658203125
59,58.267365,-0.732635498046875
58,56.849045,-1.1509552001953125
57,49.982346,-7.0176544189453125
56,49.169716,-6.830284118652344
55,44.316547,-10.683452606201172
54,44.807133,-9.192867279052734
53,50.1161,-2.883899688720703
52,49.33436,-2.6656417846679688
51,50.628193,-0.3718070983886719
50,44.99925,-5.000751495361328
49,48.505947,-0.4940528869628906
48,46.443928,-1.5560722351074219
47,46.640827,-0.3591728210449219
46,50.957714,4.957714080810547
45,38.74177,-6.258228302001953
44,34.50365,-9.496349334716797
43,34.02007,-8.979930877685547
42,33.3771,-8.62289810180664
41,34.037205,-6.962795257568359
40,33.768597,-6.231403350830078
39,36.96419,-2.035808563232422
38,36.51933,-1.4806709289550781
37,36.035618,-0.9643821716308594
36,33.81059,-2.189411163330078
35,30.712431,-4.287569046020508
34,29.90905,-4.090950012207031
33,30.373291,-2.626708984375
32,32.05627,0.056270599365234375
31,32.202694,1.2026939392089844
30,30.777319,0.7773189544677734
29,31.68754,2.687540054321289
28,30.370878,2.370878219604492
27,26.246553,-0.7534465789794922
26,22.758608,-3.241392135620117
25,21.842812,-3.1571884155273438
24,21.520819,-2.4791812896728516
23,23.197855,0.19785499572753906
22,23.086826,1.0868263244628906
21,19.611425,-1.3885746002197266
20,17.973648,-2.0263519287109375
19,17.647692,-1.3523082733154297
18,17.873686,-0.1263141632080078
17,18.769796,1.769796371459961
16,19.981873,3.98187255859375
15,18.40701,3.4070091247558594
14,14.763304,0.7633037567138672
13,13.505838,0.5058383941650391
12,11.486721,-0.5132789611816406
11,11.521915,0.5219154357910156
10,10.087395,0.08739471435546875
9,10.947861,1.9478607177734375
8,9.860363,1.8603630065917969
7,11.393057,4.393056869506836
6,7.213232,1.2132320404052734
5,6.0276575,1.0276575088500977
4,4.708586,0.7085862159729004
3,3.5757728,0.575772762298584
2,2.9915018,0.9915018081665039
1,2.3309321,1.3309321403503418
0,1.5365496,1.5365495681762695
133,147.71432,14.714324951171875
132,146.5992,14.599197387695312
131,151.80766,20.807662963867188
130,146.0341,16.034103393554688
129,142.86812,13.868118286132812
128,149.21771,21.21771240234375
127,148.90726,21.907257080078125
126,150.17932,24.1793212890625
125,146.46358,21.463577270507812
124,150.87564,26.875640869140625
123,151.57808,28.578079223632812
122,150.57854,28.578536987304688
121,145.13924,24.139236450195312
120,141.26137,21.261367797851562
119,140.42947,21.429473876953125
118,142.9579,24.957901000976562
117,140.6761,23.676101684570312
116,146.57079,30.570785522460938
115,151.20078,36.200775146484375
114,137.80061,23.800613403320312
113,122.03595,9.03594970703125
112,120.9939,8.993896484375
111,118.807495,7.8074951171875
110,120.31063,10.310630798339844
109,131.30891,22.308914184570312
108,141.58896,33.588958740234375
107,150.39366,43.39366149902344
106,149.61427,43.61427307128906
105,137.55763,32.55763244628906
104,130.49112,26.491119384765625
103,126.64509,23.64508819580078
102,125.6312,23.631202697753906
101,119.25482,18.25482177734375
100,128.48671,28.486709594726562
99,136.97743,37.97743225097656
98,130.72563,32.72563171386719
97,131.0966,34.09660339355469
96,127.32753,31.327529907226562
95,120.9763,25.976303100585938
94,127.009,33.009002685546875
93,126.534164,33.53416442871094
92,127.276764,35.276763916015625
91,117.016266,26.016265869140625
90,103.85892,13.858917236328125
89,113.32893,24.328933715820312
88,108.79706,20.79705810546875
87,98.352356,11.35235595703125
86,105.287384,19.287384033203125
85,100.49896,15.49896240234375
84,95.713394,11.713394165039062
83,90.42886,7.428863525390625
82,91.73931,9.739311218261719
81,88.360016,7.360015869140625
80,91.736534,11.736534118652344
79,93.885574,14.885574340820312
78,93.170204,15.170204162597656
77,103.653275,26.653274536132812
76,99.434654,23.434654235839844
75,97.625694,22.625694274902344
74,97.133484,23.13348388671875
73,100.80325,27.803253173828125
72,97.07214,25.0721435546875
71,97.52279,26.522789001464844
70,97.374146,27.3741455078125
69,93.98839,24.988388061523438
68,83.16778,15.167778015136719
67,82.64201,15.642013549804688
66,82.68577,16.685768127441406
65,79.50115,14.501152038574219
64,83.87982,19.87982177734375
63,88.59378,25.593780517578125
62,80.2638,18.26380157470703
61,75.76157,14.761573791503906
60,71.15896,11.158958435058594
59,73.15196,14.151962280273438
58,69.40021,11.40020751953125
57,56.92593,-0.07406997680664062
56,57.080215,1.0802154541015625
55,47.668427,-7.331573486328125
54,48.240692,-5.759307861328125
53,46.51721,-6.482791900634766
52,38.247944,-13.752056121826172
51,38.103672,-12.89632797241211
50,38.7229,-11.277099609375
49,39.931667,-9.06833267211914
48,39.395046,-8.60495376586914
47,43.091125,-3.90887451171875
46,37.26263,-8.737369537353516
45,40.398724,-4.601276397705078
44,41.899563,-2.1004371643066406
43,45.079235,2.079235076904297
42,48.421146,6.421146392822266
41,51.690083,10.690082550048828
40,48.274216,8.274215698242188
39,48.64089,9.640888214111328
38,41.882595,3.8825950622558594
37,41.227913,4.227912902832031
36,43.52622,7.526218414306641
35,43.976673,8.976673126220703
34,46.99481,12.994808197021484
33,51.46333,18.463329315185547
32,48.11812,16.118118286132812
31,48.316956,17.31695556640625
30,44.22054,14.220539093017578
29,40.381218,11.381217956542969
28,38.122913,10.122913360595703
27,33.173615,6.173614501953125
26,34.966,8.965999603271484
25,34.787445,9.787445068359375
24,32.462814,8.462814331054688
23,29.663387,6.663387298583984
22,28.263071,6.263071060180664
21,25.294058,4.294057846069336
20,22.446917,2.4469165802001953
19,19.973433,0.9734325408935547
18,20.479946,2.4799461364746094
17,18.898909,1.8989086151123047
16,17.677614,1.6776142120361328
15,16.95514,1.95513916015625
14,13.998285,-0.0017147064208984375
13,15.622122,2.622121810913086
12,14.532562,2.532562255859375
11,14.380182,3.3801822662353516
10,12.740234,2.740234375
9,12.483822,3.4838218688964844
8,11.642618,3.642618179321289
7,11.539452,4.539451599121094
6,9.528657,3.5286569595336914
5,7.653148,2.6531481742858887
4,4.3910093,0.3910093307495117
3,3.5356379,0.5356378555297852
2,2.5138202,0.5138201713562012
1,1.7477756,0.7477755546569824
0,0.9258466,0.9258465766906738
204,169.94243,-34.05757141113281
203,165.38057,-37.61943054199219
202,166.1094,-35.890594482421875
201,163.7411,-37.25889587402344
200,168.11188,-31.88812255859375
199,166.01883,-32.981170654296875
198,166.16072,-31.839279174804688
197,173.17546,-23.824539184570312
196,178.63521,-17.364791870117188
195,181.2917,-13.708297729492188
194,183.6054,-10.394607543945312
193,184.96321,-8.036788940429688
192,187.38478,-4.6152191162109375
191,191.59029,0.5902862548828125
190,193.18047,3.1804656982421875
189,193.95146,4.9514617919921875
188,194.38705,6.387054443359375
187,195.24913,8.249130249023438
186,197.18433,11.184326171875
185,198.29204,13.292037963867188
184,193.98128,9.981277465820312
183,170.20947,-12.79052734375
182,173.8465,-8.15350341796875
181,170.77394,-10.226058959960938
180,167.08722,-12.91278076171875
179,162.9737,-16.02630615234375
178,168.99709,-9.002914428710938
177,177.90022,0.9002227783203125
176,177.68019,1.6801910400390625
175,172.63922,-2.36077880859375
174,169.84975,-4.1502532958984375
173,176.53738,3.537384033203125
172,173.18233,1.1823272705078125
171,166.37332,-4.626678466796875
170,165.29665,-4.7033538818359375
169,163.50598,-5.4940185546875
168,163.04308,-4.9569244384765625
167,162.5468,-4.4532012939453125
166,160.97322,-5.0267791748046875
165,164.21378,-0.786224365234375
164,169.75935,5.7593536376953125
163,172.90858,9.908584594726562
162,171.97234,9.972335815429688
161,173.61916,12.619155883789062
160,171.718,11.718002319335938
159,164.32613,5.3261260986328125
158,159.14061,1.1406097412109375
157,155.98903,-1.0109710693359375
156,151.55928,-4.4407196044921875
155,153.8639,-1.1360931396484375
154,154.08968,0.0896759033203125
153,152.9796,-0.0204010009765625
152,153.18309,1.1830902099609375
151,145.40593,-5.5940704345703125
150,140.3568,-9.643203735351562
149,144.13162,-4.868377685546875
148,148.809,0.8090057373046875
147,150.23622,3.2362213134765625
146,149.49281,3.4928131103515625
145,150.32707,5.3270721435546875
144,155.96082,11.9608154296875
143,149.20439,6.2043914794921875
142,144.41805,2.4180450439453125
141,152.05185,11.051849365234375
140,149.16405,9.164047241210938
139,150.72287,11.722869873046875
138,142.41731,4.4173126220703125
137,136.69423,-0.3057708740234375
136,138.35875,2.3587493896484375
135,146.98918,11.989181518554688
134,150.23442,16.234420776367188
133,150.98447,17.984466552734375
132,149.2581,17.258102416992188
131,141.612,10.61199951171875
130,152.88803,22.888031005859375
129,150.23622,21.236221313476562
128,151.86008,23.860076904296875
127,151.39433,24.394332885742188
126,160.67397,34.67396545410156
125,154.28886,29.288864135742188
124,156.55202,32.55201721191406
123,147.16508,24.165084838867188
122,134.97346,12.973464965820312
121,136.58914,15.589141845703125
120,146.60161,26.601608276367188
119,141.9479,22.947906494140625
118,140.19846,22.198455810546875
117,138.76723,21.767227172851562
116,137.56032,21.560317993164062
115,137.84865,22.848648071289062
114,134.80205,20.802047729492188
113,147.55217,34.55216979980469
112,129.4198,17.4197998046875
111,131.77666,20.776657104492188
110,127.59387,17.5938720703125
109,143.04,34.03999328613281
108,118.910286,10.910285949707031
107,111.39,4.3899993896484375
106,110.78609,4.7860870361328125
105,116.430786,11.4307861328125
104,140.79295,36.79295349121094
103,106.60469,3.6046905517578125
102,104.187256,2.187255859375
101,105.30466,4.304656982421875
100,102.25746,2.2574615478515625
99,96.29793,-2.7020721435546875
98,90.59316,-7.406837463378906
97,91.237015,-5.7629852294921875
96,85.909134,-10.090866088867188
95,85.01919,-9.980812072753906
94,84.19122,-9.80877685546875
93,75.494225,-17.505775451660156
92,80.284424,-11.715576171875
91,84.0965,-6.90350341796875
90,93.44887,3.4488677978515625
89,86.25662,-2.743377685546875
88,87.32721,-0.67279052734375
87,81.688576,-5.311424255371094
86,76.324005,-9.675994873046875
85,71.33356,-13.66644287109375
84,74.11632,-9.883682250976562
83,102.01066,19.010658264160156
82,80.32583,-1.6741714477539062
81,103.15075,22.15074920654297
80,105.79774,25.79773712158203
79,95.243164,16.2431640625
78,97.932755,19.932754516601562
77,82.62384,5.62384033203125
76,76.915405,0.9154052734375
75,85.70972,10.709716796875
74,79.75104,5.75103759765625
73,75.70088,2.7008819580078125
72,73.78801,1.7880096435546875
71,75.37787,4.37786865234375
70,82.45912,12.459121704101562
69,91.572365,22.572364807128906
68,90.54822,22.5482177734375
67,86.43707,19.43707275390625
66,80.48129,14.481292724609375
65,80.77644,15.776443481445312
64,72.55804,8.558036804199219
63,69.21736,6.2173614501953125
62,64.86776,2.8677597045898438
61,60.570118,-0.4298820495605469
60,67.4408,7.440803527832031
59,57.083027,-1.9169731140136719
58,55.042217,-2.957782745361328
57,49.30826,-7.691738128662109
56,54.367107,-1.6328926086425781
55,52.749836,-2.250164031982422
54,61.361725,7.361724853515625
53,55.901943,2.9019432067871094
52,57.555077,5.555076599121094
51,58.893555,7.8935546875
50,60.528866,10.528865814208984
49,54.90565,5.905651092529297
48,51.024452,3.0244522094726562
47,49.984715,2.9847145080566406
46,44.610676,-1.3893241882324219
45,38.756973,-6.2430267333984375
44,35.94015,-8.05984878540039
43,33.182552,-9.817447662353516
42,38.352764,-3.647235870361328
41,42.041393,1.0413932800292969
40,41.714005,1.7140045166015625
39,40.84936,1.8493614196777344
38,45.95117,7.951171875
37,34.632294,-2.367706298828125
36,33.551357,-2.4486427307128906
35,32.67626,-2.3237380981445312
34,30.005434,-3.994565963745117
33,26.970266,-6.029733657836914
32,26.155672,-5.844327926635742
31,25.69333,-5.306669235229492
30,27.859587,-2.140413284301758
29,25.536203,-3.463796615600586
28,19.862474,-8.13752555847168
27,19.14987,-7.850130081176758
26,18.594978,-7.405021667480469
25,17.527983,-7.472017288208008
24,17.668705,-6.331295013427734
23,15.574017,-7.425983428955078
22,14.904747,-7.095252990722656
21,19.285414,-1.7145862579345703
20,18.38973,-1.610269546508789
19,16.930899,-2.069101333618164
18,14.386902,-3.61309814453125
17,15.36772,-1.6322803497314453
16,15.395531,-0.6044692993164062
15,13.784075,-1.2159252166748047
14,12.764196,-1.2358036041259766
13,11.835188,-1.1648120880126953
12,13.379358,1.3793582916259766
11,12.622372,1.6223716735839844
10,10.727428,0.7274284362792969
9,11.476606,2.4766063690185547
8,10.62735,2.627349853515625
7,8.613661,1.6136608123779297
6,10.446819,4.446819305419922
5,6.00686,1.0068597793579102
4,7.889954,3.889954090118408
3,5.7295275,2.729527473449707
2,4.226731,2.2267308235168457
1,4.117584,3.117584228515625
0,2.0585413,2.0585412979125977
128,161.89458,33.89457702636719
127,154.96785,27.967849731445312
126,148.18765,22.187652587890625
125,148.55336,23.553359985351562
124,143.58372,19.583724975585938
123,141.54323,18.543228149414062
122,134.99419,12.994186401367188
121,121.85872,0.8587188720703125
120,120.96993,0.9699325561523438
119,121.07525,2.0752487182617188
118,105.47242,-12.527580261230469
117,91.863686,-25.136314392089844
116,86.42558,-29.574417114257812
115,83.493744,-31.506256103515625
114,82.60977,-31.390228271484375
113,84.15846,-28.841537475585938
112,85.252716,-26.747283935546875
111,92.764435,-18.235565185546875
110,104.1275,-5.87249755859375
109,116.091644,7.091644287109375
108,118.179,10.179000854492188
107,122.564674,15.564674377441406
106,117.77669,11.776687622070312
105,120.50594,15.505943298339844
104,124.75659,20.756591796875
103,133.30591,30.305908203125
102,133.54918,31.549179077148438
101,131.718,30.718002319335938
100,126.0503,26.05030059814453
99,117.99494,18.99494171142578
98,120.023224,22.023223876953125
97,112.463974,15.463973999023438
96,107.25847,11.258468627929688
95,103.55681,8.556808471679688
94,94.05539,0.055389404296875
93,107.28709,14.287086486816406
92,113.60735,21.60735321044922
91,101.698845,10.698844909667969
90,115.29565,25.29564666748047
89,115.81678,26.81678009033203
88,101.82194,13.821937561035156
87,100.59474,13.594741821289062
86,90.70366,4.7036590576171875
85,90.53904,5.539039611816406
84,95.52165,11.521652221679688
83,95.71774,12.717742919921875
82,102.97426,20.974258422851562
81,101.14136,20.141357421875
80,93.75447,13.754470825195312
79,99.17991,20.179908752441406
78,90.33415,12.334152221679688
77,86.42691,9.426910400390625
76,78.72611,2.7261123657226562
75,70.92147,-4.078529357910156
74,74.670395,0.6703948974609375
73,72.430664,-0.5693359375
72,69.447296,-2.552703857421875
71,73.23982,2.2398223876953125
70,74.23562,4.235618591308594
69,72.971855,3.9718551635742188
68,76.31559,8.315589904785156
67,73.805176,6.80517578125
66,66.3318,0.3318023681640625
65,71.2336,6.2335968017578125
64,66.6094,2.6093978881835938
63,67.6387,4.638702392578125
62,70.81175,8.811752319335938
61,67.03799,6.037986755371094
60,70.54205,10.54205322265625
59,72.237335,13.237335205078125
58,68.84719,10.847190856933594
57,82.36697,25.366966247558594
56,70.19602,14.196022033691406
55,71.7038,16.70379638671875
54,71.00765,17.007652282714844
53,77.666,24.666000366210938
52,76.02198,24.02198028564453
51,77.77209,26.77208709716797
50,80.852684,30.852684020996094
49,79.985596,30.985595703125
48,74.73451,26.734512329101562
47,67.229095,20.229095458984375
46,58.01336,12.013359069824219
45,50.582134,5.582134246826172
44,49.96111,5.961109161376953
43,50.46571,7.465709686279297
42,41.83066,-0.16933822631835938
41,44.405804,3.405803680419922
40,40.60248,0.6024818420410156
39,43.910664,4.910663604736328
38,48.379795,10.37979507446289
37,47.453045,10.453044891357422
36,44.580856,8.580856323242188
35,41.402256,6.402256011962891
34,39.43987,5.439868927001953
33,36.789467,3.7894668579101562
32,35.759224,3.7592239379882812
31,36.22599,5.225990295410156
30,35.233524,5.233524322509766
29,32.805435,3.8054351806640625
28,32.119896,4.119895935058594
27,32.650692,5.650691986083984
26,29.16549,3.1654891967773438
25,27.231722,2.231721878051758
24,24.405312,0.40531158447265625
23,21.904736,-1.0952644348144531
22,21.580484,-0.41951560974121094
21,22.930273,1.9302730560302734
20,20.94325,0.9432506561279297
19,22.889994,3.889993667602539
18,20.282022,2.282022476196289
17,22.367388,5.367387771606445
16,24.315685,8.315685272216797
15,23.844328,8.844327926635742
14,20.983149,6.983148574829102
13,19.269558,6.269557952880859
12,17.96927,5.969270706176758
11,15.186649,4.186649322509766
10,14.889019,4.889019012451172
9,14.015717,5.015716552734375
8,12.929943,4.929943084716797
7,10.903343,3.9033432006835938
6,10.111017,4.111017227172852
5,10.930496,5.9304962158203125
4,9.560187,5.560187339782715
3,7.2222185,4.2222185134887695
2,5.6064615,3.606461524963379
1,4.6341124,3.6341123580932617
0,2.0595999,2.0595998764038086
140,98.1637,-41.8363037109375
139,107.32443,-31.675567626953125
138,113.56543,-24.4345703125
137,120.32363,-16.676368713378906
136,128.20522,-7.7947845458984375
135,142.19225,7.1922454833984375
134,164.98755,30.987548828125
133,177.27025,44.27024841308594
132,179.80365,47.80364990234375
131,182.18614,51.18614196777344
130,184.9907,54.99070739746094
129,187.47768,58.47767639160156
128,187.17621,59.17620849609375
127,185.12453,58.12452697753906
126,179.55022,53.55021667480469
125,173.64543,48.64543151855469
124,171.37045,47.370452880859375
123,173.98885,50.98884582519531
122,175.87184,53.87184143066406
121,175.36082,54.36082458496094
120,177.10579,57.10578918457031
119,176.74054,57.74053955078125
118,179.70506,61.70506286621094
117,179.8222,62.82220458984375
116,176.55957,60.5595703125
115,161.90514,46.90513610839844
114,147.21431,33.21430969238281
113,134.75838,21.758377075195312
112,131.8972,19.897201538085938
111,112.021576,1.021575927734375
110,99.88109,-10.118911743164062
109,86.14997,-22.85002899169922
108,78.412415,-29.58758544921875
107,77.5771,-29.422897338867188
106,82.04805,-23.951950073242188
105,80.67945,-24.32054901123047
104,96.62191,-7.378089904785156
103,97.29866,-5.7013397216796875
102,79.97727,-22.022727966308594
101,80.43919,-20.560806274414062
100,87.759674,-12.240325927734375
99,81.50328,-17.496719360351562
98,77.74869,-20.251312255859375
97,81.05776,-15.942237854003906
96,70.5172,-25.482803344726562
95,65.28834,-29.71166229248047
94,73.61815,-20.381851196289062
93,89.71029,-3.2897109985351562
92,102.95882,10.958816528320312
91,114.91115,23.911148071289062
90,126.80757,36.80757141113281
89,141.40288,52.40287780761719
88,148.2347,60.23469543457031
87,140.85622,53.85621643066406
86,138.10112,52.10111999511719
85,132.81956,47.81956481933594
84,128.19568,44.1956787109375
83,125.152885,42.15288543701172
82,126.4167,44.41670227050781
81,117.2666,36.2666015625
80,108.50423,28.504226684570312
79,102.326355,23.32635498046875
78,102.90462,24.904617309570312
77,98.10562,21.105621337890625
76,95.42623,19.426231384277344
75,90.1418,15.141799926757812
74,89.75219,15.752189636230469
73,81.065186,8.065185546875
72,75.70441,3.70440673828125
71,68.82473,-2.1752700805664062
70,77.86336,7.8633575439453125
69,78.97161,9.971611022949219
68,69.288445,1.2884445190429688
67,60.855854,-6.144145965576172
66,78.21736,12.217361450195312
65,65.29604,0.29604339599609375
64,62.71227,-1.2877311706542969
63,65.03952,2.039520263671875
62,70.26315,8.263153076171875
61,73.62154,12.621536254882812
60,72.33986,12.339859008789062
59,77.44173,18.441726684570312
58,83.69592,25.6959228515625
57,75.656,18.65599822998047
56,79.42825,23.428253173828125
55,80.939415,25.939414978027344
54,80.43348,26.43347930908203
53,80.24265,27.242652893066406
52,71.06471,19.064712524414062
51,66.39031,15.390312194824219
50,59.221703,9.221702575683594
49,60.614105,11.614105224609375
48,58.072735,10.072734832763672
47,55.90101,8.901008605957031
46,53.17937,7.179370880126953
45,46.90559,1.9055900573730469
44,40.322964,-3.6770362854003906
43,38.94924,-4.050758361816406
42,41.869034,-0.1309661865234375
41,39.172398,-1.8276023864746094
40,43.467255,3.467254638671875
39,47.75395,8.753948211669922
38,40.49762,2.49761962890625
37,33.459652,-3.5403480529785156
36,35.913807,-0.08619308471679688
35,32.433163,-2.5668373107910156
34,32.490585,-1.5094146728515625
33,32.10719,-0.8928108215332031
32,36.253914,4.253913879394531
31,34.878334,3.8783340454101562
30,28.503473,-1.4965267181396484
29,29.296059,0.29605865478515625
28,27.337126,-0.6628742218017578
27,26.066282,-0.9337177276611328
26,26.135294,0.13529396057128906
25,24.03745,-0.9625492095947266
24,21.92156,-2.078439712524414
23,23.827894,0.8278942108154297
22,20.656532,-1.3434677124023438
21,20.31893,-0.6810703277587891
20,17.610209,-2.389791488647461
19,17.549591,-1.450408935546875
18,14.941708,-3.0582923889160156
17,14.639509,-2.3604907989501953
16,13.6303005,-2.369699478149414
15,10.441484,-4.558515548706055
14,11.1930485,-2.8069515228271484
13,11.287903,-1.71209716796875
12,13.189352,1.189352035522461
11,12.761427,1.7614269256591797
10,17.0043,7.004299163818359
9,14.205109,5.205108642578125
8,14.868568,6.868568420410156
7,14.563221,7.563220977783203
6,11.204235,5.204235076904297
5,7.676581,2.6765809059143066
4,6.879747,2.879746913909912
3,3.4785776,0.4785776138305664
2,2.5224805,0.5224804878234863
1,2.4676914,1.467691421508789
0,0.7817998,0.7817997932434082
186,152.33464,-33.66535949707031
185,149.59447,-35.40553283691406
184,141.595,-42.404998779296875
183,135.15453,-47.84547424316406
182,130.64433,-51.35566711425781
181,134.97197,-46.02803039550781
180,133.3078,-46.69219970703125
179,139.10794,-39.892059326171875
178,148.68898,-29.311019897460938
177,156.25934,-20.74066162109375
176,164.54549,-11.454513549804688
175,165.41481,-9.585189819335938
174,170.7819,-3.2180938720703125
173,174.37431,1.3743133544921875
172,181.51125,9.511245727539062
171,174.2759,3.2758941650390625
170,168.58813,-1.411865234375
169,176.4887,7.4886932373046875
168,166.1896,-1.810394287109375
167,147.97337,-19.026626586914062
166,140.11986,-25.880142211914062
165,131.11269,-33.88731384277344
164,134.56882,-29.431182861328125
163,138.70978,-24.29022216796875
162,141.94492,-20.055084228515625
161,141.93446,-19.065536499023438
160,143.44585,-16.554153442382812
159,137.49666,-21.503341674804688
158,132.51964,-25.480361938476562
157,131.47227,-25.527725219726562
156,131.34035,-24.659652709960938
155,132.56372,-22.436279296875
154,132.91759,-21.082412719726562
153,130.38585,-22.614151000976562
152,121.85,-30.150001525878906
151,116.63144,-34.368560791015625
150,113.67084,-36.32916259765625
149,113.66257,-35.337432861328125
148,103.735115,-44.26488494873047
147,101.647995,-45.35200500488281
146,105.77945,-40.220550537109375
145,113.433685,-31.566314697265625
144,120.357155,-23.642845153808594
143,121.24739,-21.752609252929688
142,117.71544,-24.284561157226562
141,114.2206,-26.779403686523438
140,108.2377,-31.762298583984375
139,108.773926,-30.22607421875
138,114.00481,-23.995193481445312
137,115.86785,-21.13214874267578
136,115.505325,-20.494674682617188
135,118.1432,-16.856796264648438
134,120.59451,-13.405487060546875
133,118.75604,-14.24395751953125
132,121.28786,-10.712142944335938
131,122.234375,-8.765625
130,123.31997,-6.680030822753906
129,126.28737,-2.7126312255859375
128,135.74425,7.7442474365234375
127,143.10487,16.104873657226562
126,145.6623,19.66229248046875
125,144.49898,19.498977661132812
124,141.0321,17.0321044921875
123,128.17743,5.17742919921875
122,123.04281,1.0428085327148438
121,118.19188,-2.8081207275390625
120,114.77037,-5.2296295166015625
119,106.3383,-12.661697387695312
118,96.37803,-21.621971130371094
117,96.86345,-20.136550903320312
116,88.97754,-27.0224609375
115,86.171974,-28.828025817871094
114,83.1175,-30.88249969482422
113,81.92495,-31.075050354003906
112,91.17525,-20.824752807617188
111,90.32555,-20.674453735351562
110,90.791046,-19.208953857421875
109,92.23961,-16.760391235351562
108,90.94443,-17.055572509765625
107,85.03636,-21.963638305664062
106,83.36249,-22.63751220703125
105,88.14868,-16.851318359375
104,94.94411,-9.055892944335938
103,87.62355,-15.376449584960938
102,87.54561,-14.454391479492188
101,95.7065,-5.2935028076171875
100,103.488075,3.4880752563476562
99,108.47997,9.479972839355469
98,107.463974,9.463973999023438
97,100.634254,3.6342544555664062
96,101.8162,5.816200256347656
95,100.08415,5.0841522216796875
94,99.35315,5.3531494140625
93,92.5413,-0.45870208740234375
92,98.936806,6.936805725097656
91,77.19313,-13.806869506835938
90,72.443634,-17.556365966796875
89,72.49549,-16.50450897216797
88,69.5276,-18.472396850585938
87,78.81259,-8.187408447265625
86,75.53498,-10.465019226074219
85,75.05269,-9.947311401367188
84,66.39093,-17.60906982421875
83,64.29647,-18.703529357910156
82,73.49776,-8.502243041992188
81,69.73132,-11.2686767578125
80,66.92628,-13.073722839355469
79,70.706085,-8.293914794921875
78,75.48521,-2.5147933959960938
77,73.06654,-3.9334564208984375
76,69.89463,-6.105369567871094
75,76.53436,1.53436279296875
74,77.01781,3.0178070068359375
73,71.9202,-1.079803466796875
72,76.46356,4.46356201171875
71,77.18138,6.1813812255859375
70,73.21382,3.2138214111328125
69,68.3072,-0.6928024291992188
68,62.303158,-5.696842193603516
67,57.0736,-9.926399230957031
66,53.057407,-12.94259262084961
65,54.405384,-10.594615936279297
64,57.234478,-6.765522003173828
63,53.12263,-9.877368927001953
62,49.85483,-12.14516830444336
61,52.55764,-8.442359924316406
60,52.180733,-7.819267272949219
59,49.182407,-9.81759262084961
58,47.53698,-10.463020324707031
57,48.946106,-8.05389404296875
56,47.69898,-8.301021575927734
55,48.34072,-6.659278869628906
54,41.15606,-12.843940734863281
53,43.3082,-9.69179916381836
52,44.755917,-7.244083404541016
51,46.48351,-4.516490936279297
50,46.79261,-3.2073898315429688
49,48.747047,-0.25295257568359375
48,44.011196,-3.9888038635253906
47,41.52058,-5.479419708251953
46,41.062454,-4.9375457763671875
45,44.24573,-0.7542686462402344
44,42.879154,-1.1208457946777344
43,44.001736,1.0017356872558594
42,44.145866,2.1458663940429688
41,44.488194,3.4881935119628906
40,44.833298,4.8332977294921875
39,42.03458,3.0345802307128906
38,42.103935,4.103935241699219
37,45.440453,8.440452575683594
36,39.921707,3.9217071533203125
35,43.15778,8.157779693603516
34,39.751785,5.7517852783203125
33,39.113068,6.113067626953125
32,32.872746,0.8727455139160156
31,29.531958,-1.4680423736572266
30,27.69328,-2.306720733642578
29,27.799726,-1.2002735137939453
28,23.361715,-4.638284683227539
27,20.335892,-6.6641082763671875
26,23.42338,-2.576620101928711
25,22.054447,-2.9455528259277344
24,20.178349,-3.8216514587402344
23,20.118723,-2.881277084350586
22,19.412962,-2.587038040161133
21,19.175428,-1.8245716094970703
20,19.749563,-0.25043678283691406
19,20.262085,1.2620849609375
18,20.322006,2.3220062255859375
17,19.316088,2.3160877227783203
16,18.673323,2.6733226776123047
15,17.232851,2.232851028442383
14,15.969896,1.9698963165283203
13,15.951553,2.9515533447265625
12,13.814905,1.8149051666259766
11,12.222422,1.222421646118164
10,11.552208,1.5522079467773438
9,10.442177,1.4421768188476562
8,10.018715,2.0187149047851562
7,8.988174,1.9881744384765625
6,7.97098,1.970980167388916
5,6.89204,1.8920397758483887
4,5.0323944,1.0323944091796875
3,2.8550272,-0.1449728012084961
2,0.7693114,-1.2306885719299316
1,0.8733859,-0.12661409378051758
0,0.84402657,0.8440265655517578
166,121.03893,-44.96106719970703
165,128.75662,-36.243377685546875
164,187.60612,23.606124877929688
163,126.31875,-36.681251525878906
162,119.67767,-42.32232666015625
161,117.8965,-43.10350036621094
160,124.175934,-35.824066162109375
159,126.82634,-32.17366027832031
158,209.38802,51.38801574707031
157,203.31926,46.31925964355469
156,198.62349,42.62348937988281
155,178.6659,23.6658935546875
154,125.61424,-28.385757446289062
153,127.3442,-25.655799865722656
152,141.40855,-10.591445922851562
151,143.32701,-7.6729888916015625
150,144.26947,-5.73052978515625
149,134.61646,-14.383544921875
148,134.97145,-13.028549194335938
147,135.0762,-11.923797607421875
146,128.60457,-17.395431518554688
145,195.44629,50.4462890625
144,203.62054,59.62054443359375
143,202.57927,59.57926940917969
142,200.98572,58.9857177734375
141,144.19032,3.1903228759765625
140,133.66374,-6.3362579345703125
139,128.38478,-10.615219116210938
138,128.69197,-9.308029174804688
137,122.9883,-14.011703491210938
136,148.14342,12.143417358398438
135,162.97897,27.978973388671875
134,154.48393,20.483932495117188
133,111.542305,-21.45769500732422
132,114.09392,-17.906082153320312
131,196.48265,65.48265075683594
130,189.26172,59.26171875
129,176.99684,47.99684143066406
128,110.044754,-17.955245971679688
127,105.301895,-21.698104858398438
126,106.743515,-19.256484985351562
125,105.9578,-19.042198181152344
124,151.17017,27.170166015625
123,132.37852,9.378524780273438
122,155.90361,33.90361022949219
121,140.19917,19.199172973632812
120,77.65028,-42.34971618652344
119,89.81799,-29.1820068359375
118,119.49222,1.492218017578125
117,111.10244,-5.897560119628906
116,130.8395,14.839492797851562
115,114.08162,-0.9183807373046875
114,104.921814,-9.07818603515625
113,105.745804,-7.2541961669921875
112,129.22238,17.222381591796875
111,147.47066,36.47065734863281
110,145.56451,35.56451416015625
109,133.02617,24.026168823242188
108,105.94247,-2.0575332641601562
107,107.87481,0.8748092651367188
106,141.71754,35.71754455566406
105,148.46396,43.463958740234375
104,150.74689,46.74688720703125
103,163.56718,60.56718444824219
102,145.99887,43.998870849609375
101,133.62996,32.62995910644531
100,132.4302,32.430206298828125
99,145.95583,46.95582580566406
98,149.73344,51.73344421386719
97,149.10527,52.10527038574219
96,132.60051,36.60050964355469
95,152.80974,57.80973815917969
94,148.62251,54.62251281738281
93,134.36803,41.36802673339844
92,125.16579,33.16578674316406
91,104.74411,13.744110107421875
90,98.9486,8.948600769042969
89,126.86431,37.86431121826172
88,112.3649,24.364898681640625
87,101.25267,14.252670288085938
86,107.15978,21.15978240966797
85,102.52347,17.523468017578125
84,87.68553,3.6855316162109375
83,75.18622,-7.81378173828125
82,77.247375,-4.75262451171875
81,82.57158,1.5715789794921875
80,73.71663,-6.2833709716796875
79,72.20274,-6.7972564697265625
78,72.09584,-5.9041595458984375
77,70.16481,-6.8351898193359375
76,68.55835,-7.441650390625
75,71.18471,-3.8152923583984375
74,80.9097,6.909698486328125
73,71.17728,-1.822723388671875
72,67.01712,-4.982879638671875
71,63.844467,-7.1555328369140625
70,72.06936,2.0693588256835938
69,85.17994,16.17993927001953
68,84.77141,16.771408081054688
67,88.10327,21.103271484375
66,84.31586,18.31585693359375
65,87.393295,22.393295288085938
64,84.22737,20.227371215820312
63,78.57854,15.578536987304688
62,73.224915,11.22491455078125
61,74.07588,13.075881958007812
60,71.86322,11.86322021484375
59,71.07707,12.077072143554688
58,69.08816,11.088157653808594
57,64.92086,7.920860290527344
56,71.66676,15.666763305664062
55,69.57269,14.57269287109375
54,69.017685,15.017684936523438
53,62.40076,9.400760650634766
52,58.668736,6.668735504150391
51,57.38075,6.380748748779297
50,50.019127,0.01912689208984375
49,49.20424,0.2042388916015625
48,49.784397,1.7843971252441406
47,46.11978,-0.880218505859375
46,40.72423,-5.275768280029297
45,41.134594,-3.865406036376953
44,43.423386,-0.5766143798828125
43,39.93539,-3.0646095275878906
42,44.811596,2.811595916748047
41,47.02985,6.029850006103516
40,46.168434,6.168434143066406
39,50.11752,11.11751937866211
38,44.48511,6.485111236572266
37,46.872135,9.872135162353516
36,46.351574,10.351573944091797
35,51.949245,16.94924545288086
34,46.41151,12.411510467529297
33,40.77096,7.770961761474609
32,37.13899,5.138988494873047
31,37.2423,6.242298126220703
30,37.15539,7.155391693115234
29,33.017265,4.017265319824219
28,35.124805,7.124805450439453
27,32.957455,5.957454681396484
26,31.287697,5.287696838378906
25,29.677076,4.67707633972168
24,29.871393,5.871393203735352
23,27.740213,4.740213394165039
22,27.170132,5.170131683349609
21,26.816904,5.816904067993164
20,24.89982,4.899820327758789
19,24.390818,5.390817642211914
18,21.025738,3.025737762451172
17,19.780148,2.7801475524902344
16,16.283886,0.2838859558105469
15,13.555241,-1.4447593688964844
14,14.23447,0.23447036743164062
13,14.29525,1.2952499389648438
12,16.125046,4.1250457763671875
11,16.522448,5.52244758605957
10,14.943851,4.943851470947266
9,13.732597,4.732597351074219
8,12.4106865,4.410686492919922
7,10.984028,3.984027862548828
6,8.898212,2.898212432861328
5,6.893458,1.8934578895568848
4,10.0601845,6.060184478759766
3,7.074227,4.0742268562316895
2,6.458547,4.458547115325928
1,6.2723165,5.2723164558410645
0,6.499178,6.499177932739258
183,168.9535,-14.046493530273438
182,167.64476,-14.355239868164062
181,159.141,-21.858993530273438
180,156.93416,-23.065841674804688
179,162.68594,-16.314056396484375
178,161.90909,-16.090911865234375
177,160.65343,-16.346572875976562
176,161.18645,-14.813552856445312
175,153.92639,-21.0736083984375
174,148.89967,-25.100326538085938
173,145.4941,-27.505905151367188
172,144.99979,-27.000213623046875
171,145.54134,-25.458663940429688
170,141.37881,-28.621185302734375
169,145.73201,-23.267990112304688
168,151.64267,-16.357330322265625
167,154.41072,-12.589279174804688
166,153.16406,-12.8359375
165,150.6049,-14.395095825195312
164,142.47539,-21.524612426757812
163,140.05705,-22.942947387695312
162,134.36342,-27.636581420898438
161,134.40822,-26.591781616210938
160,136.40639,-23.593612670898438
159,142.024,-16.975997924804688
158,145.85487,-12.145126342773438
157,147.73611,-9.263885498046875
156,146.5331,-9.466903686523438
155,153.36745,-1.6325531005859375
154,154.23737,0.23736572265625
153,153.90768,0.907684326171875
152,150.94821,-1.051788330078125
151,145.75563,-5.2443695068359375
150,141.75429,-8.245712280273438
149,143.26662,-5.7333831787109375
148,153.41095,5.41094970703125
147,153.4441,6.4441070556640625
146,149.76593,3.76593017578125
145,145.43916,0.4391632080078125
144,140.39081,-3.60919189453125
143,134.9038,-8.096206665039062
142,126.08563,-15.91436767578125
141,125.371475,-15.628524780273438
140,125.25532,-14.744682312011719
139,131.98265,-7.0173492431640625
138,133.0591,-4.9409027099609375
137,138.6566,1.6566009521484375
136,140.79085,4.7908477783203125
135,139.64447,4.64447021484375
134,141.74059,7.7405853271484375
133,146.9837,13.98370361328125
132,156.13258,24.132583618164062
131,155.40314,24.40313720703125
130,153.65004,23.650039672851562
129,151.98381,22.983810424804688
128,142.59712,14.597122192382812
127,135.17513,8.175125122070312
126,124.16766,-1.83233642578125
125,116.95942,-8.040580749511719
124,103.957306,-20.042694091796875
123,101.08558,-21.91442108154297
122,103.85634,-18.143661499023438
121,102.259766,-18.740234375
120,93.370026,-26.629974365234375
119,89.74362,-29.256378173828125
118,88.55237,-29.4476318359375
117,81.407906,-35.59209442138672
116,77.19011,-38.80989074707031
115,78.17488,-36.82511901855469
114,80.19631,-33.803688049316406
113,77.59316,-35.406837463378906
112,71.90306,-40.09693908691406
111,74.4388,-36.56120300292969
110,76.01773,-33.982269287109375
109,75.50836,-33.49163818359375
108,84.28587,-23.714126586914062
107,93.24712,-13.752876281738281
106,88.271904,-17.72809600830078
105,83.94328,-21.056716918945312
104,80.252594,-23.747406005859375
103,81.57941,-21.42059326171875
102,83.0365,-18.9635009765625
101,85.77515,-15.224853515625
100,103.83374,3.833740234375
99,109.41373,10.413726806640625
98,117.25453,19.254531860351562
97,125.980225,28.980224609375
96,123.43153,27.431533813476562
95,116.221825,21.221824645996094
94,108.68236,14.682357788085938
93,111.823944,18.823944091796875
92,107.662384,15.662384033203125
91,103.14074,12.140739440917969
90,100.53369,10.53369140625
89,97.43611,8.436111450195312
88,94.59432,6.594322204589844
87,96.123726,9.123725891113281
86,92.0741,6.0740966796875
85,87.39249,2.392486572265625
84,90.508026,6.508026123046875
83,85.87825,2.8782501220703125
82,88.36226,6.3622589111328125
81,87.94406,6.944061279296875
80,86.45636,6.45635986328125
79,84.84318,5.843177795410156
78,85.86593,7.865928649902344
77,75.6501,-1.3498992919921875
76,78.1926,2.192596435546875
75,82.94632,7.946319580078125
74,74.35838,0.3583831787109375
73,74.0063,1.0063018798828125
72,68.395874,-3.6041259765625
71,84.70478,13.704780578613281
70,85.0008,15.000801086425781
69,86.48766,17.48766326904297
68,88.46013,20.460128784179688
67,84.989044,17.989044189453125
66,85.61956,19.61956024169922
65,90.00424,25.004241943359375
64,79.85643,15.856430053710938
63,74.74366,11.743659973144531
62,75.91751,13.917510986328125
61,72.10342,11.103416442871094
60,66.53809,6.538093566894531
59,63.411762,4.411762237548828
58,63.49326,5.493259429931641
57,63.772797,6.772796630859375
56,61.26185,5.261848449707031
55,57.404125,2.404125213623047
54,66.07187,12.071868896484375
53,63.030872,10.030872344970703
52,59.057438,7.057437896728516
51,47.29384,-3.7061614990234375
50,46.07635,-3.9236488342285156
49,43.98402,-5.015979766845703
48,40.908707,-7.0912933349609375
47,39.247425,-7.752574920654297
46,43.23453,-2.7654685974121094
45,41.694008,-3.3059921264648438
44,37.044357,-6.9556427001953125
43,32.240807,-10.759193420410156
42,32.349686,-9.650314331054688
41,36.230694,-4.769306182861328
40,34.93607,-5.063930511474609
39,34.348507,-4.651493072509766
38,32.003197,-5.996803283691406
37,30.289625,-6.71037483215332
36,28.214403,-7.78559684753418
35,28.126211,-6.873788833618164
34,28.089441,-5.910558700561523
33,27.464804,-5.535196304321289
32,28.27416,-3.725839614868164
31,29.627432,-1.372568130493164
30,26.900908,-3.099092483520508
29,25.757341,-3.2426586151123047
28,25.939756,-2.060243606567383
27,23.395294,-3.604705810546875
26,22.644852,-3.3551483154296875
25,23.072157,-1.9278430938720703
24,23.562193,-0.4378070831298828
23,23.876186,0.8761863708496094
22,26.004915,4.004915237426758
21,23.879921,2.8799209594726562
20,19.44278,-0.557220458984375
19,19.376621,0.3766212463378906
18,18.927544,0.9275436401367188
17,17.276863,0.27686309814453125
16,18.29975,2.2997493743896484
15,18.200201,3.2002010345458984
14,14.530369,0.5303688049316406
13,13.259832,0.25983238220214844
12,10.751762,-1.2482376098632812
11,10.726191,-0.27380943298339844
10,8.900775,-1.0992250442504883
9,9.96711,0.9671096801757812
8,8.929001,0.9290008544921875
7,5.714411,-1.2855892181396484
6,4.057367,-1.9426331520080566
5,5.238607,0.23860692977905273
4,2.8131766,-1.1868233680725098
3,1.8036523,-1.196347713470459
2,1.1364274,-0.8635725975036621
1,1.8499799,0.8499798774719238
0,1.1846337,1.184633731842041
117,106.73478,-10.265220642089844
116,107.23877,-8.76123046875
115,118.596375,3.59637451171875
114,119.271324,5.271324157714844
113,134.97282,21.972824096679688
112,142.83034,30.830337524414062
111,175.57735,64.57734680175781
110,178.73396,68.73396301269531
109,176.53445,67.53445434570312
108,175.58682,67.58682250976562
107,172.8951,65.89509582519531
106,148.90584,42.90583801269531
105,130.82057,25.820571899414062
104,127.61815,23.618148803710938
103,121.326164,18.32616424560547
102,122.04945,20.049453735351562
101,111.33031,10.330307006835938
100,108.06094,8.060943603515625
99,110.39458,11.394577026367188
98,112.646996,14.646995544433594
97,149.55846,52.55845642089844
96,177.50986,81.50985717773438
95,152.34155,57.341552734375
94,174.00322,80.00321960449219
93,162.56508,69.56507873535156
92,164.69518,72.69517517089844
91,164.57628,73.57627868652344
90,160.18074,70.18074035644531
89,179.0049,90.00489807128906
88,156.13275,68.13275146484375
87,161.00471,74.00471496582031
86,104.76666,18.76666259765625
85,103.48859,18.48858642578125
84,112.62033,28.620330810546875
83,159.91203,76.91203308105469
82,156.34024,74.34024047851562
81,132.35387,51.35386657714844
80,143.19313,63.19313049316406
79,155.59195,76.59194946289062
78,148.81621,70.81620788574219
77,146.95262,69.95262145996094
76,149.14319,73.1431884765625
75,142.34282,67.34281921386719
74,131.45927,57.45927429199219
73,115.04811,42.04811096191406
72,123.09787,51.097869873046875
71,96.42258,25.422576904296875
70,128.56355,58.56355285644531
69,123.60502,54.605018615722656
68,102.74121,34.7412109375
67,87.49231,20.4923095703125
66,94.07261,28.072608947753906
65,84.991135,19.991134643554688
64,83.70351,19.703506469726562
63,75.25263,12.252632141113281
62,82.8489,20.848899841308594
61,82.123856,21.123855590820312
60,80.77803,20.778030395507812
59,77.14758,18.1475830078125
58,78.49018,20.49018096923828
57,80.38465,23.38465118408203
56,77.714325,21.714324951171875
55,78.42194,23.42194366455078
54,72.43248,18.432479858398438
53,71.85095,18.8509521484375
52,70.401184,18.40118408203125
51,70.30858,19.308578491210938
50,71.23849,21.238487243652344
49,65.97252,16.972518920898438
48,64.65671,16.656707763671875
47,66.64491,19.644912719726562
46,68.565674,22.565673828125
45,67.10966,22.109657287597656
44,62.211983,18.21198272705078
43,58.834045,15.83404541015625
42,62.38275,20.38275146484375
41,60.26898,19.268978118896484
40,58.858288,18.858287811279297
39,51.485405,12.485404968261719
38,56.695015,18.69501495361328
37,46.297005,9.297004699707031
36,42.994434,6.994434356689453
35,36.40939,1.4093894958496094
34,35.496777,1.4967765808105469
33,36.139217,3.1392173767089844
32,36.316563,4.316562652587891
31,37.50299,6.50299072265625
30,32.39498,2.3949813842773438
29,30.99399,1.9939899444580078
28,32.802074,4.802074432373047
27,29.780813,2.780813217163086
26,29.54205,3.5420494079589844
25,29.89146,4.891460418701172
24,33.269882,9.269882202148438
23,28.728079,5.728078842163086
22,23.45859,1.4585895538330078
21,23.204695,2.2046947479248047
20,26.27421,6.274209976196289
19,23.980017,4.980016708374023
18,21.39057,3.3905696868896484
17,20.775467,3.7754669189453125
16,20.408949,4.40894889831543
15,20.268732,5.268732070922852
14,16.524399,2.5243988037109375
13,18.976267,5.976266860961914
12,18.686419,6.686418533325195
11,16.07798,5.077980041503906
10,11.992115,1.9921150207519531
9,12.008617,3.008617401123047
8,10.809227,2.8092269897460938
7,7.2704673,0.27046728134155273
6,8.067085,2.0670852661132812
5,6.0329137,1.0329136848449707
4,6.099934,2.0999341011047363
3,4.114566,1.1145658493041992
2,1.7614317,-0.23856830596923828
1,1.7463183,0.7463183403015137
0,0.7601924,0.7601923942565918
201,187.14479,-13.855209350585938
200,189.45346,-10.546539306640625
199,197.58875,-1.4112548828125
198,198.51192,0.5119171142578125
197,190.94084,-6.0591583251953125
196,188.14082,-7.8591766357421875
195,188.7112,-6.2888031005859375
194,186.76537,-7.2346343994140625
193,190.04604,-2.9539642333984375
192,189.35562,-2.644378662109375
191,187.09836,-3.901641845703125
190,187.50104,-2.49896240234375
189,189.26405,0.2640533447265625
188,191.33356,3.33355712890625
187,191.24852,4.2485198974609375
186,191.77345,5.7734527587890625
185,179.24905,-5.750946044921875
184,175.43869,-8.561309814453125
183,177.26134,-5.7386627197265625
182,180.30386,-1.696136474609375
181,181.25264,0.2526397705078125
180,183.71666,3.7166595458984375
179,187.26247,8.262466430664062
178,188.14041,10.140411376953125
177,190.1295,13.129501342773438
176,192.21828,16.218276977539062
175,194.78209,19.782089233398438
174,193.0737,19.073699951171875
173,187.8372,14.837203979492188
172,193.1943,21.194305419921875
171,200.45164,29.451644897460938
170,198.11906,28.119064331054688
169,199.53526,30.535263061523438
168,198.9426,30.942596435546875
167,194.25783,27.257827758789062
166,192.45497,26.454971313476562
165,191.2772,26.277206420898438
164,185.26277,21.262771606445312
163,180.47743,17.477432250976562
162,175.85701,13.857009887695312
161,172.84764,11.847640991210938
160,170.5283,10.528305053710938
159,170.08461,11.084609985351562
158,165.04617,7.046173095703125
157,167.37274,10.37274169921875
156,172.35674,16.356735229492188
155,171.50987,16.509872436523438
154,160.37743,6.3774261474609375
153,158.05307,5.053070068359375
152,165.62094,13.620941162109375
151,167.03145,16.031448364257812
150,166.52156,16.521560668945312
149,164.17317,15.173171997070312
148,167.40218,19.402175903320312
147,169.75066,22.750656127929688
146,175.02873,29.028732299804688
145,173.22858,28.22857666015625
144,172.43564,28.435638427734375
143,167.3678,24.3677978515625
142,159.90895,17.908950805664062
141,155.19899,14.198989868164062
140,149.85803,9.8580322265625
139,147.49763,8.497634887695312
138,154.78215,16.782150268554688
137,156.42242,19.42242431640625
136,156.58998,20.589981079101562
135,157.33653,22.336532592773438
134,160.46849,26.468490600585938
133,162.10374,29.103744506835938
132,155.99786,23.99786376953125
131,153.59581,22.595809936523438
130,154.54219,24.542190551757812
129,150.91197,21.911972045898438
128,151.29794,23.297943115234375
127,151.44295,24.442947387695312
126,153.28807,27.288070678710938
125,156.76628,31.766281127929688
124,153.93605,29.936050415039062
123,146.59337,23.593368530273438
122,150.55656,28.556564331054688
121,149.58485,28.584854125976562
120,149.93541,29.935409545898438
119,150.15205,31.152053833007812
118,158.5308,40.53080749511719
117,160.6638,43.66380310058594
116,161.46892,45.46891784667969
115,165.45473,50.45472717285156
114,164.44637,50.44636535644531
113,158.40681,45.40681457519531
112,150.3769,38.37690734863281
111,148.01843,37.0184326171875
110,153.39781,43.39781188964844
109,156.30922,47.30921936035156
108,152.73543,44.73542785644531
107,144.51729,37.51728820800781
106,138.55882,32.55882263183594
105,129.27094,24.27093505859375
104,128.44067,24.440673828125
103,135.87038,32.87037658691406
102,124.88246,22.882461547851562
101,118.11517,17.11517333984375
100,110.675995,10.675994873046875
99,109.577286,10.577285766601562
98,111.352646,13.352645874023438
97,110.54237,13.542373657226562
96,106.81086,10.810859680175781
95,99.3221,4.3220977783203125
94,96.4488,2.4487991333007812
93,91.49465,-1.5053482055664062
92,96.28552,4.2855224609375
91,102.331345,11.331344604492188
90,95.37286,5.37286376953125
89,88.90068,-0.0993194580078125
88,88.22473,0.2247314453125
87,82.64942,-4.350578308105469
86,84.69369,-1.3063125610351562
85,85.29416,0.294158935546875
84,81.24057,-2.759429931640625
83,81.141655,-1.8583450317382812
82,84.38205,2.382049560546875
81,84.90509,3.90509033203125
80,94.65823,14.658233642578125
79,106.787155,27.787155151367188
78,99.98017,21.98017120361328
77,93.17437,16.17436981201172
76,78.884285,2.8842849731445312
75,72.62726,-2.37274169921875
74,79.50357,5.503570556640625
73,68.10415,-4.895851135253906
72,60.842426,-11.157573699951172
71,60.13356,-10.866439819335938
70,61.27259,-8.727409362792969
69,68.285286,-0.7147140502929688
68,71.058716,3.0587158203125
67,72.21149,5.21148681640625
66,72.95701,6.957008361816406
65,67.97355,2.9735488891601562
64,67.9279,3.9279022216796875
63,62.382164,-0.6178359985351562
62,67.727554,5.7275543212890625
61,59.47087,-1.5291290283203125
60,52.482677,-7.517322540283203
59,42.81714,-16.182861328125
58,46.111073,-11.888927459716797
57,43.04067,-13.959331512451172
56,39.19292,-16.807079315185547
55,41.256313,-13.74368667602539
54,47.997723,-6.002277374267578
53,50.81085,-2.1891517639160156
52,52.135067,0.13506698608398438
51,51.94313,0.9431304931640625
50,52.509945,2.5099449157714844
49,52.438663,3.4386634826660156
48,51.09912,3.09912109375
47,50.20564,3.205638885498047
46,47.888725,1.8887252807617188
45,44.18877,-0.8112297058105469
44,43.505863,-0.4941368103027344
43,42.602894,-0.3971061706542969
42,42.769337,0.7693367004394531
41,41.162632,0.16263198852539062
40,36.737507,-3.262493133544922
39,38.48926,-0.5107383728027344
38,36.28652,-1.7134819030761719
37,34.954765,-2.0452346801757812
36,36.58195,0.5819511413574219
35,35.76673,0.7667312622070312
34,32.138165,-1.8618354797363281
33,37.78543,4.785430908203125
32,39.489624,7.4896240234375
31,39.70229,8.702289581298828
30,35.356747,5.356746673583984
29,27.8395,-1.1604995727539062
28,28.089596,0.08959579467773438
27,30.624374,3.6243743896484375
26,25.882677,-0.11732292175292969
25,25.617735,0.6177349090576172
24,22.855204,-1.144796371459961
23,21.084362,-1.9156379699707031
22,21.05776,-0.9422397613525391
21,19.401688,-1.5983123779296875
20,19.155972,-0.8440284729003906
19,21.758156,2.7581558227539062
18,22.492292,4.492292404174805
17,19.319435,2.3194351196289062
16,18.775482,2.775482177734375
15,17.372713,2.372713088989258
14,18.449318,4.449317932128906
13,16.927603,3.927602767944336
12,15.92911,3.929109573364258
11,13.082956,2.082956314086914
10,11.4028015,1.402801513671875
9,9.227211,0.22721099853515625
8,7.361577,-0.638422966003418
7,7.3621054,0.3621053695678711
6,5.651561,-0.34843921661376953
5,6.118898,1.1188979148864746
4,6.102145,2.102145195007324
3,4.922334,1.9223341941833496
2,2.585742,0.5857419967651367
1,1.676343,0.6763429641723633
0,1.9159131,1.9159131050109863
283,168.97719,-114.02281188964844
282,151.81941,-130.1805877685547
281,117.55014,-163.44985961914062
280,139.56953,-140.4304656982422
279,139.3672,-139.63279724121094
278,154.7258,-123.27420043945312
277,116.87791,-160.1220932006836
276,135.74591,-140.25408935546875
275,148.80338,-126.19662475585938
274,149.6324,-124.36759948730469
273,133.67154,-139.32846069335938
272,157.69936,-114.30064392089844
271,183.58464,-87.41535949707031
270,194.79836,-75.20164489746094
269,197.74913,-71.25086975097656
268,198.69273,-69.30726623535156
267,203.18793,-63.81207275390625
266,199.35037,-66.64962768554688
265,181.01752,-83.98248291015625
264,193.01183,-70.98817443847656
263,179.62123,-83.37876892089844
262,188.77556,-73.22444152832031
261,182.26439,-78.73561096191406
260,146.96355,-113.03645324707031
259,169.19006,-89.8099365234375
258,176.18,-81.82000732421875
257,148.93391,-108.06608581542969
256,127.28042,-128.7195816040039
255,113.4361,-141.56390380859375
254,126.69735,-127.30265045166016
253,112.06525,-140.93475341796875
252,111.25819,-140.74181365966797
251,79.42238,-171.57762145996094
250,105.583374,-144.4166259765625
249,112.77736,-136.22264099121094
248,105.12901,-142.87098693847656
247,93.129745,-153.87025451660156
246,99.15887,-146.84113311767578
245,109.12964,-135.870361328125
244,136.87813,-107.12187194824219
243,136.78972,-106.21028137207031
242,150.40453,-91.59547424316406
241,175.15532,-65.84468078613281
240,178.94029,-61.05970764160156
239,176.07607,-62.92393493652344
238,179.54494,-58.45506286621094
237,182.81317,-54.18682861328125
236,174.34499,-61.65501403808594
235,171.30649,-63.693511962890625
234,178.66869,-55.33131408691406
233,157.67558,-75.32441711425781
232,174.59393,-57.40606689453125
231,156.56969,-74.43031311035156
230,153.09233,-76.90766906738281
229,165.15895,-63.84104919433594
228,165.47638,-62.52362060546875
227,142.32332,-84.67668151855469
226,163.4194,-62.580596923828125
225,169.7484,-55.25160217285156
224,165.50687,-58.493133544921875
223,164.03017,-58.96983337402344
222,178.64891,-43.35108947753906
221,171.79628,-49.20372009277344
220,178.76076,-41.23924255371094
219,175.2444,-43.75559997558594
218,158.2778,-59.722198486328125
217,169.62187,-47.37812805175781
216,176.61734,-39.382659912109375
215,178.02531,-36.97468566894531
214,189.53418,-24.4658203125
213,178.89813,-34.10186767578125
212,185.47173,-26.528274536132812
211,188.45586,-22.544143676757812
210,185.10814,-24.891860961914062
209,171.6032,-37.39680480957031
208,165.56541,-42.43458557128906
207,161.27374,-45.72625732421875
206,157.99211,-48.00788879394531
205,141.14532,-63.85467529296875
204,134.06454,-69.93545532226562
203,110.86685,-92.13314819335938
202,130.62167,-71.37832641601562
201,102.457825,-98.54217529296875
200,99.03173,-100.96826934814453
199,104.7433,-94.25669860839844
198,100.201965,-97.79803466796875
197,100.74007,-96.25993347167969
196,98.531815,-97.46818542480469
195,122.14053,-72.85946655273438
194,99.46507,-94.53492736816406
193,105.03932,-87.96067810058594
192,104.20992,-87.79007720947266
191,95.19427,-95.80573272705078
190,96.04314,-93.95686340332031
189,103.79782,-85.20217895507812
188,89.78545,-98.21454620361328
187,99.34757,-87.65242767333984
186,98.48091,-87.51908874511719
185,102.37772,-82.62227630615234
184,89.66196,-94.33804321289062
183,86.08597,-96.91403198242188
182,90.5618,-91.43820190429688
181,86.26576,-94.73423767089844
180,83.09308,-96.90692138671875
179,85.26074,-93.7392578125
178,91.22269,-86.77731323242188
177,103.36754,-73.63246154785156
176,114.956406,-61.04359436035156
175,111.85628,-63.14372253417969
174,118.93423,-55.065773010253906
173,130.91924,-42.08076477050781
172,147.43828,-24.561721801757812
171,136.20424,-34.79576110839844
170,131.62225,-38.37774658203125
169,141.60704,-27.392959594726562
168,144.21288,-23.787124633789062
167,134.92165,-32.07835388183594
166,124.17127,-41.82872772216797
165,123.1196,-41.880401611328125
164,114.540794,-49.459205627441406
163,114.69962,-48.300376892089844
162,108.26303,-53.736968994140625
161,112.677605,-48.32239532470703
160,111.8342,-48.165802001953125
159,111.538345,-47.46165466308594
158,117.27221,-40.72779083251953
157,119.96363,-37.03636932373047
156,122.42518,-33.57482147216797
155,121.71295,-33.28704833984375
154,110.82139,-43.178611755371094
153,104.97206,-48.02793884277344
152,112.91433,-39.085670471191406
151,112.09405,-38.90595245361328
150,107.249985,-42.75001525878906
149,114.08911,-34.910888671875
148,128.58699,-19.413009643554688
147,132.9617,-14.038299560546875
146,128.84984,-17.150161743164062
145,109.54766,-35.45233917236328
144,115.100945,-28.89905548095703
143,107.89183,-35.10816955566406
142,105.155075,-36.84492492675781
141,101.948074,-39.05192565917969
140,104.57121,-35.42878723144531
139,108.63708,-30.36292266845703
138,115.51094,-22.489059448242188
137,101.4371,-35.562896728515625
136,98.46578,-37.534217834472656
135,96.48578,-38.51422119140625
134,91.33429,-42.66571044921875
133,96.44856,-36.55143737792969
132,99.41823,-32.58177185058594
131,94.04509,-36.95491027832031
130,89.248825,-40.75117492675781
129,91.821396,-37.17860412597656
128,83.851776,-44.148223876953125
127,77.83443,-49.16557312011719
126,74.98885,-51.011146545410156
125,82.234375,-42.765625
124,82.832184,-41.167816162109375
123,78.163704,-44.83629608154297
122,77.17837,-44.821632385253906
121,70.86785,-50.13214874267578
120,73.46669,-46.53330993652344
119,72.72089,-46.27911376953125
118,82.40338,-35.59661865234375
117,79.979294,-37.02070617675781
116,78.3285,-37.67150115966797
115,87.50075,-27.499252319335938
114,89.934616,-24.065383911132812
113,85.21512,-27.784881591796875
112,84.61422,-27.385780334472656
111,85.639,-25.361000061035156
110,91.91506,-18.084938049316406
109,87.69022,-21.309776306152344
108,91.57074,-16.42926025390625
107,91.261696,-15.738304138183594
106,85.98847,-20.01152801513672
105,95.12863,-9.871368408203125
104,90.547165,-13.452835083007812
103,91.19418,-11.805816650390625
102,88.76615,-13.233848571777344
101,91.205505,-9.79449462890625
100,93.47556,-6.524436950683594
99,83.0569,-15.943099975585938
98,70.77491,-27.22509002685547
97,72.66945,-24.330551147460938
96,75.20683,-20.793167114257812
95,77.75369,-17.246307373046875
94,69.64352,-24.356483459472656
93,71.47412,-21.52587890625
92,65.25586,-26.744140625
91,60.515816,-30.48418426513672
90,72.98454,-17.015457153320312
89,67.13688,-21.863121032714844
88,70.221634,-17.778366088867188
87,78.250725,-8.749275207519531
86,75.48761,-10.51239013671875
85,80.40854,-4.591461181640625
84,74.82133,-9.178672790527344
83,69.37135,-13.628646850585938
82,68.50456,-13.495437622070312
81,67.409966,-13.590034484863281
80,66.754684,-13.245315551757812
79,63.919712,-15.08028793334961
78,63.373814,-14.62618637084961
77,60.987812,-16.012187957763672
76,65.350525,-10.64947509765625
75,70.46811,-4.531890869140625
74,62.539978,-11.46002197265625
73,67.31114,-5.6888580322265625
72,59.07391,-12.926090240478516
71,45.574104,-25.42589569091797
70,44.388107,-25.611892700195312
69,50.558617,-18.441383361816406
68,46.872726,-21.127273559570312
67,51.48708,-15.512920379638672
66,50.83649,-15.163509368896484
65,52.098495,-12.901504516601562
64,49.848183,-14.151817321777344
63,50.026485,-12.973514556884766
62,47.336063,-14.663936614990234
61,55.447098,-5.5529022216796875
60,58.06858,-1.9314193725585938
59,56.573162,-2.426837921142578
58,56.278423,-1.7215766906738281
57,55.667976,-1.3320236206054688
56,57.02783,1.0278282165527344
55,52.316856,-2.6831436157226562
54,48.79688,-5.203121185302734
53,47.38461,-5.615390777587891
52,45.121822,-6.878177642822266
51,40.711437,-10.288562774658203
50,37.696228,-12.30377197265625
49,34.460632,-14.53936767578125
48,35.970463,-12.029537200927734
47,40.201977,-6.798023223876953
46,39.055923,-6.9440765380859375
45,36.202854,-8.79714584350586
44,38.78649,-5.213508605957031
43,39.992275,-3.0077247619628906
42,37.086613,-4.913387298583984
41,36.772343,-4.227657318115234
40,35.56596,-4.434040069580078
39,33.571198,-5.428802490234375
38,33.44142,-4.5585784912109375
37,31.314785,-5.685214996337891
36,30.221102,-5.778898239135742
35,29.599741,-5.400259017944336
34,28.930408,-5.069591522216797
33,24.915154,-8.084846496582031
32,24.957113,-7.042886734008789
31,27.36199,-3.638010025024414
30,25.478947,-4.521053314208984
29,22.984165,-6.015834808349609
28,25.219954,-2.7800464630126953
27,25.19988,-1.800119400024414
26,23.724428,-2.275571823120117
25,23.28199,-1.7180099487304688
24,24.251919,0.2519187927246094
23,28.246496,5.246496200561523
22,28.514399,6.514398574829102
21,26.183882,5.183881759643555
20,22.933046,2.933046340942383
19,18.788414,-0.21158599853515625
18,18.366816,0.36681556701660156
17,17.57468,0.5746803283691406
16,12.866882,-3.13311767578125
15,12.1026,-2.89739990234375
14,12.375446,-1.6245536804199219
13,11.196342,-1.8036575317382812
12,9.386226,-2.613774299621582
11,11.454252,0.4542522430419922
10,11.1104965,1.1104965209960938
9,7.9510865,-1.0489134788513184
8,7.4633374,-0.5366625785827637
7,7.175422,0.17542219161987305
6,7.206542,1.2065420150756836
5,5.60355,0.6035499572753906
4,3.7222042,-0.27779579162597656
3,3.7128806,0.7128806114196777
2,4.1880693,2.1880693435668945
1,3.4687476,2.468747615814209
0,2.5661817,2.5661816596984863
107,145.77913,38.77912902832031
106,141.95094,35.95094299316406
105,163.06984,58.06983947753906
104,163.64204,59.64204406738281
103,155.95625,52.95625305175781
102,162.37883,60.37882995605469
101,164.52516,63.52516174316406
100,158.44539,58.44538879394531
99,156.80652,57.8065185546875
98,148.03978,50.03977966308594
97,154.20052,57.20051574707031
96,152.32362,56.32362365722656
95,157.13243,62.13243103027344
94,157.66481,63.66481018066406
93,166.67175,73.6717529296875
92,157.42302,65.42301940917969
91,159.07283,68.07283020019531
90,149.83542,59.835418701171875
89,133.62636,44.62635803222656
88,119.96945,31.969451904296875
87,131.43404,44.43403625488281
86,141.06607,55.066070556640625
85,137.04945,52.04945373535156
84,135.34157,51.34156799316406
83,138.5547,55.55470275878906
82,138.88985,56.88984680175781
81,130.83983,49.83982849121094
80,127.27616,47.276161193847656
79,106.123405,27.12340545654297
78,98.10247,20.10247039794922
77,94.658325,17.6583251953125
76,106.37095,30.370948791503906
75,109.37276,34.37275695800781
74,115.04922,41.049217224121094
73,105.25246,32.25245666503906
72,101.07707,29.077072143554688
71,106.0281,35.028099060058594
70,109.80618,39.806182861328125
69,104.26905,35.26905059814453
68,96.22397,28.223968505859375
67,88.77994,21.779937744140625
66,84.07717,18.077171325683594
65,79.47023,14.470230102539062
64,74.05321,10.053207397460938
63,73.07951,10.079513549804688
62,74.51945,12.519447326660156
61,78.33506,17.335060119628906
60,73.94131,13.941307067871094
59,81.03011,22.030113220214844
58,89.22702,31.227020263671875
57,97.59006,40.590057373046875
56,91.8233,35.82330322265625
55,83.12084,28.12084197998047
54,84.91984,30.919837951660156
53,82.49359,29.49359130859375
52,86.78369,34.78369140625
51,90.41655,39.41654968261719
50,89.763245,39.76324462890625
49,78.37704,29.377037048339844
48,78.13545,30.135452270507812
47,73.27782,26.277816772460938
46,70.92456,24.924560546875
45,64.56786,19.56786346435547
44,60.79829,16.798290252685547
43,50.497154,7.497154235839844
42,53.702896,11.702896118164062
41,49.978756,8.978755950927734
40,49.540348,9.540348052978516
39,41.790447,2.790447235107422
38,43.916348,5.916347503662109
37,39.04143,2.041431427001953
36,39.18144,3.181438446044922
35,36.335575,1.3355751037597656
34,33.001205,-0.9987945556640625
33,31.282734,-1.7172660827636719
32,31.085192,-0.9148082733154297
31,33.95952,2.9595184326171875
30,34.89477,4.894771575927734
29,32.024685,3.0246849060058594
28,29.518053,1.5180530548095703
27,27.729284,0.7292842864990234
26,27.094799,1.0947990417480469
25,23.338905,-1.6610946655273438
24,20.639126,-3.3608741760253906
23,19.91469,-3.0853099822998047
22,18.925095,-3.0749053955078125
21,20.75207,-0.24793052673339844
20,19.242384,-0.7576160430908203
19,21.077814,2.0778141021728516
18,24.260565,6.260564804077148
17,21.025152,4.025152206420898
16,18.686897,2.6868972778320312
15,18.176895,3.1768951416015625
14,17.160006,3.160005569458008
13,14.399464,1.3994636535644531
12,13.570457,1.5704574584960938
11,13.79525,2.7952499389648438
10,13.510469,3.510469436645508
9,11.4670315,2.467031478881836
8,10.110239,2.110239028930664
7,6.405675,-0.594325065612793
6,6.8550386,0.8550386428833008
5,5.75272,0.7527198791503906
4,4.3443084,0.34430837631225586
3,3.1706223,0.1706223487854004
2,3.856814,1.856813907623291
1,1.8677311,0.8677310943603516
0,2.0647588,2.064758777618408
136,170.70534,34.70533752441406
135,170.55989,35.55989074707031
134,158.4293,24.429306030273438
133,150.98601,17.986007690429688
132,144.13277,12.132766723632812
131,135.67223,4.6722259521484375
130,137.56969,7.5696868896484375
129,153.92853,24.92852783203125
128,128.50963,0.5096282958984375
127,122.73328,-4.2667236328125
126,120.55089,-5.4491119384765625
125,113.560165,-11.439834594726562
124,118.53082,-5.46917724609375
123,120.91606,-2.0839385986328125
122,117.39221,-4.6077880859375
121,115.676476,-5.323524475097656
120,126.783775,6.783775329589844
119,127.17909,8.179092407226562
118,126.27777,8.27777099609375
117,123.65515,6.6551513671875
116,120.98488,4.9848785400390625
115,117.25987,2.2598724365234375
114,110.73404,-3.265960693359375
113,103.13999,-9.860008239746094
112,101.86604,-10.133956909179688
111,108.81307,-2.1869277954101562
110,111.12902,1.1290206909179688
109,110.86543,1.8654327392578125
108,108.84353,0.8435287475585938
107,113.00467,6.004669189453125
106,119.45724,13.457237243652344
105,126.33574,21.335739135742188
104,121.68518,17.6851806640625
103,123.83444,20.834442138671875
102,111.398155,9.398155212402344
101,104.01005,3.0100479125976562
100,106.2462,6.2462005615234375
99,100.2796,1.27960205078125
98,92.61699,-5.3830108642578125
97,89.71883,-7.2811737060546875
96,85.80292,-10.19708251953125
95,90.138306,-4.8616943359375
94,98.003136,4.003135681152344
93,97.38992,4.389923095703125
92,99.57056,7.570556640625
91,106.88069,15.880691528320312
90,121.26814,31.268142700195312
89,122.32266,33.322662353515625
88,117.64166,29.64166259765625
87,106.151924,19.15192413330078
86,103.378784,17.3787841796875
85,103.43034,18.430343627929688
84,85.80403,1.8040313720703125
83,77.853806,-5.1461944580078125
82,80.28987,-1.7101287841796875
81,79.21762,-1.782379150390625
80,86.52492,6.5249176025390625
79,86.47196,7.471961975097656
78,82.97961,4.979606628417969
77,87.06702,10.0670166015625
76,85.42828,9.42828369140625
75,86.24464,11.244636535644531
74,88.48634,14.486343383789062
73,96.49166,23.491661071777344
72,89.88457,17.884567260742188
71,85.28253,14.28253173828125
70,112.150246,42.150245666503906
69,91.268616,22.26861572265625
68,71.63231,3.6323089599609375
67,67.134094,0.13409423828125
66,63.320618,-2.67938232421875
65,70.97728,5.9772796630859375
64,74.47115,10.471153259277344
63,67.221405,4.221405029296875
62,74.1715,12.171501159667969
61,79.25627,18.256271362304688
60,102.73363,42.73362731933594
59,109.09549,50.095489501953125
58,99.45755,41.457550048828125
57,101.28359,44.283592224121094
56,95.73917,39.739166259765625
55,66.17157,11.17156982421875
54,61.357716,7.357715606689453
53,64.93323,11.9332275390625
52,56.148888,4.148887634277344
51,54.43535,3.4353485107421875
50,58.242794,8.242794036865234
49,54.555202,5.555202484130859
48,56.44775,8.447750091552734
47,56.496136,9.496135711669922
46,58.86972,12.869720458984375
45,59.33735,14.337348937988281
44,59.477627,15.47762680053711
43,56.648964,13.648963928222656
42,56.756172,14.756172180175781
41,54.052883,13.05288314819336
40,54.291054,14.291053771972656
39,51.736744,12.736743927001953
38,47.611626,9.611625671386719
37,46.142056,9.14205551147461
36,43.31677,7.316768646240234
35,44.808613,9.808612823486328
34,41.755745,7.755744934082031
33,42.113403,9.1134033203125
32,39.39745,7.397449493408203
31,37.035168,6.035167694091797
30,35.275658,5.275657653808594
29,34.55972,5.559719085693359
28,34.393024,6.393024444580078
27,35.88633,8.886329650878906
26,34.25221,8.252208709716797
25,25.105335,0.10533523559570312
24,24.175121,0.17512130737304688
23,21.76688,-1.2331199645996094
22,21.97116,-0.028839111328125
21,25.391645,4.391645431518555
20,24.395807,4.395807266235352
19,20.920698,1.9206981658935547
18,22.010147,4.0101470947265625
17,20.148203,3.148202896118164
16,15.928759,-0.07124137878417969
15,14.512108,-0.48789215087890625
14,15.278786,1.2787857055664062
13,11.302454,-1.6975460052490234
12,12.879717,0.8797168731689453
11,10.347528,-0.6524715423583984
10,10.62822,0.6282196044921875
9,10.873026,1.873025894165039
8,9.478149,1.4781494140625
7,8.78273,1.7827301025390625
6,6.761989,0.7619891166687012
5,4.448082,-0.5519180297851562
4,4.2254486,0.2254486083984375
3,3.016531,0.016530990600585938
2,1.7245054,-0.2754945755004883
1,2.2171755,1.2171754837036133
0,0.8274832,0.8274831771850586
184,180.77104,-3.2289581298828125
183,184.0878,1.087799072265625
182,187.1787,5.1786956787109375
181,188.65315,7.6531524658203125
180,188.04268,8.042678833007812
179,188.39401,9.394012451171875
178,188.52342,10.523422241210938
177,190.97652,13.976516723632812
176,193.7251,17.72509765625
175,196.85135,21.851348876953125
174,188.06467,14.064666748046875
173,176.67947,3.679473876953125
172,173.54716,1.5471649169921875
171,177.58627,6.586273193359375
170,184.20952,14.209518432617188
169,183.25386,14.253860473632812
168,182.59224,14.592239379882812
167,185.04852,18.04852294921875
166,182.54901,16.54901123046875
165,181.46727,16.467269897460938
164,178.6306,14.630599975585938
163,174.31012,11.31011962890625
162,165.26672,3.2667236328125
161,164.23228,3.2322845458984375
160,169.06183,9.06182861328125
159,175.37367,16.373672485351562
158,179.25325,21.253250122070312
157,176.16035,19.160354614257812
156,174.02687,18.026870727539062
155,177.01662,22.016616821289062
154,176.58255,22.582550048828125
153,177.1209,24.120895385742188
152,180.53499,28.534988403320312
151,175.38335,24.383346557617188
150,178.9181,28.918106079101562
149,180.81839,31.818389892578125
148,176.98631,28.986312866210938
147,174.16252,27.162521362304688
146,168.54381,22.543807983398438
145,155.80795,10.807952880859375
144,156.57323,12.573226928710938
143,159.57607,16.576065063476562
142,163.39342,21.393417358398438
141,168.58446,27.584457397460938
140,171.95518,31.955184936523438
139,169.08612,30.08612060546875
138,168.95146,30.951461791992188
137,164.11588,27.115875244140625
136,163.67986,27.679855346679688
135,168.13522,33.135223388671875
134,168.10966,34.10966491699219
133,169.92728,36.927276611328125
132,175.61737,43.61737060546875
131,175.84094,44.8409423828125
130,173.84666,43.84666442871094
129,168.79457,39.79457092285156
128,157.24983,29.249832153320312
127,152.17598,25.175979614257812
126,151.20012,25.200119018554688
125,160.96501,35.96501159667969
124,167.25328,43.25328063964844
123,163.67587,40.675872802734375
122,161.05942,39.059417724609375
121,161.10583,40.1058349609375
120,161.49286,41.49285888671875
119,170.70348,51.70347595214844
118,171.30806,53.30805969238281
117,169.416,52.41600036621094
116,162.31694,46.31694030761719
115,158.02148,43.021484375
114,157.91101,43.9110107421875
113,155.54741,42.54740905761719
112,152.9811,40.98109436035156
111,155.67458,44.67457580566406
110,155.09138,45.09138488769531
109,154.6768,45.67680358886719
108,152.47179,44.47178649902344
107,151.86147,44.86146545410156
106,147.27348,41.27348327636719
105,148.19688,43.19688415527344
104,146.56395,42.56394958496094
103,140.85065,37.85064697265625
102,146.43733,44.43733215332031
101,137.481,36.48100280761719
100,134.44884,34.44883728027344
99,137.01106,38.01106262207031
98,135.10042,37.10041809082031
97,125.3625,28.362503051757812
96,111.41998,15.41998291015625
95,105.78869,10.788688659667969
94,98.95529,4.955291748046875
93,97.727425,4.727424621582031
92,93.150856,1.1508560180664062
91,96.25678,5.256782531738281
90,97.882935,7.8829345703125
89,106.81764,17.817642211914062
88,111.49481,23.49481201171875
87,106.45936,19.45935821533203
86,101.93463,15.93463134765625
85,101.665955,16.66595458984375
84,98.93196,14.931961059570312
83,97.13229,14.132293701171875
82,90.32772,8.327720642089844
81,84.74782,3.7478179931640625
80,77.97546,-2.0245437622070312
79,79.303185,0.30318450927734375
78,78.63633,0.6363296508789062
77,77.867195,0.8671951293945312
76,78.839584,2.8395843505859375
75,81.76209,6.762092590332031
74,82.089355,8.08935546875
73,79.493034,6.493034362792969
72,78.16652,6.1665191650390625
71,79.05593,8.055931091308594
70,80.492966,10.492965698242188
69,78.85607,9.856071472167969
68,77.256195,9.256195068359375
67,77.42702,10.427017211914062
66,83.16196,17.161956787109375
65,85.201965,20.20196533203125
64,76.04466,12.044662475585938
63,75.66375,12.663749694824219
62,80.33841,18.338409423828125
61,81.308655,20.30865478515625
60,81.54526,21.545257568359375
59,77.555176,18.55517578125
58,64.55484,6.554840087890625
57,56.762733,-0.23726654052734375
56,55.943745,-0.056255340576171875
55,57.867283,2.8672828674316406
54,57.245167,3.245166778564453
53,58.70701,5.707008361816406
52,58.340023,6.340023040771484
51,58.10842,7.108421325683594
50,58.15984,8.159839630126953
49,57.21358,8.213581085205078
48,53.90034,5.900341033935547
47,51.10365,4.103649139404297
46,49.165615,3.1656150817871094
45,46.408413,1.4084129333496094
44,42.381554,-1.6184463500976562
43,40.039093,-2.960906982421875
42,42.5805,0.5805015563964844
41,45.226704,4.226703643798828
40,44.39448,4.394481658935547
39,42.742428,3.7424278259277344
38,41.611835,3.611835479736328
37,39.442852,2.442852020263672
36,39.04532,3.045318603515625
35,36.17036,1.1703605651855469
34,37.17846,3.1784591674804688
33,35.230675,2.2306747436523438
32,35.81919,3.8191909790039062
31,36.56315,5.563148498535156
30,38.17037,8.170368194580078
29,40.461872,11.461872100830078
28,37.337624,9.337623596191406
27,34.65525,7.655250549316406
26,30.877192,4.877191543579102
25,29.604004,4.60400390625
24,27.741003,3.7410030364990234
23,25.975319,2.9753189086914062
22,24.13142,2.131420135498047
21,23.785866,2.7858657836914062
20,21.061945,1.0619449615478516
19,17.646845,-1.3531551361083984
18,15.714668,-2.2853317260742188
17,14.038393,-2.961606979370117
16,13.85906,-2.140939712524414
15,13.066944,-1.9330558776855469
14,12.908451,-1.0915489196777344
13,7.9519453,-5.0480546951293945
12,6.7488685,-5.251131534576416
11,7.8997455,-3.100254535675049
10,7.7150245,-2.284975528717041
9,6.6875353,-2.312464714050293
8,8.386434,0.38643360137939453
7,9.108061,2.108060836791992
6,4.7963614,-1.2036385536193848
5,3.9300056,-1.0699944496154785
4,2.5232763,-1.4767236709594727
3,2.6429615,-0.3570384979248047
2,2.029818,0.029818058013916016
1,2.0810657,1.0810656547546387
0,0.6126332,0.612633228302002
187,158.28325,-28.716751098632812
186,160.34055,-25.659454345703125
185,162.90062,-22.099380493164062
184,163.77878,-20.221221923828125
183,166.81862,-16.181381225585938
182,163.42822,-18.57177734375
181,158.3282,-22.671798706054688
180,151.39154,-28.60845947265625
179,144.25569,-34.74430847167969
178,145.33055,-32.66944885253906
177,138.04541,-38.95458984375
176,143.4899,-32.510101318359375
175,139.81448,-35.185516357421875
174,140.98645,-33.0135498046875
173,139.15865,-33.84135437011719
172,145.09183,-26.908172607421875
171,162.86705,-8.132949829101562
170,155.62029,-14.379714965820312
169,163.31537,-5.68463134765625
168,168.0674,0.0673980712890625
167,155.38403,-11.615966796875
166,157.20659,-8.793411254882812
165,168.49147,3.4914703369140625
164,166.75131,2.751312255859375
163,152.83371,-10.166290283203125
162,144.28885,-17.711151123046875
161,155.81427,-5.18572998046875
160,148.81816,-11.181838989257812
159,145.38322,-13.616775512695312
158,141.65395,-16.346054077148438
157,147.24983,-9.750167846679688
156,142.38844,-13.611557006835938
155,161.7061,6.7061004638671875
154,149.66927,-4.3307342529296875
153,164.2389,11.238906860351562
152,177.14087,25.140869140625
151,166.71577,15.715774536132812
150,159.95732,9.957321166992188
149,157.18214,8.182144165039062
148,137.5009,-10.499099731445312
147,136.34587,-10.654129028320312
146,115.39212,-30.607879638671875
145,111.935135,-33.06486511230469
144,117.52981,-26.470191955566406
143,115.27115,-27.728851318359375
142,113.73681,-28.26319122314453
141,117.5844,-23.415603637695312
140,120.462845,-19.537155151367188
139,156.21844,17.21844482421875
138,155.13274,17.132736206054688
137,166.58354,29.583541870117188
136,173.25084,37.25083923339844
135,205.338,70.33799743652344
134,196.64642,62.64642333984375
133,179.13254,46.132537841796875
132,184.01268,52.01268005371094
131,177.412,46.41200256347656
130,144.76605,14.76605224609375
129,189.85234,60.85234069824219
128,141.50478,13.504776000976562
127,128.709,1.7089996337890625
126,134.40254,8.402542114257812
125,184.46718,59.46717834472656
124,188.6952,64.69520568847656
123,179.11037,56.11036682128906
122,177.7946,55.79460144042969
121,176.15343,55.15342712402344
120,172.06496,52.06495666503906
119,168.69069,49.69068908691406
118,161.4453,43.44529724121094
117,167.17107,50.17106628417969
116,143.98137,27.981369018554688
115,152.16194,37.16194152832031
114,169.3568,55.35679626464844
113,166.2943,53.29429626464844
112,165.83116,53.83116149902344
111,163.19206,52.19206237792969
110,171.0217,61.021697998046875
109,165.88077,56.880767822265625
108,189.59746,81.59745788574219
107,167.17857,60.17857360839844
106,191.86174,85.86174011230469
105,150.20277,45.20277404785156
104,151.0146,47.01460266113281
103,150.82248,47.822479248046875
102,146.3691,44.36909484863281
101,117.407135,16.407135009765625
100,111.628746,11.628746032714844
99,137.59383,38.59382629394531
98,106.14309,8.143089294433594
97,114.63809,17.638092041015625
96,95.813866,-0.18613433837890625
95,96.31624,1.3162384033203125
94,93.47455,-0.52545166015625
93,94.83292,1.832916259765625
92,102.27553,10.275527954101562
91,111.39966,20.399658203125
90,111.798965,21.798965454101562
89,93.858795,4.858795166015625
88,87.120285,-0.8797149658203125
87,103.14748,16.147476196289062
86,90.62811,4.62811279296875
85,77.01056,-7.98944091796875
84,76.89676,-7.103240966796875
83,76.51527,-6.484733581542969
82,90.98664,8.986640930175781
81,84.12934,3.1293411254882812
80,93.08323,13.083229064941406
79,91.5683,12.56829833984375
78,87.15427,9.154266357421875
77,100.20038,23.20037841796875
76,102.387474,26.387474060058594
75,94.32071,19.320709228515625
74,86.057076,12.057075500488281
73,83.46834,10.468338012695312
72,81.64073,9.640731811523438
71,80.56631,9.566307067871094
70,83.04346,13.04345703125
69,77.848274,8.848274230957031
68,74.48988,6.4898834228515625
67,74.58919,7.5891876220703125
66,71.97943,5.97943115234375
65,69.85579,4.8557891845703125
64,60.682426,-3.3175735473632812
63,54.3921,-8.607898712158203
62,51.539616,-10.460384368896484
61,49.32529,-11.67470932006836
60,50.03374,-9.966259002685547
59,54.908867,-4.091133117675781
58,51.588078,-6.411922454833984
57,50.672382,-6.327617645263672
56,48.9778,-7.0222015380859375
55,45.59714,-9.40285873413086
54,48.066803,-5.933197021484375
53,46.967594,-6.032405853271484
52,46.734974,-5.265026092529297
51,43.34672,-7.653278350830078
50,42.902523,-7.097476959228516
49,43.55499,-5.445011138916016
48,40.20227,-7.7977294921875
47,38.261314,-8.738685607910156
46,40.31255,-5.687450408935547
45,40.9083,-4.091701507568359
44,37.99354,-6.006458282470703
43,37.52194,-5.478061676025391
42,35.785915,-6.214084625244141
41,38.09585,-2.9041481018066406
40,39.97647,-0.023529052734375
39,38.640636,-0.3593635559082031
38,37.564182,-0.4358177185058594
37,38.69322,1.6932182312011719
36,35.75089,-0.24911117553710938
35,37.173283,2.1732826232910156
34,38.384624,4.384624481201172
33,30.492628,-2.5073719024658203
32,26.259245,-5.740755081176758
31,26.056013,-4.943986892700195
30,26.268667,-3.731332778930664
29,27.858324,-1.1416759490966797
28,28.46838,0.4683799743652344
27,27.212547,0.21254730224609375
26,28.96007,2.9600696563720703
25,26.540735,1.5407352447509766
24,33.22203,9.222030639648438
23,35.10705,12.107051849365234
22,28.53796,6.537960052490234
21,27.238256,6.238256454467773
20,21.637644,1.637643814086914
19,20.954855,1.954854965209961
18,17.754494,-0.24550628662109375
17,17.400444,0.40044403076171875
16,16.8403,0.8402996063232422
15,14.048187,-0.951812744140625
14,11.204645,-2.7953548431396484
13,11.764128,-1.2358722686767578
12,12.454615,0.45461463928222656
11,10.331152,-0.6688480377197266
10,7.719214,-2.2807860374450684
9,8.092943,-0.9070568084716797
8,7.648205,-0.3517951965332031
7,6.628889,-0.3711109161376953
6,6.561288,0.5612878799438477
5,6.02307,1.0230698585510254
4,4.1646776,0.16467761993408203
3,4.986975,1.9869751930236816
2,4.0299864,2.0299863815307617
1,3.8943515,2.8943514823913574
0,3.0094695,3.009469509124756
125,137.27194,12.271942138671875
124,148.87482,24.87481689453125
123,156.17918,33.17918395996094
122,162.9897,40.98970031738281
121,167.91362,46.91361999511719
120,155.92717,35.92716979980469
119,147.77574,28.775741577148438
118,148.02809,30.028091430664062
117,137.75845,20.758453369140625
116,131.72823,15.728225708007812
115,123.288345,8.288345336914062
114,135.25961,21.259613037109375
113,144.72398,31.723983764648438
112,145.50833,33.508331298828125
111,139.64528,28.645278930664062
110,151.81992,41.819915771484375
109,147.40898,38.40898132324219
108,141.96555,33.965545654296875
107,138.42538,31.425384521484375
106,136.48825,30.488250732421875
105,138.97682,33.97682189941406
104,144.03874,40.03874206542969
103,134.21005,31.210052490234375
102,127.22417,25.224166870117188
101,130.75935,29.759353637695312
100,132.60722,32.60722351074219
99,142.43831,43.43830871582031
98,141.24107,43.24107360839844
97,133.158,36.15800476074219
96,130.82545,34.82545471191406
95,126.02938,31.029380798339844
94,123.34882,29.34882354736328
93,119.31996,26.319961547851562
92,114.853485,22.853485107421875
91,114.3179,23.317901611328125
90,117.61778,27.617782592773438
89,118.5196,29.51959991455078
88,116.07617,28.076171875
87,109.5136,22.51360321044922
86,108.47736,22.47736358642578
85,98.748795,13.748794555664062
84,95.59388,11.593879699707031
83,97.95988,14.959877014160156
82,92.49889,10.498893737792969
81,86.353935,5.353935241699219
80,97.45683,17.456832885742188
79,85.644554,6.644554138183594
78,80.009384,2.0093841552734375
77,81.04474,4.04473876953125
76,85.5674,9.567398071289062
75,84.00479,9.004791259765625
74,84.39464,10.394638061523438
73,82.200005,9.200004577636719
72,77.32584,5.325843811035156
71,72.23305,1.2330474853515625
70,68.45419,-1.545806884765625
69,65.231026,-3.7689743041992188
68,58.382637,-9.617362976074219
67,61.821774,-5.178226470947266
66,64.292465,-1.7075347900390625
65,67.65712,2.6571197509765625
64,75.5995,11.599502563476562
63,81.69142,18.691421508789062
62,76.954956,14.9549560546875
61,74.280174,13.280174255371094
60,81.17134,21.171340942382812
59,75.65048,16.650482177734375
58,79.94818,21.94818115234375
57,103.6941,46.69409942626953
56,110.53481,54.534812927246094
55,89.77271,34.77271270751953
54,90.09851,36.0985107421875
53,81.78978,28.789779663085938
52,75.38884,23.388839721679688
51,69.943565,18.943565368652344
50,69.64842,19.648422241210938
49,71.830894,22.830894470214844
48,67.69963,19.699630737304688
47,67.10811,20.108108520507812
46,62.78166,16.781658172607422
45,57.139393,12.139392852783203
44,55.384113,11.384113311767578
43,56.158813,13.1588134765625
42,53.28711,11.287109375
41,46.430767,5.430767059326172
40,46.35283,6.3528289794921875
39,45.275593,6.275592803955078
38,39.55709,1.5570907592773438
37,35.522827,-1.4771728515625
36,32.752247,-3.247753143310547
35,31.438002,-3.5619983673095703
34,31.92486,-2.0751399993896484
33,33.13515,0.13515090942382812
32,32.982937,0.9829368591308594
31,33.56073,2.56072998046875
30,29.625715,-0.3742847442626953
29,27.270752,-1.729248046875
28,27.81544,-0.18456077575683594
27,26.82236,-0.1776409149169922
26,28.52469,2.524690628051758
25,27.428421,2.4284210205078125
24,28.164991,4.16499137878418
23,25.613544,2.613544464111328
22,24.96303,2.9630298614501953
21,24.000816,3.0008163452148438
20,21.305952,1.3059520721435547
19,19.675085,0.6750850677490234
18,19.25889,1.258890151977539
17,17.927893,0.9278926849365234
16,18.05995,2.0599498748779297
15,16.07785,1.077850341796875
14,15.191626,1.1916255950927734
13,16.590694,3.5906944274902344
12,16.340876,4.340875625610352
11,14.61721,3.6172103881835938
10,11.753292,1.7532920837402344
9,11.0350895,2.0350894927978516
8,12.166639,4.16663932800293
7,8.355251,1.3552513122558594
6,5.826025,-0.17397499084472656
5,4.6207566,-0.3792433738708496
4,3.316329,-0.6836709976196289
3,3.6273942,0.6273941993713379
2,3.303947,1.3039469718933105
1,1.3192701,0.31927013397216797
0,1.1630359,1.1630358695983887
228,145.06366,-82.93634033203125
227,146.88353,-80.11647033691406
226,151.7366,-74.26339721679688
225,144.00734,-80.99266052246094
224,139.85202,-84.14797973632812
223,136.40694,-86.59306335449219
222,126.724434,-95.27556610107422
221,123.02754,-97.97245788574219
220,123.78798,-96.21202087402344
219,125.44608,-93.55391693115234
218,138.48706,-79.512939453125
217,145.08366,-71.91633605957031
216,142.80934,-73.19065856933594
215,134.46338,-80.53662109375
214,134.7198,-79.28019714355469
213,131.20311,-81.79689025878906
212,128.4778,-83.52220153808594
211,139.71547,-71.28453063964844
210,142.28676,-67.71324157714844
209,127.51575,-81.4842529296875
208,125.086945,-82.91305541992188
207,123.974525,-83.02547454833984
206,130.25803,-75.74197387695312
205,135.89188,-69.10812377929688
204,140.13039,-63.86961364746094
203,153.83983,-49.16017150878906
202,154.05434,-47.94566345214844
201,144.28593,-56.71406555175781
200,142.56999,-57.43000793457031
199,145.0901,-53.90989685058594
198,146.95183,-51.04817199707031
197,153.6208,-43.37919616699219
196,157.85713,-38.14286804199219
195,159.54294,-35.457061767578125
194,154.2522,-39.747802734375
193,143.04344,-49.95655822753906
192,119.4741,-72.5259017944336
191,112.72772,-78.27227783203125
190,112.02008,-77.97991943359375
189,120.69142,-68.30857849121094
188,123.98883,-64.01116943359375
187,126.58182,-60.418182373046875
186,125.74352,-60.25647735595703
185,134.41252,-50.58747863769531
184,136.86015,-47.13984680175781
183,135.50322,-47.49678039550781
182,129.30005,-52.699951171875
181,136.2588,-44.74119567871094
180,145.02858,-34.97142028808594
179,138.24934,-40.75065612792969
178,131.68285,-46.31715393066406
177,125.23802,-51.76197814941406
176,131.27147,-44.72853088378906
175,138.49605,-36.50395202636719
174,140.75865,-33.24134826660156
173,140.02908,-32.970916748046875
172,124.80749,-47.19251251220703
171,108.64669,-62.353309631347656
170,120.658325,-49.3416748046875
169,126.62126,-42.37873840332031
168,138.32922,-29.6707763671875
167,131.33775,-35.66224670410156
166,120.16547,-45.83453369140625
165,116.744446,-48.25555419921875
164,121.69149,-42.308509826660156
163,128.87482,-34.12518310546875
162,121.78621,-40.21379089355469
161,119.22725,-41.77275085449219
160,113.919785,-46.08021545410156
159,122.23467,-36.76532745361328
158,109.96256,-48.037437438964844
157,111.75029,-45.24971008300781
156,101.121826,-54.878173828125
155,100.36508,-54.634918212890625
154,98.2358,-55.764198303222656
153,97.872375,-55.12762451171875
152,91.861755,-60.13824462890625
151,103.123474,-47.87652587890625
150,105.22513,-44.774871826171875
149,101.03323,-47.966766357421875
148,96.15767,-51.84233093261719
147,97.91663,-49.08336639404297
146,99.51328,-46.486717224121094
145,103.91048,-41.08952331542969
144,107.15494,-36.845062255859375
143,106.45238,-36.54762268066406
142,102.28922,-39.710777282714844
141,106.42197,-34.578033447265625
140,118.44398,-21.55602264404297
139,119.147064,-19.852935791015625
138,133.8257,-4.1743011474609375
137,132.00711,-4.992889404296875
136,127.63547,-8.364532470703125
135,155.31383,20.313827514648438
134,136.18486,2.1848602294921875
133,119.661804,-13.33819580078125
132,117.90673,-14.093269348144531
131,125.415695,-5.5843048095703125
130,131.93204,1.932037353515625
129,115.42999,-13.57000732421875
128,116.35108,-11.648918151855469
127,118.04083,-8.95916748046875
126,116.48911,-9.510887145996094
125,114.64197,-10.3580322265625
124,122.183945,-1.8160552978515625
123,120.77592,-2.2240829467773438
122,116.27676,-5.723243713378906
121,106.82145,-14.178550720214844
120,101.12172,-18.878280639648438
119,89.166046,-29.833953857421875
118,87.596886,-30.403114318847656
117,92.46264,-24.53736114501953
116,93.80953,-22.190467834472656
115,102.901276,-12.098724365234375
114,115.19104,1.1910400390625
113,122.831085,9.831085205078125
112,139.20557,27.20556640625
111,138.80386,27.803863525390625
110,141.19968,31.199676513671875
109,144.84538,35.84538269042969
108,127.55138,19.551376342773438
107,125.13384,18.13384246826172
106,125.82026,19.82025909423828
105,117.177086,12.177085876464844
104,106.46183,2.4618301391601562
103,106.2719,3.2718963623046875
102,99.71669,-2.2833099365234375
101,93.305176,-7.69482421875
100,88.54255,-11.457450866699219
99,68.461365,-30.53863525390625
98,67.15652,-30.843482971191406
97,70.327225,-26.672775268554688
96,65.08966,-30.91033935546875
95,65.32838,-29.67162322998047
94,64.90362,-29.09638214111328
93,70.43487,-22.56513214111328
92,65.90604,-26.093963623046875
91,64.891754,-26.108245849609375
90,64.92172,-25.078277587890625
89,70.45828,-18.541717529296875
88,62.88663,-25.11336898803711
87,68.43233,-18.567672729492188
86,65.57588,-20.424118041992188
85,78.99876,-6.001243591308594
84,76.61998,-7.3800201416015625
83,68.769745,-14.230255126953125
82,69.6255,-12.374496459960938
81,74.861664,-6.138336181640625
80,78.98217,-1.0178298950195312
79,82.93941,3.9394073486328125
78,90.055695,12.055694580078125
77,85.2344,8.234397888183594
76,87.83741,11.837409973144531
75,85.81206,10.812057495117188
74,86.3427,12.342697143554688
73,88.48212,15.48211669921875
72,83.35207,11.352073669433594
71,80.32393,9.323928833007812
70,73.805954,3.8059539794921875
69,70.68014,1.6801376342773438
68,69.58654,1.5865402221679688
67,69.23378,2.2337799072265625
66,62.838028,-3.1619720458984375
65,60.556816,-4.443183898925781
64,55.752438,-8.247562408447266
63,53.083134,-9.916866302490234
62,48.196415,-13.803585052490234
61,49.298183,-11.70181655883789
60,49.358654,-10.641345977783203
59,49.828857,-9.171142578125
58,50.239864,-7.760135650634766
57,47.776142,-9.223857879638672
56,45.593273,-10.406726837158203
55,42.137363,-12.86263656616211
54,43.977123,-10.022876739501953
53,43.327065,-9.672935485839844
52,43.778442,-8.2215576171875
51,39.75131,-11.24869155883789
50,38.163326,-11.836673736572266
49,43.462406,-5.537593841552734
48,43.86768,-4.132320404052734
47,41.301495,-5.698505401611328
46,41.307545,-4.692455291748047
45,40.014614,-4.985385894775391
44,38.73884,-5.261161804199219
43,37.38075,-5.619251251220703
42,40.082127,-1.9178733825683594
41,39.470512,-1.5294876098632812
40,41.323856,1.3238563537597656
39,40.989735,1.9897346496582031
38,35.99773,-2.002269744873047
37,36.077557,-0.9224433898925781
36,36.384945,0.3849449157714844
35,32.19642,-2.8035812377929688
34,28.45983,-5.540170669555664
33,28.304018,-4.695981979370117
32,28.933664,-3.066335678100586
31,28.59707,-2.4029293060302734
30,26.654707,-3.3452930450439453
29,26.155,-2.844999313354492
28,28.644249,0.6442489624023438
27,29.933249,2.933248519897461
26,30.054085,4.054084777832031
25,27.527952,2.527952194213867
24,26.068535,2.0685348510742188
23,23.039083,0.03908348083496094
22,19.062704,-2.937295913696289
21,16.206104,-4.793895721435547
20,17.40026,-2.5997390747070312
19,17.063072,-1.9369277954101562
18,15.383022,-2.6169776916503906
17,16.665411,-0.33458900451660156
16,16.263035,0.2630348205566406
15,16.189085,1.1890850067138672
14,13.711121,-0.28887939453125
13,12.73811,-0.2618904113769531
12,10.29866,-1.7013397216796875
11,8.259695,-2.740304946899414
10,8.775183,-1.2248172760009766
9,8.290135,-0.709864616394043
8,6.248623,-1.7513771057128906
7,5.270659,-1.7293410301208496
6,4.084044,-1.9159560203552246
5,3.1401033,-1.8598966598510742
4,3.3749928,-0.625007152557373
3,3.1314607,0.13146066665649414
2,2.0745912,0.07459115982055664
1,1.233593,0.23359298706054688
0,0.35658693,0.35658693313598633
