actual_rul,predicted_rul,residual
286,198.25902763924248,-87.74097236075752
285,198.45516237542643,-86.54483762457357
284,198.24073149898797,-85.75926850101203
283,193.27233622334853,-89.72766377665147
282,187.88792729337226,-94.11207270662774
281,202.95371170485862,-78.04628829514138
280,192.6447224045562,-87.3552775954438
279,196.30752759274608,-82.69247240725392
278,194.3598993525221,-83.64010064747791
277,195.24616389520355,-81.75383610479645
276,187.35454489463945,-88.64545510536055
275,199.7595507871299,-75.24044921287009
274,196.70344889003334,-77.29655110996666
273,204.0215836559468,-68.97841634405319
272,181.719649244744,-90.280350755256
271,199.59641846385483,-71.40358153614517
270,188.0648695269899,-81.9351304730101
269,195.2820571600484,-73.7179428399516
268,198.40276280409475,-69.59723719590525
267,197.48384369458373,-69.51615630541627
266,200.53624135604656,-65.46375864395344
265,184.37506927821929,-80.62493072178071
264,200.1018548885754,-63.89814511142461
263,185.8868433291166,-77.1131566708834
262,189.79387107690226,-72.20612892309774
261,193.70784979756223,-67.29215020243777
260,186.22948349919764,-73.77051650080236
259,203.45493470857497,-55.54506529142503
258,192.88188742232134,-65.11811257767866
257,194.73179797016707,-62.268202029832935
256,189.73638784171632,-66.26361215828368
255,204.89839188649321,-50.101608113506785
254,177.03452948010883,-76.96547051989117
253,192.44905721438877,-60.55094278561123
252,185.18245032365303,-66.81754967634697
251,195.73701690894248,-55.26298309105752
250,194.48556263442438,-55.51443736557562
249,183.4085635664474,-65.59143643355259
248,177.60076134268218,-70.39923865731782
247,190.1010208543778,-56.89897914562221
246,168.3312666163901,-77.66873338360989
245,190.1162929696293,-54.88370703037069
244,196.29425762612877,-47.70574237387123
243,185.27527089370028,-57.72472910629972
242,170.25626332398144,-71.74373667601856
241,194.424281415411,-46.575718584589
240,191.2758511056625,-48.7241488943375
239,194.75336759712584,-44.246632402874155
238,192.7618852475785,-45.238114752421495
237,190.84556487359396,-46.15443512640604
236,198.41292166027125,-37.58707833972875
235,202.3048534301268,-32.6951465698732
234,194.72300296190724,-39.27699703809276
233,184.45953051077774,-48.54046948922226
232,200.4140692339051,-31.58593076609489
231,201.30829119955544,-29.69170880044456
230,185.95777141848515,-44.04222858151485
229,189.5230151541586,-39.4769848458414
228,192.67891001416038,-35.32108998583962
227,155.8477877521851,-71.1522122478149
226,189.2598881117594,-36.74011188824059
225,192.1095117885222,-32.89048821147779
224,191.7631418205118,-32.236858179488195
223,198.5267726263933,-24.473227373606704
222,169.64154555351757,-52.358454446482426
221,178.19836598633572,-42.801634013664284
220,194.638476848272,-25.361523151727994
219,184.21836596402392,-34.78163403597608
218,168.2093033106384,-49.790696689361596
217,175.70967902046345,-41.290320979536546
216,191.79373589393924,-24.206264106060758
215,196.42169997732773,-18.578300022672266
214,187.34960478667367,-26.650395213326334
213,177.40990355651385,-35.590096443486146
212,204.7916497599838,-7.208350240016188
211,191.17653275826345,-19.82346724173655
210,179.00188387649501,-30.998116123504985
209,200.93380082134922,-8.066199178650777
208,181.17569350887337,-26.824306491126634
207,202.0817146440248,-4.9182853559752004
206,194.15289434328145,-11.847105656718554
205,197.37300950151499,-7.626990498485014
204,189.07794028119298,-14.92205971880702
203,173.40763604868644,-29.59236395131356
202,202.94008218035827,0.9400821803582744
201,175.49644729453553,-25.50355270546447
200,174.75746659818498,-25.242533401815024
199,190.68626697290517,-8.313733027094827
198,184.49001496889755,-13.509985031102445
197,186.41999148673824,-10.58000851326176
196,180.13095762782106,-15.869042372178939
195,177.29178456702402,-17.708215432975976
194,174.75044355902958,-19.249556440970423
193,176.24413942357964,-16.75586057642036
192,183.0415660827736,-8.958433917226387
191,178.36250509390095,-12.63749490609905
190,179.12802359169908,-10.871976408300924
189,193.52526910114304,4.525269101143039
188,181.60702861659584,-6.392971383404159
187,199.46502069283474,12.465020692834742
186,176.00864544355716,-9.991354556442843
185,186.08147650979896,1.0814765097989607
184,187.9939353497638,3.9939353497638024
183,177.59097405458309,-5.409025945416914
182,164.5071969651521,-17.492803034847896
181,173.73750010291567,-7.262499897084325
180,187.6504001966125,7.650400196612509
179,190.0844364656587,11.084436465658712
178,151.37601615331715,-26.623983846682847
177,181.24192082244377,4.241920822443774
176,187.40684864023154,11.406848640231544
175,156.40105404879787,-18.598945951202126
174,181.77211237551586,7.77211237551586
173,187.3156759344372,14.315675934437195
172,178.8308713288175,6.830871328817494
171,183.79473043742462,12.794730437424619
170,173.593366834722,3.5933668347219907
169,179.8955775821841,10.895577582184103
168,165.31774038592994,-2.6822596140700625
167,186.19816996922918,19.198169969229184
166,175.52027528609165,9.520275286091646
165,172.4389928878568,7.438992887856813
164,193.30482602211177,29.30482602211177
163,182.7540173575737,19.7540173575737
162,156.5362558405303,-5.463744159469712
161,179.0788963603045,18.078896360304498
160,179.8575462834551,19.857546283455093
159,182.72252395049253,23.72252395049253
158,187.40314489652084,29.403144896520843
157,170.1813565450542,13.1813565450542
156,169.97913983982153,13.979139839821528
155,165.8670543833014,10.867054383301394
154,154.1087505002187,0.10875050021869015
153,148.20497416035107,-4.795025839648929
152,184.7730168592845,32.773016859284496
151,169.24459644822824,18.244596448228236
150,168.96248751678428,18.96248751678428
149,182.6767633219118,33.67676332191181
148,175.50184187579723,27.501841875797226
147,180.15166769122695,33.15166769122695
146,166.95762693707218,20.957626937072177
145,176.8365608203885,31.836560820388513
144,158.80859525023487,14.808595250234873
143,148.73241955784684,5.732419557846839
142,152.24362783769377,10.243627837693765
141,163.3098782019151,22.309878201915097
140,155.34247172870124,15.342471728701241
139,168.02796961608234,29.027969616082345
138,163.38265230752197,25.382652307521965
137,175.12548177923733,38.12548177923733
136,150.78681643015264,14.78681643015264
135,174.6915346737817,39.69153467378169
134,167.94318771377397,33.943187713773966
133,187.01787166710136,54.01787166710136
132,159.0102851044466,27.01028510444661
131,167.3473187051511,36.34731870515111
130,143.06576806413392,13.06576806413392
129,171.4175200305199,42.41752003051991
128,161.5748871444775,33.574887144477486
127,147.1854984635525,20.185498463552506
126,162.52669172117876,36.526691721178764
125,158.7050425819022,33.705042581902205
124,167.92734475333734,43.92734475333734
123,166.66127160928147,43.66127160928147
122,174.28996707484978,52.289967074849784
121,169.50437355184377,48.50437355184377
120,142.5591471084471,22.559147108447092
119,172.85568513778966,53.85568513778966
118,152.5413235841901,34.54132358419011
117,165.57968479666187,48.579684796661866
116,154.53921651816526,38.53921651816526
115,168.4865782391562,53.48657823915619
114,157.4117969926788,43.4117969926788
113,133.59716593035452,20.59716593035452
112,141.21363167470653,29.213631674706534
111,146.09170788309555,35.09170788309555
110,172.90179307043604,62.90179307043604
109,137.45234662902467,28.452346629024674
108,159.30157888091432,51.30157888091432
107,160.83532810113863,53.83532810113863
106,159.97902829608464,53.979028296084635
105,131.09846363704233,26.09846363704233
104,134.31016371573563,30.310163715735627
103,143.21207150902077,40.212071509020774
102,142.29737975727406,40.29737975727406
101,141.72607196150943,40.72607196150943
100,143.07015935504984,43.07015935504984
99,184.8851634603957,85.88516346039569
98,136.73303721081123,38.73303721081123
97,156.3952424829925,59.3952424829925
96,140.06785868461603,44.06785868461603
95,116.27454165088429,21.274541650884288
94,126.63722030002171,32.63722030002171
93,120.25998644068353,27.259986440683534
92,134.95664120002797,42.956641200027974
91,160.21172984205336,69.21172984205336
90,137.68462006119964,47.68462006119964
89,134.04504789544816,45.045047895448164
88,117.85209407837606,29.852094078376055
87,116.18321757096489,29.183217570964885
86,138.1996210361448,52.199621036144805
85,94.52452757236745,9.524527572367447
84,103.41778372716891,19.41778372716891
83,115.23909624477693,32.23909624477693
82,119.12265697485347,37.12265697485347
81,138.14232842797904,57.14232842797904
80,100.30852820026544,20.308528200265442
79,129.65497935850698,50.65497935850698
78,109.95852879731203,31.958528797312027
77,148.26890339939985,71.26890339939985
76,113.93447670185397,37.93447670185397
75,92.19670452590935,17.196704525909354
74,119.54847455437576,45.54847455437576
73,126.86007238838731,53.86007238838731
72,92.940009515115,20.940009515114994
71,125.39509600031026,54.39509600031026
70,113.34057905852318,43.340579058523176
69,74.21017541692923,5.210175416929232
68,69.06372588253984,1.063725882539842
67,82.74779189857269,15.747791898572686
66,85.33082202307502,19.330822023075015
65,91.91954663595777,26.919546635957772
64,75.64115230538295,11.641152305382946
63,67.9421385343672,4.942138534367203
62,75.49387210084858,13.493872100848577
61,125.45032116150954,64.45032116150954
60,72.11250651163911,12.112506511639111
59,67.90317969915364,8.90317969915364
58,81.59489945564029,23.594899455640288
57,62.976963817804155,5.976963817804155
56,83.4438430825194,27.443843082519393
55,64.62536401326571,9.62536401326571
54,75.3940261270979,21.394026127097902
53,74.6912264988022,21.691226498802195
52,61.65976904216017,9.659769042160171
51,67.04162525750824,16.041625257508244
50,56.492880378797324,6.492880378797324
49,60.75336977826952,11.753369778269523
48,61.47334772155949,13.473347721559492
47,57.82092296424357,10.820922964243572
46,54.6417866915764,8.6417866915764
45,65.04295555358814,20.042955553588143
44,57.4162631023345,13.416263102334497
43,50.09501174847689,7.095011748476892
42,49.72094191029987,7.720941910299871
41,54.663899404147585,13.663899404147585
40,45.505721016315995,5.505721016315995
39,38.68305985876009,-0.3169401412399111
38,44.45000089696094,6.450000896960937
37,44.93441534630663,7.934415346306629
36,48.193634303218325,12.193634303218325
35,38.77031632407835,3.770316324078351
34,41.55122321309584,7.551223213095838
33,31.282181040093338,-1.717818959906662
32,45.06620472256501,13.066204722565011
31,41.834712912818176,10.834712912818176
30,22.693489908057195,-7.306510091942805
29,39.28965941732849,10.289659417328487
28,32.97607322109437,4.976073221094367
27,30.73851831943424,3.7385183194342417
26,24.328537741678694,-1.6714622583213057
25,43.40559762066281,18.40559762066281
24,35.96232425533701,11.962324255337009
23,15.00540107741416,-7.9945989225858405
22,33.813701542128335,11.813701542128335
21,30.384347056581174,9.384347056581174
20,30.164052972173987,10.164052972173987
19,24.565128467799838,5.565128467799838
18,16.39515830679469,-1.6048416932053087
17,13.580088529212452,-3.4199114707875484
16,6.732366441728214,-9.267633558271786
15,20.079816480750075,5.079816480750075
14,25.08683696759039,11.08683696759039
13,8.856092415636525,-4.143907584363475
12,15.453531909335945,3.453531909335945
11,7.00322007847673,-3.99677992152327
10,14.924215142227924,4.924215142227924
9,8.658975804029131,-0.34102419597086886
8,4.753238203720945,-3.2467617962790554
7,14.704329682177125,7.704329682177125
6,5.007525525568866,-0.992474474431134
5,6.06958693157548,1.06958693157548
4,3.854296951208405,-0.1457030487915949
3,4.320673132405953,1.320673132405953
2,3.140171480935642,1.140171480935642
1,4.553967270749547,3.5539672707495473
0,3.757046279322671,3.757046279322671
268,179.73062858728835,-88.26937141271165
267,194.19442351790798,-72.80557648209202
266,171.12523507188536,-94.87476492811464
265,177.78316370707898,-87.21683629292102
264,188.05343776701446,-75.94656223298554
263,168.6550487199762,-94.34495128002379
262,179.67176307546077,-82.32823692453923
261,175.9091445964681,-85.09085540353189
260,166.58864443671226,-93.41135556328774
259,170.1405049792243,-88.85949502077571
258,163.46046478342595,-94.53953521657405
257,172.3899823749051,-84.61001762509491
256,191.79386883354002,-64.20613116645998
255,148.99112078195273,-106.00887921804727
254,167.5279722525238,-86.4720277474762
253,183.5509566936417,-69.4490433063583
252,177.79771541438433,-74.20228458561567
251,172.1083874415316,-78.89161255846841
250,175.07270419891427,-74.92729580108573
249,176.29374704465658,-72.70625295534342
248,170.14496432036316,-77.85503567963684
247,172.962678811926,-74.037321188074
246,182.59560950004595,-63.40439049995405
245,158.5380670777708,-86.46193292222921
244,187.21243461635538,-56.78756538364462
243,194.14615062363663,-48.85384937636337
242,189.9448947606572,-52.055105239342794
241,161.34413621457648,-79.65586378542352
240,194.0005583158672,-45.99944168413279
239,184.33185609437876,-54.668143905621235
238,172.68638033663956,-65.31361966336044
237,168.95617551778307,-68.04382448221693
236,152.68390533511896,-83.31609466488104
235,180.99418345395586,-54.005816546044144
234,178.4544770454521,-55.54552295454789
233,171.93181117177457,-61.06818882822543
232,182.91545845151566,-49.08454154848434
231,167.24148981842868,-63.758510181571324
230,188.80733848732615,-41.19266151267385
229,149.7254506728995,-79.27454932710049
228,172.11927809743574,-55.88072190256426
227,155.38617718496664,-71.61382281503336
226,179.24781071855563,-46.75218928144437
225,175.24557612080054,-49.754423879199464
224,176.06020054541273,-47.93979945458727
223,137.33870559695723,-85.66129440304277
222,190.2122828847537,-31.787717115246295
221,193.06144010745882,-27.93855989254118
220,194.93727461094105,-25.062725389058954
219,155.79837427672942,-63.20162572327058
218,165.3134492318828,-52.6865507681172
217,172.42928419153927,-44.57071580846073
216,145.84408698022824,-70.15591301977176
215,172.1268934506498,-42.87310654935021
214,188.289930421247,-25.710069578753007
213,179.93432003702347,-33.06567996297653
212,179.72199527200533,-32.27800472799467
211,159.73334603318935,-51.26665396681065
210,167.8294649579694,-42.17053504203059
209,166.386902438987,-42.61309756101301
208,173.04954080721467,-34.95045919278533
207,162.45752959350585,-44.54247040649415
206,169.02692679576177,-36.97307320423823
205,178.06497766291156,-26.93502233708844
204,185.37218056777235,-18.627819432227653
203,164.2718789869745,-38.728121013025486
202,187.76619386678,-14.233806133220014
201,163.33704132749776,-37.66295867250224
200,189.48892543197238,-10.511074568027624
199,178.63468172954498,-20.36531827045502
198,143.5489251643781,-54.45107483562191
197,165.6611906938521,-31.33880930614791
196,140.77686271148872,-55.22313728851128
195,162.26064802023743,-32.739351979762574
194,158.9940473997965,-35.0059526002035
193,161.28935889391832,-31.71064110608168
192,163.44324939740335,-28.55675060259665
191,147.0382632057399,-43.961736794260105
190,165.09243522806727,-24.907564771932726
189,167.85344644245492,-21.146553557545076
188,150.92979985091446,-37.07020014908554
187,171.44718367482184,-15.552816325178156
186,161.0067352816517,-24.993264718348314
185,172.59994305049955,-12.400056949500453
184,140.69554718875483,-43.30445281124517
183,156.6533660985558,-26.346633901444193
182,178.9632219629956,-3.03677803700441
181,159.26753374276223,-21.732466257237775
180,172.59999649307525,-7.400003506924747
179,171.3924490336202,-7.60755096637979
178,165.56500431998333,-12.43499568001667
177,173.01332208412498,-3.9866779158750205
176,168.88049040441848,-7.119509595581519
175,155.18559957396386,-19.814400426036144
174,151.219985130066,-22.780014869934007
173,150.28938388543,-22.71061611457
172,158.93859489255138,-13.061405107448621
171,181.84489420295893,10.844894202958926
170,161.44555304902357,-8.554446950976427
169,172.2368167779933,3.2368167779933117
168,146.05638506565674,-21.94361493434326
167,149.83632316278502,-17.16367683721498
166,161.02724751696536,-4.97275248303464
165,140.95318283732067,-24.046817162679332
164,134.83957391170915,-29.160426088290848
163,154.2166735604092,-8.783326439590809
162,110.72208149765189,-51.277918502348115
161,138.45749402895862,-22.54250597104138
160,142.8948178759236,-17.105182124076407
159,174.62025592413275,15.62025592413275
158,147.27168338763065,-10.728316612369355
157,152.96677481802678,-4.033225181973222
156,151.58007203974222,-4.41992796025778
155,151.22674916903705,-3.773250830962951
154,175.60247194211001,21.602471942110014
153,189.24381650073332,36.24381650073332
152,110.88577737053855,-41.11422262946145
151,146.22216170228126,-4.777838297718745
150,148.45140722274806,-1.5485927772519403
149,96.0961239029707,-52.9038760970293
148,138.29340934667326,-9.706590653326742
147,154.51689689758985,7.516896897589845
146,109.79733682544676,-36.20266317455324
145,126.68875395691343,-18.31124604308657
144,153.7903532100252,9.790353210025188
143,123.62223302781672,-19.37776697218328
142,150.44388434368346,8.443884343683465
141,109.45084512254846,-31.549154877451542
140,168.98973785289354,28.98973785289354
139,125.19322312226831,-13.806776877731693
138,109.3834638590341,-28.616536140965906
137,150.1345770936151,13.134577093615093
136,120.3285033584407,-15.671496641559301
135,157.90164673415677,22.90164673415677
134,144.0673730430732,10.06737304307319
133,162.7543742278618,29.754374227861803
132,87.27143005433683,-44.72856994566317
131,160.0314993390767,29.031499339076703
130,103.12782383101082,-26.872176168989185
129,124.38386046298905,-4.616139537010952
128,123.11117628511846,-4.888823714881539
127,116.73885365153015,-10.26114634846985
126,134.96171619615336,8.961716196153361
125,100.1383111255704,-24.861688874429603
124,120.07005086825805,-3.9299491317419495
123,99.11268683229284,-23.887313167707163
122,144.3104183068995,22.310418306899493
121,151.73113186692052,30.73113186692052
120,115.39279714147219,-4.607202858527813
119,84.632095469168,-34.36790453083201
118,120.4443180384803,2.4443180384803043
117,88.68757914941096,-28.312420850589035
116,111.08869260930851,-4.911307390691491
115,139.88838914013417,24.888389140134166
114,93.61328780284792,-20.38671219715208
113,94.49533571393353,-18.504664286066472
112,97.30460991747667,-14.695390082523332
111,89.49049200387566,-21.50950799612434
110,95.67525702720918,-14.324742972790816
109,86.96107859052714,-22.038921409472863
108,95.53966096069404,-12.460339039305964
107,104.79869078162115,-2.201309218378853
106,93.80614959397334,-12.193850406026655
105,79.56739531489336,-25.43260468510664
104,75.72173289130033,-28.278267108699666
103,93.98918300698266,-9.010816993017343
102,111.84151055080959,9.841510550809588
101,93.27519376767022,-7.724806232329783
100,72.46786830213132,-27.532131697868678
99,73.59808748703132,-25.40191251296868
98,88.30703633902137,-9.692963660978634
97,84.488000569013,-12.511999430987004
96,99.42605581529753,3.4260558152975307
95,101.38911656057212,6.38911656057212
94,81.20124294087401,-12.79875705912599
93,84.1948514419533,-8.805148558046696
92,91.47706712035398,-0.5229328796460209
91,87.78114376730083,-3.218856232699167
90,81.46530931449875,-8.534690685501246
89,71.54083484275438,-17.45916515724562
88,83.1238257319478,-4.876174268052196
87,72.81238250600448,-14.187617493995518
86,64.49241960089196,-21.507580399108036
85,82.73051102797268,-2.269488972027318
84,68.30913375967778,-15.690866240322222
83,74.27127562066417,-8.72872437933583
82,71.77096496705904,-10.229035032940956
81,71.06736786746106,-9.932632132538942
80,73.23255335160192,-6.767446648398078
79,63.321885616988766,-15.678114383011234
78,74.7881585696725,-3.211841430327496
77,70.30250687679195,-6.697493123208048
76,55.645063297650054,-20.354936702349946
75,59.884543762789626,-15.115456237210374
74,64.64199829481659,-9.358001705183412
73,57.891371051445965,-15.108628948554035
72,70.46312483649814,-1.5368751635018612
71,61.06666216612768,-9.933337833872322
70,55.4866378208651,-14.513362179134901
69,70.16250758762224,1.162507587622244
68,58.90060990099512,-9.099390099004879
67,54.99978506286457,-12.000214937135432
66,58.89857511377518,-7.1014248862248195
65,51.87936236206175,-13.120637637938252
64,63.68557766425183,-0.31442233574816925
63,56.38815814603354,-6.61184185396646
62,51.662121059195385,-10.337878940804615
61,53.756014001839254,-7.2439859981607455
60,48.475366556276555,-11.524633443723445
59,48.70970207412987,-10.290297925870128
58,47.705442320862836,-10.294557679137164
57,43.72811263739705,-13.271887362602953
56,48.32832418052365,-7.671675819476349
55,48.74517182530232,-6.254828174697678
54,44.68644188639018,-9.313558113609822
53,42.93727911601642,-10.06272088398358
52,41.97664410354869,-10.023355896451307
51,50.682607539442,-0.31739246055799697
50,39.25920443923124,-10.74079556076876
49,45.88200537373701,-3.117994626262991
48,39.85538930617887,-8.144610693821129
47,35.93459354317851,-11.065406456821492
46,37.19214595384835,-8.807854046151647
45,44.39600833883183,-0.6039916611681733
44,33.47434561900086,-10.525654380999143
43,43.329303361868625,0.3293033618686252
42,30.75523129011511,-11.244768709884891
41,36.00265356228739,-4.997346437712608
40,43.03808800264923,3.038088002649232
39,32.317457442796105,-6.682542557203895
38,34.67602139736772,-3.3239786026322804
37,31.951278876466688,-5.048721123533312
36,28.304651933764546,-7.695348066235454
35,32.346186369109034,-2.6538136308909657
34,26.98197117192233,-7.0180288280776715
33,28.00456431364473,-4.995435686355268
32,26.66905142197845,-5.330948578021552
31,28.704658136789227,-2.2953418632107727
30,25.183470978402386,-4.8165290215976135
29,20.366904873179806,-8.633095126820194
28,29.699170379878122,1.6991703798781224
27,22.797425521597432,-4.202574478402568
26,19.65570136469064,-6.344298635309361
25,18.397968562921427,-6.602031437078573
24,21.822411987058345,-2.177588012941655
23,16.34333586227155,-6.656664137728448
22,16.247376105104035,-5.752623894895965
21,21.157803292364665,0.15780329236466528
20,12.608730287110557,-7.391269712889443
19,18.017958889476525,-0.9820411105234754
18,15.604213936562235,-2.3957860634377646
17,16.55303740395311,-0.44696259604689104
16,8.926344819001086,-7.073655180998914
15,9.100050543273378,-5.899949456726622
14,9.45178561099203,-4.5482143890079705
13,9.994061942314659,-3.0059380576853414
12,10.892420611509236,-1.1075793884907643
11,9.511279388344706,-1.4887206116552942
10,5.589947670020036,-4.410052329979964
9,12.530332785884552,3.5303327858845517
8,11.041987034388056,3.0419870343880557
7,10.171865272902188,3.1718652729021883
6,5.559800373800601,-0.4401996261993988
5,3.118908010565288,-1.881091989434712
4,5.204705498603563,1.2047054986035626
3,4.784496490841463,1.7844964908414633
2,1.8879958679424251,-0.11200413205757487
1,3.3810790569595506,2.3810790569595506
0,2.5451233205906583,2.5451233205906583
149,142.30483182710816,-6.69516817289184
148,142.74645375028302,-5.253546249716976
147,147.31125539701077,0.3112553970107683
146,106.13830685082878,-39.86169314917122
145,132.89682738953505,-12.103172610464952
144,106.73708593546122,-37.262914064538776
143,152.17686305637093,9.176863056370934
142,152.35584579715956,10.35584579715956
141,105.80499020279686,-35.19500979720314
140,146.35870803297945,6.35870803297945
139,114.27033483820101,-24.72966516179899
138,153.16427956703586,15.164279567035862
137,164.33255955954098,27.332559559540982
136,134.30521925780613,-1.6947807421938705
135,117.93999436075632,-17.060005639243684
134,150.64886795733503,16.648867957335028
133,151.80101630152618,18.801016301526175
132,122.84084843243271,-9.159151567567292
131,155.29116449307503,24.29116449307503
130,143.80493664283765,13.804936642837646
129,148.44695420552955,19.44695420552955
128,136.4192054300103,8.419205430010294
127,104.82517466117471,-22.174825338825286
126,151.40449390094767,25.40449390094767
125,142.28450383031142,17.284503830311422
124,157.9781187881607,33.978118788160714
123,93.26082933455433,-29.73917066544567
122,140.94225902177456,18.94225902177456
121,139.46993866166508,18.469938661665083
120,129.8784433915768,9.878443391576809
119,150.71482401336183,31.714824013361834
118,111.67747552752358,-6.322524472476417
117,108.30489500873149,-8.695104991268508
116,104.44288999889007,-11.557110001109933
115,129.62707292084428,14.627072920844284
114,125.95593220070182,11.955932200701824
113,135.93028635703814,22.930286357038142
112,127.41347637447691,15.413476374476915
111,145.69590142306097,34.695901423060974
110,148.63917421872944,38.63917421872944
109,93.0484042861048,-15.951595713895202
108,137.96937043528362,29.969370435283622
107,146.56233773511414,39.56233773511414
106,121.682438318235,15.682438318235
105,159.5331688837823,54.53316888378231
104,139.35887568417132,35.35887568417132
103,112.28255300405057,9.28255300405057
102,138.8239946706115,36.82399467061151
101,117.17219764645407,16.172197646454066
100,71.81126996058646,-28.188730039413542
99,102.48297253697446,3.482972536974458
98,125.57092726156718,27.570927261567178
97,117.02252661843647,20.022526618436473
96,117.34168559382648,21.341685593826483
95,126.58102699595833,31.581026995958325
94,143.140877435765,49.14087743576499
93,123.32068345423923,30.32068345423923
92,89.15738946258425,-2.8426105374157515
91,131.14302960524168,40.14302960524168
90,99.74697097890063,9.746970978900634
89,154.0073919348367,65.0073919348367
88,94.61809659562144,6.618096595621438
87,92.65789457531633,5.657894575316334
86,93.91037920999713,7.9103792099971315
85,111.31138095330883,26.311380953308827
84,97.8610202588433,13.861020258843297
83,102.43824696300432,19.438246963004318
82,142.98192850708816,60.981928507088156
81,110.81037251375217,29.81037251375217
80,117.67292009742059,37.67292009742059
79,133.89512379083783,54.89512379083783
78,120.37798557242553,42.37798557242553
77,109.34943712775024,32.349437127750235
76,134.07577960753565,58.07577960753565
75,135.7777813754951,60.777781375495096
74,116.50119075601907,42.50119075601907
73,69.9030271880768,-3.0969728119231945
72,98.82428471735513,26.824284717355127
71,88.36992952190725,17.369929521907252
70,84.59194868660742,14.591948686607424
69,90.03050589558353,21.03050589558353
68,97.00527222522065,29.00527222522065
67,113.54843148812836,46.54843148812836
66,83.81825272636716,17.818252726367163
65,70.03549359267319,5.035493592673191
64,69.03716029236502,5.037160292365016
63,68.97406878608143,5.974068786081432
62,54.72012308307857,-7.279876916921431
61,104.78605573434993,43.78605573434993
60,58.277842434818375,-1.7221575651816252
59,102.83169862157112,43.83169862157112
58,115.55010470103511,57.55010470103511
57,102.36650771745451,45.36650771745451
56,65.69050309166242,9.690503091662421
55,56.88170713838964,1.8817071383896433
54,94.19305197215064,40.19305197215064
53,61.325821497302194,8.325821497302194
52,68.70095061024287,16.70095061024287
51,53.47369671682802,2.473696716828023
50,48.795461314236135,-1.2045386857638647
49,55.38472188277878,6.384721882778777
48,56.74769302342819,8.74769302342819
47,88.91194149572478,41.911941495724776
46,48.57926114822569,2.57926114822569
45,58.87686216222724,13.87686216222724
44,45.2382162562744,1.2382162562743986
43,56.843927049929164,13.843927049929164
42,56.07605856954359,14.07605856954359
41,60.29355679026857,19.293556790268568
40,48.55824816734687,8.558248167346868
39,44.36239462423544,5.362394624235442
38,54.025256656238014,16.025256656238014
37,42.1096614341454,5.109661434145401
36,49.15797145251734,13.157971452517337
35,72.91976259109833,37.91976259109833
34,41.48083449038922,7.4808344903892205
33,37.256992520920775,4.256992520920775
32,45.92351383836671,13.92351383836671
31,40.538791302814836,9.538791302814836
30,35.53666175547281,5.536661755472807
29,26.827944102912888,-2.1720558970871124
28,22.935974299737076,-5.064025700262924
27,25.756093882562254,-1.2439061174377457
26,20.964821536014725,-5.035178463985275
25,24.796369168851424,-0.20363083114857616
24,23.696754702607336,-0.3032452973926638
23,24.458431154956145,1.4584311549561448
22,24.713170096355306,2.713170096355306
21,23.076422369091173,2.0764223690911727
20,26.627367074944296,6.627367074944296
19,13.334590295566143,-5.665409704433857
18,21.167171221760682,3.1671712217606824
17,15.801933523966566,-1.1980664760334339
16,20.03424304141849,4.034243041418492
15,19.478437944666293,4.478437944666293
14,14.169218208262325,0.16921820826232548
13,7.951102680721418,-5.048897319278582
12,10.08441812810512,-1.9155818718948794
11,13.661914772568341,2.661914772568341
10,17.97644114686484,7.97644114686484
9,13.06776611150289,4.067766111502889
8,7.885201512513972,-0.11479848748602794
7,5.714292359188794,-1.2857076408112063
6,7.371622324373256,1.3716223243732557
5,10.648651532145182,5.648651532145182
4,6.206602287744936,2.2066022877449356
3,6.603480122981593,3.603480122981593
2,9.78268074858579,7.78268074858579
1,2.7900428422865633,1.7900428422865633
0,2.0216964129008232,2.0216964129008232
239,196.73961962775778,-42.260380372242224
238,203.8825894512867,-34.11741054871331
237,158.96388494519755,-78.03611505480245
236,191.57085322067127,-44.42914677932873
235,189.20956638694113,-45.790433613058866
234,184.59959637743586,-49.40040362256414
233,176.34371378736498,-56.656286212635024
232,184.961544873857,-47.03845512614299
231,167.94607088712814,-63.053929112871856
230,193.28931687485226,-36.71068312514774
229,184.10877104729641,-44.891228952703585
228,181.11908110408666,-46.88091889591334
227,182.7299961415262,-44.270003858473814
226,189.04210174630995,-36.95789825369005
225,178.44088326148815,-46.55911673851185
224,171.14291525409763,-52.85708474590237
223,180.2381226447616,-42.7618773552384
222,178.94709712872285,-43.052902871277155
221,192.5563162876854,-28.443683712314595
220,177.30964443011587,-42.69035556988413
219,196.98948298687063,-22.010517013129373
218,187.7930616608452,-30.20693833915479
217,158.81051868077745,-58.18948131922255
216,165.1305302298235,-50.869469770176494
215,181.07897674698037,-33.92102325301963
214,177.34617089806508,-36.65382910193492
213,164.7459766221346,-48.254023377865394
212,181.52914336988246,-30.470856630117538
211,181.47869732825663,-29.52130267174337
210,187.79951388259133,-22.200486117408673
209,167.58960741824285,-41.41039258175715
208,188.11712282274814,-19.882877177251856
207,194.75849918369394,-12.241500816306058
206,179.4708940769071,-26.529105923092914
205,184.46999007107436,-20.530009928925637
204,176.83217632615063,-27.16782367384937
203,191.9584812336873,-11.041518766312691
202,179.76682097664988,-22.233179023350118
201,168.86388060749016,-32.13611939250984
200,182.40212682601208,-17.59787317398792
199,170.71792157207275,-28.282078427927246
198,160.16307107947952,-37.83692892052048
197,179.0653242181623,-17.93467578183771
196,179.15922076505376,-16.84077923494624
195,199.1895759528482,4.189575952848202
194,192.53733068703727,-1.4626693129627313
193,182.34591509220925,-10.654084907790747
192,162.14521266101448,-29.854787338985517
191,182.3932973877518,-8.606702612248199
190,158.0283354821049,-31.971664517895107
189,162.84646388889757,-26.153536111102426
188,181.2698008622098,-6.730199137790208
187,188.76823803598376,1.7682380359837566
186,178.3271033208622,-7.672896679137807
185,168.8764001141187,-16.123599885881305
184,179.7728961882717,-4.227103811728313
183,183.55149411895297,0.5514941189529736
182,178.64614618814278,-3.3538538118572205
181,182.79451692421793,1.7945169242179304
180,168.3626541896785,-11.637345810321506
179,178.37230581468074,-0.6276941853192568
178,179.4720607451631,1.4720607451631054
177,176.34419474905914,-0.6558052509408583
176,172.7063981405706,-3.293601859429401
175,165.85735164628113,-9.142648353718869
174,182.61808998272963,8.618089982729629
173,159.0851980294989,-13.914801970501088
172,163.24635616928663,-8.753643830713372
171,171.4238167274161,0.4238167274160958
170,156.3286238279265,-13.671376172073508
169,162.4058711466725,-6.594128853327504
168,151.61158713317988,-16.38841286682012
167,183.092831105135,16.09283110513499
166,154.97547390427587,-11.024526095724127
165,173.76440633727296,8.764406337272959
164,160.0593123994426,-3.9406876005573963
163,173.74887233784446,10.74887233784446
162,165.8049778038096,3.8049778038096065
161,174.12851189010684,13.128511890106836
160,172.3909167757421,12.390916775742113
159,188.32058751475574,29.320587514755744
158,190.25291428985298,32.25291428985298
157,158.78815499857026,1.7881549985702634
156,153.75853779392244,-2.241462206077557
155,165.14086076609132,10.140860766091322
154,185.36129275549033,31.361292755490325
153,172.73296134004434,19.73296134004434
152,170.80147005842474,18.80147005842474
151,175.94175554671008,24.941755546710084
150,162.88836404080956,12.888364040809563
149,166.3829231068553,17.382923106855287
148,170.72885273958076,22.72885273958076
147,168.2850567304986,21.28505673049861
146,181.1518306381955,35.15183063819549
145,166.92901581951756,21.92901581951756
144,175.46999406896842,31.46999406896842
143,178.74910774259268,35.749107742592685
142,144.03982324366373,2.039823243663733
141,166.58079803300419,25.580798033004186
140,176.1227680614706,36.122768061470595
139,162.61351380508395,23.613513805083954
138,183.91493636062933,45.914936360629326
137,137.12108825820712,0.12108825820712354
136,147.48385516813767,11.483855168137666
135,159.95741789973877,24.957417899738772
134,168.75160029025838,34.75160029025838
133,177.79941891412662,44.79941891412662
132,148.13644424349866,16.13644424349866
131,170.7371009102181,39.73710091021809
130,160.42456013955095,30.424560139550948
129,152.17661216259643,23.176612162596427
128,184.95533119831683,56.95533119831683
127,168.64541793684444,41.64541793684444
126,139.40044710288848,13.400447102888478
125,153.96926475641655,28.96926475641655
124,162.36007441712655,38.360074417126555
123,136.4507770905564,13.450777090556386
122,137.90118206016544,15.90118206016544
121,157.0767838875521,36.0767838875521
120,179.05753087680316,59.057530876803156
119,138.5263761727821,19.526376172782108
118,144.39373222846967,26.393732228469673
117,152.36396533916704,35.36396533916704
116,139.20290165428827,23.20290165428827
115,135.10334522369612,20.103345223696124
114,174.53208348731607,60.53208348731607
113,163.13207631944064,50.13207631944064
112,113.71986825228429,1.7198682522842859
111,157.269001550625,46.269001550625006
110,148.11211250192017,38.112112501920166
109,163.6680789263626,54.6680789263626
108,156.25020102131265,48.25020102131265
107,151.7503973715827,44.75039737158269
106,123.48597015580744,17.485970155807436
105,141.37224558225563,36.37224558225563
104,112.76532666057602,8.765326660576022
103,119.58732402613731,16.58732402613731
102,141.9307789953253,39.93077899532531
101,123.29404073288241,22.294040732882408
100,140.89202761746338,40.892027617463384
99,116.03635176640523,17.036351766405232
98,158.8279769855016,60.82797698550161
97,109.94628153562117,12.946281535621168
96,113.7730408461336,17.773040846133597
95,107.70217620605229,12.702176206052286
94,120.98588352730864,26.985883527308644
93,99.96762336410572,6.9676233641057195
92,91.27497336048698,-0.7250266395130183
91,102.57724162167383,11.577241621673835
90,137.4022820223035,47.402282022303496
89,144.13759304496324,55.13759304496324
88,104.69783523592851,16.69783523592851
87,108.64317733346806,21.64317733346806
86,110.53751689323745,24.537516893237452
85,107.09571764153458,22.095717641534577
84,111.78822676773694,27.788226767736944
83,115.44394259449693,32.44394259449693
82,92.0182210469698,10.0182210469698
81,104.85353582677436,23.853535826774362
80,80.8416670133253,0.8416670133253064
79,100.64223920927711,21.642239209277108
78,93.75956719517164,15.759567195171641
77,91.88750629078967,14.887506290789673
76,90.42561758507976,14.425617585079763
75,79.22207376886706,4.222073768867062
74,88.89473921389443,14.894739213894425
73,81.69305951063893,8.693059510638932
72,71.59165787948717,-0.4083421205128275
71,79.85531769433693,8.855317694336932
70,93.61286446793463,23.612864467934628
69,75.16756820060745,6.167568200607448
68,75.81917227409679,7.819172274096786
67,87.19059887850406,20.190598878504062
66,67.04701684473932,1.0470168447393178
65,84.19199853396512,19.19199853396512
64,76.94942897806781,12.949428978067814
63,71.6685737009636,8.668573700963606
62,69.16209079867497,7.162090798674967
61,60.395660414811715,-0.6043395851882849
60,75.10258185784802,15.102581857848023
59,72.26568604585124,13.26568604585124
58,65.43567417109894,7.435674171098938
57,68.49424254623945,11.494242546239448
56,46.222478102779576,-9.777521897220424
55,61.04562921114281,6.04562921114281
54,60.81838264693682,6.8183826469368185
53,61.3335527786589,8.333552778658898
52,56.134956275045944,4.134956275045944
51,56.93445690410382,5.934456904103818
50,63.351686178277504,13.351686178277504
49,57.70127713686757,8.701277136867567
48,56.69239198628088,8.692391986280882
47,55.33570912570405,8.33570912570405
46,46.29171427790476,0.29171427790475946
45,43.68362776733072,-1.3163722326692806
44,42.065346789167215,-1.934653210832785
43,50.48437075276806,7.484370752768058
42,42.76388609242495,0.7638860924249471
41,44.2391133735142,3.2391133735142006
40,43.48261549931836,3.4826154993183565
39,44.94031338857222,5.940313388572221
38,36.641031360770285,-1.3589686392297153
37,43.05638657025804,6.0563865702580415
36,43.10203302628746,7.102033026287458
35,32.13094486522248,-2.8690551347775184
34,32.93176333373368,-1.0682366662663227
33,37.72016098696627,4.72016098696627
32,34.87274450680041,2.8727445068004087
31,34.6215233447667,3.6215233447667003
30,32.56202598819979,2.5620259881997924
29,33.27075700732014,4.270757007320142
28,30.557239477301167,2.5572394773011666
27,27.012937848623665,0.01293784862366465
26,28.435758198853076,2.435758198853076
25,28.734952286765516,3.734952286765516
24,30.805307666076434,6.805307666076434
23,29.055858853667843,6.055858853667843
22,23.380890466078466,1.3808904660784656
21,22.04524156999689,1.0452415699968896
20,22.506031969896277,2.506031969896277
19,18.669229541897728,-0.3307704581022719
18,18.851325771287534,0.8513257712875344
17,19.896174452525447,2.8961744525254467
16,19.9663651793683,3.9663651793682995
15,16.633004865558515,1.6330048655585152
14,13.732741132972642,-0.26725886702735835
13,12.441790995167542,-0.5582090048324577
12,13.53460333377493,1.53460333377493
11,14.398999217019657,3.3989992170196572
10,9.70013504253743,-0.29986495746256914
9,13.62881179645948,4.62881179645948
8,13.348685093071708,5.348685093071708
7,14.288446051480337,7.288446051480337
6,11.47072087727374,5.47072087727374
5,8.613215621238067,3.6132156212380675
4,6.760051165824275,2.760051165824275
3,4.49217898986978,1.49217898986978
2,4.737118974566887,2.7371189745668874
1,5.656952171968043,4.656952171968043
0,2.5291121889376527,2.5291121889376527
162,148.50486559334195,-13.495134406658053
161,143.61932658833246,-17.380673411667544
160,126.64137661616843,-33.35862338383157
159,139.94379933048538,-19.056200669514624
158,138.37611267634148,-19.623887323658522
157,144.10104545000064,-12.89895454999936
156,148.13352967282114,-7.86647032717886
155,156.8218602678281,1.8218602678281002
154,117.14255725787427,-36.85744274212573
153,136.83998306017176,-16.16001693982824
152,157.19552454603362,5.195524546033624
151,143.39932210185452,-7.600677898145477
150,133.36965866972133,-16.630341330278668
149,130.58032329362885,-18.41967670637115
148,143.94600700811057,-4.05399299188943
147,146.2899586891608,-0.7100413108391876
146,145.66784277146155,-0.3321572285384491
145,143.50519552450473,-1.4948044754952718
144,131.98174926142815,-12.018250738571851
143,131.6539962141574,-11.346003785842612
142,143.05464100278883,1.054641002788827
141,139.01385293082467,-1.9861470691753311
140,135.75639047732955,-4.243609522670454
139,132.2125945571763,-6.787405442823712
138,156.35254432874476,18.352544328744756
137,131.58683990038162,-5.413160099618381
136,130.04836475681185,-5.95163524318815
135,142.846867505775,7.846867505775009
134,147.6568179647494,13.656817964749393
133,141.49646544379257,8.496465443792573
132,148.66543379854568,16.665433798545678
131,136.24989782966034,5.249897829660341
130,140.40057539575997,10.400575395759972
129,151.8912326254585,22.891232625458514
128,155.36754919403805,27.367549194038048
127,144.69822461976455,17.698224619764545
126,148.21315697247377,22.21315697247377
125,137.77692767256835,12.776927672568348
124,158.1445589036867,34.144558903686686
123,126.16554023884618,3.1655402388461766
122,142.45944572749227,20.459445727492266
121,151.62610670067812,30.626106700678122
120,141.91162740859082,21.911627408590817
119,129.45358133224713,10.453581332247126
118,136.18631364508386,18.186313645083857
117,136.69380630750405,19.693806307504047
116,169.26062498729345,53.260624987293454
115,118.47081795867535,3.4708179586753545
114,108.33117819917435,-5.668821800825654
113,124.49250107448452,11.492501074484522
112,141.6399275816014,29.6399275816014
111,120.73309082127892,9.733090821278921
110,153.52901398095372,43.52901398095372
109,127.27461920784744,18.274619207847437
108,150.16742445937265,42.167424459372654
107,146.55099669615726,39.550996696157256
106,143.33423999667346,37.33423999667346
105,135.1490973736446,30.149097373644594
104,134.95500260586496,30.955002605864962
103,130.8249121245884,27.824912124588394
102,121.27127675216937,19.27127675216937
101,130.0334908629383,29.033490862938294
100,160.4496790915206,60.44967909152061
99,148.50681521240202,49.50681521240202
98,121.79647609807628,23.796476098076283
97,145.71195321493957,48.71195321493957
96,127.01861066119977,31.018610661199773
95,128.51407881298272,33.51407881298272
94,134.17196447649354,40.17196447649354
93,131.4814824664413,38.48148246644129
92,109.77993036341248,17.779930363412475
91,116.84516505312716,25.84516505312716
90,120.38776972319049,30.387769723190488
89,141.58054584772253,52.58054584772253
88,106.94137759601948,18.94137759601948
87,129.10702077854214,42.107020778542136
86,138.38425905935316,52.384259059353155
85,131.45365927419678,46.45365927419678
84,117.94880030022433,33.948800300224335
83,117.13329392983171,34.13329392983171
82,110.7695618310285,28.769561831028497
81,111.99903383407965,30.999033834079654
80,109.64758588628443,29.647585886284432
79,147.58553209358027,68.58553209358027
78,106.99686467045956,28.99686467045956
77,161.8408102814711,84.84081028147111
76,90.77931700652289,14.779317006522888
75,107.82907349556194,32.82907349556194
74,137.97623446287983,63.97623446287983
73,113.44335493980569,40.44335493980569
72,95.67507177358246,23.67507177358246
71,106.31396518654213,35.313965186542134
70,85.0071587639914,15.007158763991399
69,85.75245089850813,16.75245089850813
68,64.30693865895881,-3.6930613410411866
67,112.48796704983177,45.48796704983177
66,103.1621224579514,37.1621224579514
65,67.55458937467762,2.5545893746776187
64,102.54680907829923,38.54680907829923
63,88.48594671475753,25.48594671475753
62,78.78801340141634,16.788013401416336
61,95.37569640035741,34.37569640035741
60,83.01881385193761,23.018813851937608
59,72.05237616305267,13.05237616305267
58,59.46813686227584,1.4681368622758413
57,65.39587800066289,8.39587800066289
56,63.209966717054854,7.209966717054854
55,74.92911233566055,19.929112335660548
54,60.79750636389757,6.797506363897568
53,60.91843476132572,7.91843476132572
52,55.01202221132842,3.0120222113284214
51,54.52516930266679,3.5251693026667894
50,62.58302417945831,12.583024179458313
49,57.48007418660629,8.480074186606288
48,55.649536827210845,7.649536827210845
47,64.716132351326,17.716132351325996
46,48.00685755433941,2.006857554339412
45,57.399827562410096,12.399827562410096
44,58.33459743701435,14.334597437014352
43,51.99762412878657,8.997624128786569
42,54.04189712199079,12.041897121990793
41,56.00358995705874,15.003589957058743
40,44.99419344924455,4.994193449244548
39,44.2026914325355,5.202691432535502
38,44.41026721278376,6.410267212783758
37,46.260027582367805,9.260027582367805
36,46.54057120665714,10.540571206657141
35,41.56297854243206,6.562978542432063
34,45.81765722984447,11.817657229844471
33,39.686280249740875,6.686280249740875
32,40.96652348151506,8.966523481515061
31,40.1164365754043,9.1164365754043
30,36.57863431803831,6.578634318038311
29,36.01104463998148,7.011044639981478
28,34.576869952319626,6.576869952319626
27,32.48894985151588,5.488949851515883
26,37.23759326437911,11.237593264379107
25,32.91177918315588,7.911779183155879
24,31.438207415151073,7.438207415151073
23,27.431432934824038,4.431432934824038
22,29.271284710550884,7.2712847105508835
21,28.52462578181192,7.52462578181192
20,27.36808351208475,7.368083512084748
19,26.773648942861378,7.773648942861378
18,29.023243532660853,11.023243532660853
17,22.439665743716223,5.439665743716223
16,19.248294311639523,3.2482943116395226
15,16.234319181747047,1.234319181747047
14,12.547346097014442,-1.452653902985558
13,18.276696449044582,5.276696449044582
12,13.881272607311853,1.8812726073118533
11,18.17208648655266,7.1720864865526615
10,14.44653354601196,4.44653354601196
9,14.35430333618909,5.354303336189091
8,10.044477711048842,2.0444777110488417
7,10.636029691679148,3.6360296916791484
6,8.70593011036091,2.70593011036091
5,10.895589581067371,5.895589581067371
4,6.8835559764452965,2.8835559764452965
3,4.661247617337944,1.6612476173379438
2,3.075011551365731,1.0750115513657308
1,2.733165540883267,1.7331655408832671
0,1.822925800274718,1.822925800274718
233,188.46922103908304,-44.53077896091696
232,175.38954176694506,-56.61045823305494
231,185.12341103146622,-45.87658896853378
230,206.89547542494478,-23.104524575055223
229,169.88922553914966,-59.11077446085034
228,187.83749517313632,-40.16250482686368
227,195.3180172587476,-31.681982741252398
226,169.9394584387393,-56.06054156126069
225,199.0330234598049,-25.966976540195105
224,194.51080629736597,-29.489193702634026
223,191.68343120187336,-31.31656879812664
222,183.85946933041163,-38.14053066958837
221,173.64645657706586,-47.35354342293414
220,177.50321096296204,-42.496789037037956
219,198.64804968673417,-20.35195031326583
218,192.39365550271023,-25.60634449728977
217,181.0779481589617,-35.9220518410383
216,182.63607638647048,-33.36392361352952
215,174.8660586671499,-40.1339413328501
214,168.65568474558614,-45.34431525441386
213,167.00862843688816,-45.99137156311184
212,176.60589722766906,-35.39410277233094
211,170.68534453514332,-40.314655464856685
210,189.2481364567321,-20.751863543267888
209,154.2491829712012,-54.75081702879879
208,184.88563558014076,-23.114364419859243
207,171.23241440649994,-35.76758559350006
206,184.64469764429492,-21.355302355705078
205,179.91927774179723,-25.08072225820277
204,168.34183742503626,-35.65816257496374
203,179.7023840563805,-23.29761594361949
202,171.2460440451447,-30.753955954855286
201,164.40371333544334,-36.59628666455666
200,181.86874899498525,-18.131251005014747
199,176.41655777917472,-22.583442220825276
198,195.68066377681512,-2.3193362231848766
197,194.87693582615353,-2.1230641738464726
196,175.0477484873485,-20.952251512651486
195,180.57796930314277,-14.422030696857234
194,170.43030199923916,-23.569698000760837
193,185.06722997836346,-7.932770021636543
192,181.63583166576277,-10.364168334237235
191,188.98474730326544,-2.0152526967345636
190,191.39555328917712,1.3955532891771156
189,173.51301456117824,-15.486985438821762
188,184.75321721309314,-3.246782786906863
187,173.17953702538685,-13.82046297461315
186,186.78569630306063,0.7856963030606323
185,177.65405666784176,-7.345943332158242
184,174.57621676246856,-9.423783237531438
183,179.66585478230914,-3.3341452176908604
182,182.1828571749867,0.18285717498670806
181,168.03469996645083,-12.96530003354917
180,163.79445784051694,-16.20554215948306
179,178.78235826653577,-0.21764173346423377
178,190.67506006777867,12.675060067778674
177,196.63800439648065,19.638004396480653
176,180.7729881466315,4.772988146631491
175,168.559177771489,-6.440822228510996
174,173.11719112219055,-0.8828088778094525
173,185.5760569188465,12.57605691884649
172,174.46462854652214,2.4646285465221354
171,178.10309605087883,7.103096050878833
170,175.66698892338326,5.666988923383258
169,181.1053927516239,12.105392751623896
168,149.22581060246927,-18.774189397530733
167,174.55817593912798,7.5581759391279775
166,157.59871947191957,-8.401280528080434
165,186.0725502786428,21.072550278642808
164,169.29991654980043,5.299916549800429
163,171.53667384635486,8.536673846354859
162,189.8786160984785,27.87861609847849
161,162.67469352720093,1.6746935272009296
160,180.51555761215056,20.51555761215056
159,174.23725766959254,15.237257669592537
158,166.97008626205428,8.97008626205428
157,179.74478687248413,22.744786872484127
156,164.96021487800996,8.960214878009964
155,176.1943715210916,21.194371521091597
154,166.47550222973618,12.475502229736179
153,166.01214677388913,13.012146773889128
152,155.2518120633839,3.251812063383909
151,160.79063030000606,9.790630300006057
150,157.97761760854377,7.977617608543767
149,163.16220111241543,14.162201112415431
148,168.6044053613226,20.60440536132259
147,176.6037220340803,29.603722034080306
146,165.9782722912707,19.978272291270713
145,170.78459590407888,25.784595904078884
144,175.21365715986798,31.213657159867978
143,164.0395656170139,21.039565617013892
142,181.35107508193553,39.351075081935534
141,177.05070194810347,36.050701948103466
140,159.5719729183011,19.5719729183011
139,169.62543315440152,30.62543315440152
138,190.13526749991624,52.13526749991624
137,171.4813024376123,34.4813024376123
136,192.9584357602324,56.95843576023239
135,163.34761234689793,28.347612346897932
134,182.61394759262055,48.61394759262055
133,183.61235977374005,50.61235977374005
132,174.56573750298557,42.56573750298557
131,172.64959797069957,41.649597970699574
130,176.5040417298473,46.5040417298473
129,163.74807121806637,34.74807121806637
128,168.8242317420882,40.82423174208819
127,159.98890065605914,32.988900656059144
126,181.07285213925184,55.072852139251836
125,182.89545515316303,57.89545515316303
124,180.0321153898216,56.0321153898216
123,160.6021990798332,37.60219907983321
122,157.96509546873844,35.96509546873844
121,171.75608465871917,50.756084658719175
120,171.82317413654576,51.82317413654576
119,174.72553531910128,55.72553531910128
118,175.56925817294163,57.56925817294163
117,175.96632207200267,58.96632207200267
116,157.61628613390388,41.616286133903884
115,171.3629154693003,56.362915469300304
114,171.0565204887389,57.0565204887389
113,160.29649669603702,47.296496696037025
112,170.0250586560154,58.0250586560154
111,148.97063437256764,37.970634372567645
110,162.67308039381504,52.67308039381504
109,177.1599354364589,68.15993543645891
108,183.1554528724113,75.1554528724113
107,168.849015835506,61.84901583550601
106,172.5149696716767,66.51496967167671
105,151.06420773211994,46.06420773211994
104,174.09717226911755,70.09717226911755
103,177.6605812539113,74.66058125391129
102,167.093700792723,65.09370079272301
101,173.1661010117077,72.1661010117077
100,156.4419537720794,56.44195377207939
99,159.0500932070252,60.05009320702521
98,171.8240316826534,73.82403168265341
97,169.67807882493318,72.67807882493318
96,146.71728763855668,50.717287638556684
95,158.44727304919004,63.447273049190045
94,145.99666779619577,51.996667796195766
93,165.4563985871711,72.4563985871711
92,172.80409707188247,80.80409707188247
91,152.42068041549933,61.42068041549933
90,157.02192999994114,67.02192999994114
89,140.9715296054135,51.97152960541351
88,154.3357392753275,66.33573927532751
87,152.39617406498735,65.39617406498735
86,164.9253588098177,78.92535880981771
85,185.5212013356699,100.5212013356699
84,175.2284211481672,91.2284211481672
83,149.1337836886882,66.1337836886882
82,161.5941948736592,79.5941948736592
81,151.84582381467854,70.84582381467854
80,157.79236592538874,77.79236592538874
79,151.5667223905953,72.56672239059529
78,144.12772210833552,66.12772210833552
77,151.0055223297943,74.0055223297943
76,135.36773199329048,59.36773199329048
75,138.28243833885412,63.28243833885412
74,137.9394365428087,63.93943654280869
73,128.36066965896154,55.36066965896154
72,161.11546872498872,89.11546872498872
71,133.07742425087818,62.07742425087818
70,163.36441060611205,93.36441060611205
69,143.0693661331101,74.0693661331101
68,158.91245438087884,90.91245438087884
67,115.38925454090112,48.38925454090112
66,146.2474694588693,80.24746945886929
65,119.10236524516931,54.10236524516931
64,132.40588895300607,68.40588895300607
63,140.28116370832475,77.28116370832475
62,119.6120136589502,57.612013658950204
61,128.91545262571967,67.91545262571967
60,127.86541122657022,67.86541122657022
59,100.91852057369016,41.91852057369016
58,121.39443316732303,63.39443316732303
57,135.73671036657709,78.73671036657709
56,124.71683788328119,68.71683788328119
55,107.92518170960443,52.92518170960443
54,134.50891652440254,80.50891652440254
53,118.5498163510638,65.5498163510638
52,132.89745203865624,80.89745203865624
51,148.5507703899644,97.55077038996441
50,117.36577105178105,67.36577105178105
49,99.71669217732735,50.716692177327346
48,98.52531222712618,50.52531222712618
47,108.48921370082441,61.48921370082441
46,100.37892807207417,54.378928072074174
45,88.90419138002521,43.90419138002521
44,99.5201681337325,55.5201681337325
43,73.9852908239851,30.985290823985096
42,133.81023644658572,91.81023644658572
41,89.57942023294379,48.57942023294379
40,73.46113936753298,33.46113936753298
39,86.01910200633566,47.01910200633566
38,59.244208912965235,21.244208912965235
37,55.67110849196726,18.67110849196726
36,65.01348843258565,29.013488432585646
35,63.43441346593721,28.43441346593721
34,59.69238259787166,25.692382597871656
33,32.489435082306755,-0.5105649176932445
32,56.10009315175704,24.100093151757036
31,35.66992466494635,4.66992466494635
30,58.53017307089193,28.530173070891927
29,35.99429771860408,6.994297718604081
28,32.71523095360954,4.715230953609542
27,42.266184674654724,15.266184674654724
26,39.401217408812364,13.401217408812364
25,42.73535215649503,17.735352156495033
24,36.596373664491715,12.596373664491715
23,18.294566736522842,-4.705433263477158
22,26.217733589217797,4.217733589217797
21,44.08640063403228,23.08640063403228
20,21.686815707709897,1.686815707709897
19,26.15375218115215,7.15375218115215
18,33.93203361243161,15.93203361243161
17,22.870543641343186,5.870543641343186
16,17.009942883320658,1.009942883320658
15,16.65544462183845,1.6554446218384484
14,22.214015583848557,8.214015583848557
13,11.013397380500477,-1.9866026194995232
12,22.066686534784456,10.066686534784456
11,12.667100966963897,1.667100966963897
10,5.790446233401958,-4.209553766598042
9,14.234333522677861,5.234333522677861
8,10.577780207039256,2.5777802070392557
7,7.641504755815743,0.6415047558157427
6,10.090773276998199,4.090773276998199
5,2.1808142795135783,-2.8191857204864217
4,8.330981405668638,4.330981405668638
3,4.109328140289361,1.109328140289361
2,4.172843119982948,2.1728431199829483
1,10.09524523569825,9.09524523569825
0,7.596698794488969,7.596698794488969
157,149.81059168720856,-7.189408312791443
156,134.22019756424342,-21.77980243575658
155,163.48565389667084,8.48565389667084
154,157.17462083838078,3.1746208383807755
153,144.84854913700846,-8.151450862991538
152,133.5838040945038,-18.41619590549621
151,123.74696164081018,-27.253038359189816
150,135.25709808407106,-14.74290191592894
149,151.05312955907183,2.0531295590718344
148,127.37944815661633,-20.620551843383666
147,153.82714105443924,6.827141054439238
146,134.13035985182682,-11.869640148173175
145,153.4114279249303,8.411427924930308
144,130.3418171210885,-13.658182878911504
143,171.2635365625946,28.263536562594595
142,125.72340693259271,-16.27659306740729
141,142.88287618878385,1.8828761887838539
140,153.94026174502295,13.940261745022951
139,147.98042470762806,8.98042470762806
138,146.09559520495844,8.095595204958443
137,150.62271972452194,13.622719724521943
136,110.50193098306922,-25.498069016930785
135,116.83345957588169,-18.16654042411831
134,136.89798983704637,2.8979898370463673
133,143.42150869922983,10.421508699229832
132,138.03670752167508,6.036707521675083
131,142.3014053264767,11.301405326476697
130,152.44744255699584,22.44744255699584
129,151.5616419081006,22.561641908100597
128,140.1173165997401,12.117316599740093
127,141.35466192093932,14.354661920939321
126,142.16577674277218,16.16577674277218
125,131.6670828339108,6.667082833910797
124,121.25663507081161,-2.743364929188388
123,142.02176461544997,19.021764615449968
122,122.76311114631848,0.7631111463184794
121,117.40368908561342,-3.596310914386578
120,146.74998399301072,26.749983993010716
119,121.68892634280056,2.6889263428005563
118,112.85397886425736,-5.146021135742643
117,122.49070315757501,5.4907031575750125
116,110.13263925158078,-5.867360748419216
115,134.2316388247553,19.231638824755294
114,135.41897690878096,21.418976908780962
113,106.09313104047655,-6.90686895952345
112,138.20108991750428,26.201089917504277
111,119.87213784835731,8.872137848357312
110,147.1035979519706,37.10359795197061
109,143.6520837334064,34.652083733406414
108,114.7845822541751,6.784582254175106
107,134.93867930457944,27.938679304579438
106,130.9957819560041,24.995781956004095
105,132.62012314853197,27.620123148531974
104,144.54628782900107,40.54628782900107
103,121.68387913095667,18.68387913095667
102,116.61224854504462,14.612248545044622
101,107.80895230224708,6.808952302247079
100,119.14571786950575,19.145717869505745
99,119.7943149651604,20.794314965160396
98,112.8536857749742,14.853685774974196
97,106.71479665693788,9.714796656937878
96,120.07332311631443,24.073323116314427
95,136.47555870557034,41.475558705570336
94,134.68647695591307,40.686476955913065
93,119.101949629885,26.101949629885
92,118.93200243146082,26.932002431460816
91,110.79911205936304,19.79911205936304
90,141.16495607551198,51.16495607551198
89,131.80613793196827,42.806137931968266
88,123.14168705262743,35.14168705262743
87,140.76629554655017,53.76629554655017
86,72.13764709322328,-13.86235290677672
85,130.16768342456484,45.16768342456484
84,120.63280035025183,36.63280035025183
83,135.8988184604782,52.898818460478196
82,123.30784110529997,41.30784110529997
81,105.44659986171744,24.446599861717445
80,87.45749983986606,7.45749983986606
79,137.7949876649101,58.79498766491011
78,98.98695089193578,20.986950891935777
77,94.12894399325309,17.12894399325309
76,107.78216503855617,31.782165038556172
75,92.13209276070502,17.13209276070502
74,117.54836215989884,43.54836215989884
73,91.68204457320287,18.682044573202873
72,105.22499074703245,33.22499074703245
71,109.64946064278855,38.649460642788554
70,89.90215981289087,19.902159812890872
69,89.41928655062694,20.419286550626936
68,105.86142833604308,37.861428336043076
67,108.92215268659345,41.92215268659345
66,107.92693987972933,41.92693987972933
65,120.57810200777895,55.57810200777895
64,82.87037336418308,18.87037336418308
63,107.21946451473373,44.21946451473373
62,89.03203790930434,27.032037909304336
61,104.17362754942863,43.17362754942863
60,65.8547373966505,5.854737396650506
59,89.58286346346299,30.582863463462985
58,98.30665747628706,40.30665747628706
57,109.36287740793772,52.36287740793772
56,56.86335053426961,0.8633505342696068
55,100.92558531005449,45.92558531005449
54,77.2573565863874,23.257356586387402
53,92.17947860558772,39.17947860558772
52,68.99727066334077,16.99727066334077
51,100.93950691467117,49.93950691467117
50,108.8277041116347,58.8277041116347
49,81.12504013094748,32.12504013094748
48,56.43930054865499,8.439300548654991
47,59.90320428529158,12.90320428529158
46,50.606760506682846,4.606760506682846
45,65.6362413457114,20.636241345711397
44,62.61720755067085,18.617207550670848
43,79.66710388423928,36.66710388423928
42,44.33387487630187,2.33387487630187
41,58.952627542821816,17.952627542821816
40,74.62689332399627,34.62689332399627
39,64.06079678611721,25.06079678611721
38,67.16045928967836,29.160459289678357
37,51.7841449207913,14.784144920791299
36,48.13987320004559,12.139873200045592
35,37.36522053746906,2.3652205374690567
34,47.75652749290614,13.756527492906137
33,40.828210293378795,7.828210293378795
32,37.64021101995697,5.640211019956972
31,32.59510796627693,1.5951079662769274
30,40.941618992067475,10.941618992067475
29,29.350387426299193,0.35038742629919284
28,46.74420190397841,18.744201903978407
27,38.70036881538654,11.70036881538654
26,38.403569831278084,12.403569831278084
25,30.688047800831807,5.688047800831807
24,19.942854093120495,-4.057145906879505
23,29.577868860035718,6.577868860035718
22,30.566027681554758,8.566027681554758
21,27.84103551109194,6.841035511091938
20,18.642946839366353,-1.3570531606336473
19,36.72686254209213,17.726862542092128
18,11.964472791767928,-6.035527208232072
17,32.81308274493302,15.81308274493302
16,27.3416672757497,11.3416672757497
15,19.239940194617905,4.239940194617905
14,14.101915438440136,0.10191543844013573
13,16.964296825087537,3.964296825087537
12,15.757305291517907,3.7573052915179073
11,9.106161817192621,-1.8938381828073787
10,16.355733771639958,6.355733771639958
9,10.592176500726659,1.5921765007266586
8,12.972667757904288,4.972667757904288
7,10.70937038793941,3.70937038793941
6,5.400199617444817,-0.5998003825551832
5,8.808401881623706,3.8084018816237055
4,8.58082707935339,4.580827079353391
3,10.22443322139938,7.22443322139938
2,7.848150636747152,5.848150636747152
1,6.911186339016199,5.911186339016199
0,1.8027024914048875,1.8027024914048875
169,163.44887730059193,-5.551122699408069
168,158.38801991707106,-9.611980082928937
167,160.44811722940796,-6.551882770592044
166,158.61156625008968,-7.38843374991032
165,159.780157142273,-5.219842857727002
164,159.7363682668725,-4.263631733127511
163,171.43937315939658,8.439373159396581
162,153.97057693763054,-8.02942306236946
161,159.92821004609903,-1.071789953900975
160,166.87522788017816,6.875227880178159
159,164.10345533587483,5.103455335874827
158,152.51034654291362,-5.489653457086376
157,150.434763740525,-6.565236259475
156,145.70838712697693,-10.29161287302307
155,165.35068629300693,10.35068629300693
154,131.29317649706664,-22.70682350293336
153,155.56289139341894,2.562891393418937
152,158.21891475666573,6.2189147566657255
151,144.6308330264677,-6.369166973532288
150,162.09429318572705,12.094293185727054
149,154.53655154338267,5.5365515433826715
148,159.4755492981219,11.475549298121905
147,157.40227962540567,10.402279625405669
146,150.09335092754694,4.093350927546936
145,157.43993544011036,12.43993544011036
144,148.1390092078801,4.139009207880093
143,154.2924774436006,11.292477443600603
142,151.5754477250735,9.575447725073502
141,151.52968816951886,10.529688169518863
140,148.70137186366273,8.701371863662729
139,159.8779508407271,20.877950840727095
138,152.19990692449954,14.199906924499544
137,162.1374795889267,25.13747958892671
136,170.7329050579022,34.7329050579022
135,150.29652860265819,15.296528602658185
134,168.90856469321005,34.90856469321005
133,153.07511571801095,20.07511571801095
132,152.61593631008637,20.61593631008637
131,156.82258807297427,25.82258807297427
130,151.22854387197773,21.228543871977735
129,152.5138522660861,23.513852266086104
128,158.70123832589843,30.70123832589843
127,153.91270129472346,26.912701294723462
126,129.83314884967112,3.833148849671119
125,142.14700986936188,17.14700986936188
124,157.15925631158478,33.159256311584784
123,150.58734191646832,27.58734191646832
122,153.20757395921083,31.207573959210833
121,152.56887159455601,31.568871594556015
120,158.12451098106388,38.12451098106388
119,149.99147123383148,30.991471233831476
118,160.61870518383827,42.61870518383827
117,161.55219153283076,44.55219153283076
116,144.04690164133243,28.046901641332425
115,119.5054571526633,4.505457152663297
114,151.42720366060678,37.42720366060678
113,151.11301431673763,38.11301431673763
112,155.67636423206142,43.67636423206142
111,136.76380252739165,25.763802527391647
110,139.69935767442058,29.699357674420582
109,137.88342717147827,28.883427171478274
108,147.8392095143075,39.8392095143075
107,150.31584007604886,43.31584007604886
106,146.88370621772444,40.88370621772444
105,156.8008284293191,51.8008284293191
104,159.49493149625573,55.49493149625573
103,144.02185880835447,41.021858808354466
102,138.97580670212133,36.97580670212133
101,144.75439678209636,43.754396782096364
100,157.1028424394663,57.102842439466286
99,123.66099497765737,24.660994977657367
98,127.26778772212471,29.26778772212471
97,150.406130022566,53.406130022566
96,153.8561515016717,57.85615150167169
95,126.78025961041017,31.78025961041017
94,148.56554735354948,54.565547353549476
93,157.2623166325505,64.2623166325505
92,134.69732848830736,42.69732848830736
91,145.40556377483017,54.40556377483017
90,149.0135992031876,59.013599203187596
89,157.104319599864,68.104319599864
88,147.36151892502917,59.36151892502917
87,102.42997376325945,15.429973763259454
86,152.77227782575198,66.77227782575198
85,142.01276700430643,57.012767004306426
84,137.7425741093186,53.74257410931861
83,144.32650129174237,61.326501291742375
82,149.2638503447619,67.26385034476189
81,128.10935031092063,47.10935031092063
80,125.80439469109321,45.80439469109321
79,148.27998255122927,69.27998255122927
78,136.28195529677245,58.28195529677245
77,126.37555697468166,49.37555697468166
76,93.0799126899588,17.079912689958803
75,138.66863594794367,63.66863594794367
74,123.04619355417547,49.046193554175474
73,119.00927363269167,46.009273632691674
72,144.14511022029228,72.14511022029228
71,97.19296829469128,26.192968294691283
70,137.2699864148151,67.2699864148151
69,132.78307227488725,63.783072274887246
68,95.87581157969996,27.875811579699956
67,78.26668911904007,11.266689119040066
66,151.83974737796598,85.83974737796598
65,132.28970054826493,67.28970054826493
64,64.49130957531463,0.4913095753146308
63,128.05733293956635,65.05733293956635
62,136.07165386295216,74.07165386295216
61,93.16439529604378,32.16439529604378
60,93.02271781618786,33.022717816187864
59,126.07814935217006,67.07814935217006
58,129.8069986548454,71.80699865484539
57,100.66325059999346,43.66325059999346
56,115.61295387258072,59.61295387258072
55,87.3623368960932,32.3623368960932
54,92.59302140886294,38.59302140886294
53,102.76649660339655,49.76649660339655
52,52.03279759065359,0.032797590653586894
51,99.24232650409446,48.242326504094464
50,63.77187421867776,13.771874218677759
49,92.20401270145403,43.20401270145403
48,75.5510999401957,27.551099940195698
47,75.34796588793901,28.34796588793901
46,83.66007667667739,37.66007667667739
45,45.96393044424799,0.9639304442479926
44,52.35520009799281,8.355200097992807
43,69.7885208224954,26.7885208224954
42,67.98803864565944,25.988038645659444
41,70.19641067297067,29.19641067297067
40,65.54643877157409,25.54643877157409
39,50.69425483603943,11.694254836039427
38,45.573830573734874,7.573830573734874
37,39.582331926827905,2.582331926827905
36,47.788768751647396,11.788768751647396
35,37.566658083935316,2.566658083935316
34,56.70572998275376,22.70572998275376
33,59.030532889161094,26.030532889161094
32,61.065315644596794,29.065315644596794
31,39.90948269671989,8.909482696719891
30,33.66292980005031,3.662929800050307
29,37.12306576924967,8.12306576924967
28,28.64455359471113,0.6445535947111303
27,36.20616425061868,9.206164250618677
26,31.52734328548987,5.52734328548987
25,29.016521452214814,4.016521452214814
24,17.36099173342139,-6.63900826657861
23,36.75325217300647,13.753252173006473
22,24.316766417483446,2.3167664174834464
21,25.562680780055857,4.562680780055857
20,21.872782637409024,1.8727826374090242
19,31.555087901443258,12.555087901443258
18,10.838295936579772,-7.161704063420228
17,17.273954606985725,0.2739546069857255
16,20.009805655309602,4.009805655309602
15,13.751264259596619,-1.2487357404033812
14,14.279421887933182,0.27942188793318223
13,19.26138117684689,6.261381176846889
12,15.293215869886906,3.2932158698869056
11,12.404951098954896,1.4049510989548963
10,18.84741213960616,8.84741213960616
9,10.278594284731435,1.2785942847314349
8,12.391189327038633,4.391189327038633
7,13.908933353119185,6.908933353119185
6,5.079170338210124,-0.9208296617898757
5,7.2090455427957005,2.2090455427957005
4,8.880563656725124,4.8805636567251245
3,4.5277307704593275,1.5277307704593275
2,5.977627632910604,3.977627632910604
1,3.9357198308055916,2.9357198308055916
0,2.722989795936776,2.722989795936776
215,166.3955393034469,-48.604460696553105
214,149.11439000778202,-64.88560999221798
213,146.97773127093936,-66.02226872906064
212,157.51051965550772,-54.48948034449228
211,173.3769082036728,-37.6230917963272
210,151.74771082897158,-58.25228917102842
209,170.90929912956852,-38.090700870431476
208,142.59307791840084,-65.40692208159916
207,161.73473796381637,-45.26526203618363
206,188.3660628131158,-17.633937186884197
205,149.73579357233305,-55.26420642766695
204,157.63588727687005,-46.36411272312995
203,157.06941390144937,-45.930586098550634
202,147.61872609749716,-54.38127390250284
201,172.4595017360521,-28.54049826394791
200,145.1006305199272,-54.89936948007281
199,152.5234064430753,-46.47659355692471
198,153.98984693083824,-44.01015306916176
197,159.46096137421242,-37.53903862578758
196,157.49867526963928,-38.50132473036072
195,147.5490000802175,-47.450999919782504
194,161.30814987120723,-32.691850128792765
193,164.83026355177336,-28.169736448226644
192,152.14768468183868,-39.85231531816132
191,152.83156700974465,-38.168432990255354
190,169.2678730037849,-20.7321269962151
189,148.1169606247983,-40.88303937520169
188,147.86909793515744,-40.13090206484256
187,153.61644132158688,-33.383558678413124
186,152.21303195056578,-33.78696804943422
185,153.72544617720618,-31.27455382279382
184,136.94744836047167,-47.05255163952833
183,156.88597627876936,-26.114023721230637
182,146.9862845131735,-35.0137154868265
181,143.08063818729428,-37.919361812705716
180,157.90048443827388,-22.099515561726122
179,180.49597088598549,1.4959708859854857
178,140.23142321222807,-37.768576787771934
177,160.7571627562753,-16.242837243724694
176,159.83152409036606,-16.16847590963394
175,164.47335703885878,-10.52664296114122
174,156.02688011318452,-17.973119886815482
173,159.53312295531262,-13.46687704468738
172,159.7344025881497,-12.265597411850308
171,154.7235300768805,-16.276469923119492
170,158.13104370792578,-11.868956292074216
169,165.6302107919858,-3.369789208014197
168,149.99114628786648,-18.008853712133515
167,147.7638376398111,-19.2361623601889
166,135.38788463244703,-30.612115367552974
165,149.26103766042172,-15.73896233957828
164,161.70805105591566,-2.2919489440843392
163,157.18255342776425,-5.8174465722357525
162,158.67040810481225,-3.329591895187747
161,139.13345886901197,-21.866541130988026
160,153.3360575542707,-6.663942445729305
159,137.61613595388954,-21.38386404611046
158,134.36876151384735,-23.631238486152654
157,157.56028162062395,0.5602816206239538
156,141.0026638010076,-14.9973361989924
155,138.93300143035495,-16.06699856964505
154,152.4898119153036,-1.5101880846964093
153,147.3442751212152,-5.65572487878481
152,137.7047102901914,-14.2952897098086
151,160.9574950665606,9.957495066560597
150,116.31530199691947,-33.68469800308053
149,151.95545278113403,2.955452781134028
148,132.2978584172535,-15.702141582746492
147,134.9320481141236,-12.067951885876397
146,119.10983564399997,-26.890164356000028
145,155.94972602009813,10.949726020098126
144,148.76887586661695,4.768875866616952
143,151.27049775210574,8.27049775210574
142,134.48685149352713,-7.513148506472874
141,139.64308844606555,-1.3569115539344523
140,129.38925360459132,-10.610746395408682
139,138.91116602682652,-0.08883397317347885
138,158.8896899913199,20.889689991319898
137,133.39125028681326,-3.6087497131867394
136,120.31606307014272,-15.683936929857282
135,148.25632893911225,13.256328939112251
134,138.44529231330253,4.445292313302531
133,119.33483759392485,-13.665162406075154
132,138.34237415490404,6.342374154904036
131,123.27703155052727,-7.722968449472731
130,153.73903511173194,23.739035111731937
129,159.58745967137423,30.587459671374233
128,157.66118267822657,29.661182678226567
127,146.36185316286728,19.361853162867277
126,122.53601888752387,-3.4639811124761337
125,135.10006070972358,10.100060709723579
124,131.13500036529516,7.135000365295156
123,121.5391710064359,-1.4608289935641068
122,149.02299998293756,27.022999982937563
121,136.41701538715847,15.417015387158472
120,112.9323639839779,-7.067636016022107
119,99.38978122088612,-19.61021877911388
118,125.28093510418884,7.280935104188842
117,146.70053735247376,29.70053735247376
116,128.7592470604731,12.759247060473086
115,101.2167538784144,-13.783246121585606
114,123.36875949986099,9.368759499860985
113,102.71066465020192,-10.28933534979808
112,150.31871999493447,38.31871999493447
111,116.0058250206233,5.0058250206233055
110,153.75989888973243,43.759898889732426
109,105.20568948568628,-3.7943105143137217
108,114.91285639953436,6.912856399534363
107,116.48465476702515,9.484654767025148
106,118.6274966045976,12.627496604597596
105,120.1284874632849,15.128487463284898
104,105.66845499242761,1.6684549924276126
103,86.70114980216316,-16.298850197836842
102,111.59460154675897,9.594601546758966
101,110.42865690720522,9.428656907205223
100,134.36598442449375,34.365984424493746
99,125.47141695242321,26.471416952423212
98,96.00049506230785,-1.9995049376921514
97,118.25784304794789,21.257843047947887
96,99.50019283633458,3.500192836334577
95,117.73275668677738,22.73275668677738
94,103.84362651869975,9.84362651869975
93,90.63634790557332,-2.3636520944266834
92,91.18872206756087,-0.8112779324391255
91,92.27194538254885,1.27194538254885
90,103.73215087335265,13.732150873352651
89,90.69552282395956,1.695522823959564
88,72.38428984204538,-15.615710157954624
87,101.47614047395672,14.476140473956718
86,77.24733264406736,-8.752667355932644
85,91.32911980399201,6.329119803992015
84,59.069836931927696,-24.930163068072304
83,86.15467500517191,3.15467500517191
82,96.87219828848924,14.872198288489244
81,71.80911157930397,-9.190888420696027
80,78.99650785463517,-1.003492145364831
79,99.8066562356804,20.806656235680407
78,92.94782007220516,14.947820072205161
77,74.21991925784056,-2.7800807421594413
76,78.52527424711512,2.525274247115121
75,87.9052280218062,12.905228021806195
74,74.67291664272264,0.6729166427226403
73,84.3687914857502,11.368791485750194
72,85.17074348266105,13.170743482661052
71,67.08708292404194,-3.912917075958063
70,62.853176074072124,-7.146823925927876
69,70.88407476096316,1.8840747609631592
68,62.122494263141434,-5.877505736858566
67,59.626272908558605,-7.3737270914413955
66,53.17377363698909,-12.82622636301091
65,67.23974848020917,2.2397484802091725
64,63.55261803742165,-0.4473819625783477
63,56.61033107893139,-6.389668921068612
62,65.4546810484235,3.4546810484234953
61,63.17061221525293,2.1706122152529304
60,51.87823521773203,-8.121764782267967
59,51.76596767507519,-7.2340323249248115
58,54.86698869188756,-3.1330113081124367
57,54.75295650162526,-2.2470434983747367
56,49.82042356762608,-6.179576432373921
55,52.10091415157771,-2.8990858484222883
54,54.69219951091226,0.6921995109122605
53,53.41112140218745,0.4111214021874474
52,52.531764414368865,0.5317644143688653
51,60.22331942523421,9.223319425234209
50,53.75927572112269,3.759275721122691
49,50.62762800033639,1.6276280003363865
48,41.25432645232304,-6.745673547676958
47,47.65039793092188,0.6503979309218835
46,43.0101300490815,-2.9898699509184965
45,47.34584109011898,2.345841090118981
44,40.07503532715993,-3.924964672840069
43,49.447973598915745,6.447973598915745
42,40.8823429265523,-1.1176570734477025
41,37.23376094356283,-3.766239056437172
40,40.526008604768116,0.5260086047681156
39,39.436503972472295,0.4365039724722948
38,42.50036212874932,4.500362128749323
37,45.365761929840076,8.365761929840076
36,38.29226799915769,2.292267999157687
35,43.16122093344395,8.16122093344395
34,34.55851151705189,0.5585115170518904
33,39.5590382735454,6.559038273545397
32,28.55152416119311,-3.448475838806889
31,34.618986889076716,3.618986889076716
30,34.446739179576866,4.446739179576866
29,26.960807522173404,-2.039192477826596
28,24.929143323266,-3.0708566767339995
27,22.495467829616217,-4.504532170383783
26,34.75307983163209,8.753079831632093
25,24.20739634974588,-0.7926036502541187
24,22.053815781449384,-1.9461842185506164
23,27.742490473819256,4.742490473819256
22,23.66651177720628,1.6665117772062814
21,16.34104281845605,-4.6589571815439506
20,22.36253401675722,2.3625340167572197
19,20.470305628745177,1.4703056287451766
18,21.545421413828663,3.545421413828663
17,19.083908846657284,2.083908846657284
16,15.026854562465394,-0.9731454375346065
15,17.35991999957388,2.3599199995738793
14,16.969893467188125,2.9698934671881254
13,15.684802324558824,2.6848023245588237
12,11.608856318646946,-0.39114368135305355
11,13.439475217778508,2.439475217778508
10,13.483654767429003,3.4836547674290035
9,11.471742038155462,2.471742038155462
8,8.867642420891809,0.8676424208918085
7,8.46087066341811,1.4608706634181097
6,8.379523331072095,2.379523331072095
5,3.9029680456170555,-1.0970319543829445
4,3.6151100726758636,-0.3848899273241364
3,2.558418221845233,-0.44158177815476707
2,1.5283115582541187,-0.4716884417458813
1,3.759036879099575,2.759036879099575
0,3.9921850770230773,3.9921850770230773
195,155.55463185173974,-39.44536814826026
194,162.75336995940074,-31.246630040599257
193,172.08618319855228,-20.913816801447723
192,166.34843845500905,-25.651561544990955
191,165.06153510762536,-25.93846489237464
190,149.93786497701663,-40.06213502298337
189,169.3824871313328,-19.617512868667205
188,143.91700677345546,-44.082993226544545
187,146.7449326205957,-40.255067379404295
186,146.06502761967147,-39.93497238032853
185,146.62650455115906,-38.37349544884094
184,164.81898456537442,-19.18101543462558
183,150.94378637642035,-32.05621362357965
182,163.34515570499326,-18.65484429500674
181,157.1610817672009,-23.838918232799102
180,172.15439823104302,-7.845601768956982
179,131.58242163489246,-47.417578365107545
178,161.12877122876273,-16.87122877123727
177,148.4070148120284,-28.592985187971607
176,132.87033737928738,-43.12966262071262
175,170.38539920079916,-4.6146007992008435
174,163.15857423421943,-10.84142576578057
173,166.62311231815983,-6.376887681840174
172,159.9323323661029,-12.067667633897088
171,166.3031318967153,-4.696868103284686
170,152.20187756089996,-17.79812243910004
169,150.98568011017198,-18.014319889828016
168,166.21976711547825,-1.7802328845217517
167,152.99742879891866,-14.002571201081338
166,138.11809828125953,-27.881901718740465
165,148.42690664578797,-16.573093354212034
164,145.4205064080397,-18.5794935919603
163,144.59360247792287,-18.40639752207713
162,139.5238067210681,-22.476193278931902
161,156.8770900599574,-4.122909940042604
160,154.55823560126655,-5.441764398733454
159,158.1234426727899,-0.8765573272100937
158,154.792507801727,-3.207492198273002
157,140.8466962916255,-16.153303708374494
156,147.91671222036595,-8.083287779634048
155,159.84783550044716,4.847835500447161
154,152.10259552508043,-1.8974044749195684
153,170.99657531124706,17.996575311247057
152,145.78981140448266,-6.210188595517337
151,162.35382147600427,11.35382147600427
150,167.93322688134015,17.933226881340147
149,129.9275350028799,-19.072464997120107
148,144.85635640291102,-3.143643597088982
147,140.98740557981756,-6.012594420182438
146,126.9365916133918,-19.063408386608202
145,145.9123095938806,0.9123095938805932
144,151.2849585853429,7.284958585342906
143,145.90248821220916,2.902488212209164
142,154.72282963067195,12.722829630671953
141,157.5876248073392,16.58762480733921
140,163.0466931706236,23.0466931706236
139,168.07884679919042,29.078846799190416
138,148.226068344521,10.226068344520996
137,172.89899429718872,35.89899429718872
136,159.01957934110087,23.019579341100865
135,149.87226482939133,14.872264829391327
134,144.63905645237122,10.639056452371221
133,147.3388746011662,14.338874601166196
132,172.08994496234774,40.089944962347744
131,167.11258352510936,36.11258352510936
130,112.70947594741861,-17.29052405258139
129,133.23185149719552,4.231851497195521
128,158.25484236161336,30.254842361613356
127,173.059849100796,46.05984910079599
126,162.59238431129418,36.59238431129418
125,128.2756764177685,3.2756764177684943
124,160.8264356065723,36.82643560657229
123,168.8200994607474,45.8200994607474
122,127.86519819081846,5.865198190818461
121,167.1848070510585,46.1848070510585
120,152.75424915074785,32.75424915074785
119,156.07858449181538,37.07858449181538
118,144.00617150610825,26.006171506108245
117,132.085688304274,15.085688304273987
116,136.24813371411875,20.24813371411875
115,140.32655401437228,25.326554014372277
114,133.06925088477905,19.069250884779052
113,106.77998007424279,-6.220019925757214
112,164.68522753719452,52.68522753719452
111,143.58692561776033,32.58692561776033
110,150.10431397362527,40.10431397362527
109,132.90985978995394,23.90985978995394
108,154.93894127898247,46.93894127898247
107,155.4358336146484,48.4358336146484
106,163.94896154225032,57.948961542250316
105,134.0240360383253,29.024036038325306
104,139.79938638464233,35.79938638464233
103,142.1657692457009,39.165769245700886
102,152.94476884637544,50.94476884637544
101,149.22298031510965,48.22298031510965
100,143.02196957704317,43.021969577043166
99,132.07197370735562,33.071973707355625
98,134.15437595017636,36.15437595017636
97,146.86347961976958,49.86347961976958
96,129.70912871810845,33.709128718108445
95,139.8458961007689,44.8458961007689
94,108.65232912171251,14.652329121712512
93,120.6772469166111,27.677246916611097
92,155.5525376515298,63.5525376515298
91,127.16512077699565,36.16512077699565
90,153.06001074481387,63.060010744813866
89,132.37513118286955,43.37513118286955
88,102.80311986901124,14.80311986901124
87,130.02530989378627,43.02530989378627
86,138.44421123434722,52.44421123434722
85,138.45204791466264,53.45204791466264
84,135.09657331823684,51.096573318236835
83,129.5770674534617,46.577067453461694
82,145.02905284480738,63.02905284480738
81,116.80802759500561,35.80802759500561
80,113.12668356773959,33.12668356773959
79,95.11760248727589,16.11760248727589
78,115.30571781652303,37.30571781652303
77,115.35242575722353,38.35242575722353
76,98.52367106769226,22.523671067692263
75,122.13636074404619,47.136360744046186
74,129.6014837893608,55.6014837893608
73,97.49719332105809,24.49719332105809
72,105.95292468529927,33.952924685299266
71,138.83182367235452,67.83182367235452
70,156.70077199418222,86.70077199418222
69,141.95257955555797,72.95257955555797
68,127.55078415439903,59.550784154399025
67,99.56407274064085,32.56407274064085
66,117.90597821532613,51.90597821532613
65,107.66202016835078,42.66202016835078
64,76.50068258243309,12.500682582433086
63,114.5535699356629,51.55356993566291
62,110.38057861114558,48.38057861114558
61,74.76101850730974,13.761018507309743
60,104.87345180879488,44.87345180879488
59,97.42296749225146,38.42296749225146
58,101.98208666000802,43.98208666000802
57,107.0372877415068,50.0372877415068
56,120.73785054292978,64.73785054292978
55,94.61656743175986,39.61656743175986
54,95.21782555394384,41.21782555394384
53,83.30598575262022,30.305985752620217
52,83.23901805830909,31.239018058309085
51,100.28924934434322,49.28924934434322
50,83.72076718578126,33.720767185781256
49,98.01335368876046,49.01335368876046
48,106.55376341538569,58.55376341538569
47,94.97909190208509,47.97909190208509
46,58.29472328682672,12.294723286826724
45,79.11200417379318,34.11200417379318
44,108.2703603096549,64.2703603096549
43,74.1539240008443,31.1539240008443
42,90.23538597204313,48.23538597204313
41,68.26794003307495,27.26794003307495
40,66.78121461332272,26.781214613322717
39,81.96003310349772,42.96003310349772
38,62.664523579550824,24.664523579550824
37,92.96966222515022,55.969662225150216
36,52.91372938095619,16.91372938095619
35,72.67702993907541,37.67702993907541
34,62.88169698346029,28.881696983460287
33,66.40048561643889,33.400485616438885
32,51.97485073249762,19.97485073249762
31,72.34015129747264,41.340151297472644
30,55.471851731051856,25.471851731051856
29,41.43648507106927,12.43648507106927
28,45.34553562784826,17.345535627848257
27,46.318513132507334,19.318513132507334
26,45.24496655186241,19.24496655186241
25,36.14670406009537,11.146704060095367
24,24.033571560680485,0.03357156068048539
23,40.45086480460727,17.45086480460727
22,38.14523817830773,16.14523817830773
21,33.753340793760756,12.753340793760756
20,42.16602664415907,22.166026644159068
19,31.727080506859856,12.727080506859856
18,23.02591401801672,5.025914018016721
17,27.38080536572992,10.38080536572992
16,26.317388366844735,10.317388366844735
15,10.904151751026754,-4.095848248973246
14,25.650957265283672,11.650957265283672
13,16.73577522784234,3.735775227842339
12,21.781208106375924,9.781208106375924
11,25.112624872951244,14.112624872951244
10,15.758012759505725,5.758012759505725
9,20.454967941922217,11.454967941922217
8,11.099927973540037,3.099927973540037
7,12.233827723506293,5.233827723506293
6,9.628224487021933,3.6282244870219333
5,6.206138293362985,1.2061382933629847
4,21.204453983194323,17.204453983194323
3,6.970630587661388,3.970630587661388
2,5.832961363773823,3.8329613637738227
1,8.608404268280738,7.608404268280738
0,7.316147152048156,7.316147152048156
212,140.43719440003582,-71.56280559996418
211,140.38940418155101,-70.61059581844899
210,142.50294991489423,-67.49705008510577
209,155.51816611714744,-53.481833882852555
208,168.08678313557783,-39.91321686442217
207,161.19449710037983,-45.805502899620166
206,160.56108995377693,-45.43891004622307
205,150.56766477108212,-54.43233522891788
204,149.19790861671862,-54.80209138328138
203,143.44325711785632,-59.55674288214368
202,145.2896200014068,-56.7103799985932
201,151.20150776977573,-49.79849223022427
200,171.207408218115,-28.792591781884994
199,146.81234689966882,-52.187653100331175
198,163.34534621730185,-34.65465378269815
197,159.53815529264338,-37.46184470735662
196,145.76507638168496,-50.23492361831504
195,153.2374241336924,-41.7625758663076
194,142.67588162273753,-51.324118377262465
193,146.89359578656638,-46.10640421343362
192,151.66724745655102,-40.332752543448976
191,147.3636275036882,-43.63637249631179
190,142.9452949706554,-47.0547050293446
189,165.8760767066183,-23.123923293381694
188,162.5398459173009,-25.46015408269909
187,149.50698073410936,-37.49301926589064
186,145.4200180566165,-40.5799819433835
185,176.32288934526494,-8.67711065473506
184,148.68408536904266,-35.31591463095734
183,127.1178338379113,-55.882166162088694
182,140.6975596431089,-41.30244035689111
181,142.6275185410587,-38.37248145894131
180,157.15286106859747,-22.847138931402526
179,140.05421409587146,-38.94578590412854
178,150.10243625213792,-27.89756374786208
177,130.41187057233276,-46.58812942766724
176,152.7882458547473,-23.211754145252712
175,139.46143939201576,-35.53856060798424
174,154.9082835273689,-19.091716472631106
173,147.402228759261,-25.597771240739007
172,133.50986840502492,-38.49013159497508
171,142.97157727560526,-28.028422724394744
170,145.8878171411493,-24.1121828588507
169,151.93294106088265,-17.067058939117345
168,140.48364613546542,-27.51635386453458
167,155.4276407890871,-11.572359210912907
166,144.44801608153847,-21.55198391846153
165,140.52353170287736,-24.476468297122636
164,134.22525041745317,-29.774749582546832
163,150.3963564970808,-12.603643502919198
162,140.95771288953574,-21.042287110464258
161,155.4671327205388,-5.532867279461186
160,144.8138735833741,-15.18612641662591
159,149.14226981986027,-9.857730180139725
158,147.36128953130628,-10.638710468693716
157,153.50090302276834,-3.499096977231659
156,142.4411717120769,-13.558828287923092
155,146.16046240798244,-8.839537592017564
154,138.91776286041102,-15.082237139588983
153,142.64623109243706,-10.353768907562937
152,146.60136695103125,-5.3986330489687475
151,149.24159487222443,-1.7584051277755748
150,141.52691415597644,-8.473085844023558
149,146.9922419886896,-2.0077580113103863
148,161.70062957339366,13.700629573393655
147,143.11527210635538,-3.884727893644623
146,130.90486252918052,-15.09513747081948
145,144.07800715188662,-0.9219928481133763
144,132.67618245082227,-11.323817549177733
143,148.00562117843728,5.005621178437281
142,135.21737962036244,-6.782620379637564
141,153.02484164452676,12.02484164452676
140,143.8565786472043,3.8565786472042873
139,133.340718084633,-5.659281915366989
138,151.02253151504055,13.022531515040555
137,146.1122274232132,9.112227423213199
136,145.27915411358504,9.279154113585037
135,139.18313511800372,4.183135118003719
134,146.50149366142966,12.501493661429663
133,157.37080293870218,24.370802938702184
132,157.4271999061998,25.427199906199803
131,150.18299341061626,19.182993410616263
130,144.58440952941106,14.584409529411062
129,129.69926396606493,0.6992639660649331
128,130.0527388960112,2.052738896011192
127,136.57462107279545,9.574621072795452
126,133.72434622762853,7.72434622762853
125,130.96560515651353,5.965605156513533
124,122.01209414991615,-1.9879058500838482
123,141.3796951387106,18.379695138710588
122,135.67266168210014,13.672661682100141
121,137.4835273210277,16.483527321027708
120,117.18066552315936,-2.8193344768406376
119,118.77138810736908,-0.22861189263092285
118,102.72141712383764,-15.27858287616236
117,128.7431255130834,11.743125513083413
116,133.94114563984346,17.941145639843455
115,137.34891328469354,22.348913284693538
114,127.29845368929317,13.298453689293169
113,136.26561373307624,23.265613733076236
112,128.54702575274746,16.54702575274746
111,150.18882928556084,39.18882928556084
110,141.32182107027822,31.32182107027822
109,113.4822215591034,4.482221559103394
108,137.7057774137713,29.7057774137713
107,112.32836485956426,5.32836485956426
106,113.46138618075241,7.461386180752413
105,129.23782702982427,24.237827029824274
104,89.79538632625557,-14.204613673744433
103,121.91138787237007,18.91138787237007
102,99.34403051826727,-2.6559694817327255
101,142.70734290489082,41.70734290489082
100,140.87648424610313,40.87648424610313
99,120.15230666135551,21.15230666135551
98,140.77804342250448,42.77804342250448
97,131.08693543849512,34.08693543849512
96,85.19858383100386,-10.801416168996141
95,98.29522145454311,3.2952214545431104
94,101.64406688121817,7.644066881218166
93,120.25915424523879,27.25915424523879
92,92.95333864803929,0.953338648039292
91,130.26825533620598,39.26825533620598
90,124.89976270059482,34.89976270059482
89,115.63155953361219,26.63155953361219
88,130.22573552740693,42.225735527406925
87,103.18911711426684,16.189117114266836
86,97.49537731867372,11.495377318673718
85,104.0047502821653,19.004750282165304
84,136.29428904752785,52.294289047527855
83,83.98264817831591,0.9826481783159124
82,125.13023936105165,43.13023936105165
81,97.65156423859946,16.651564238599462
80,121.50268609941834,41.50268609941834
79,120.77131808810377,41.77131808810377
78,115.3672316564927,37.367231656492706
77,76.78433469113443,-0.21566530886556734
76,107.18701823810011,31.18701823810011
75,111.8483791869208,36.848379186920795
74,106.64081275661036,32.64081275661036
73,89.65756248000363,16.657562480003634
72,98.83081037860491,26.83081037860491
71,91.55744646134734,20.55744646134734
70,90.95370256651667,20.953702566516668
69,78.45932075983865,9.459320759838647
68,78.85061874226493,10.850618742264928
67,100.91406772007666,33.91406772007666
66,102.56766989278351,36.56766989278351
65,101.23316857365194,36.23316857365194
64,74.78773095256142,10.787730952561418
63,95.43023791975143,32.430237919751434
62,80.98817288580877,18.988172885808765
61,83.85723448792349,22.857234487923492
60,71.11796901992061,11.117969019920608
59,62.97562617469387,3.975626174693872
58,64.04558160466982,6.04558160466982
57,92.79957497816078,35.79957497816078
56,55.355842553602216,-0.6441574463977844
55,71.16973055406929,16.16973055406929
54,94.73417012976712,40.73417012976712
53,59.28331335429278,6.28331335429278
52,54.221160416796785,2.221160416796785
51,34.0542962725011,-16.945703727498902
50,60.06185503130339,10.061855031303388
49,58.29346619849021,9.293466198490208
48,60.32003523683054,12.320035236830542
47,64.6023003248729,17.6023003248729
46,70.32731859105809,24.327318591058088
45,45.00081500772191,0.0008150077219113427
44,27.21103632862664,-16.78896367137336
43,49.555251446463735,6.5552514464637355
42,47.26349783598935,5.263497835989348
41,53.427356687438866,12.427356687438866
40,46.89450881279028,6.894508812790278
39,47.97601599019314,8.97601599019314
38,30.12888511872028,-7.87111488127972
37,33.00928757423348,-3.9907124257665174
36,34.09292784031417,-1.907072159685832
35,29.356800598017394,-5.643199401982606
34,34.956250422676725,0.9562504226767246
33,26.061379061882384,-6.938620938117616
32,45.45460808606602,13.454608086066017
31,37.150324388193496,6.150324388193496
30,27.73651534392791,-2.263484656072091
29,27.28334389969337,-1.7166561003066292
28,23.60886046761117,-4.391139532388831
27,18.350277339275785,-8.649722660724215
26,21.774487680434483,-4.225512319565517
25,21.422317829762257,-3.5776821702377433
24,29.095307565198834,5.0953075651988335
23,22.68229312831134,-0.3177068716886602
22,33.37128063557531,11.37128063557531
21,14.442728057563349,-6.5572719424366515
20,15.883477828157393,-4.1165221718426075
19,26.17941094785846,7.179410947858461
18,19.425000119909313,1.4250001199093134
17,12.848498916308195,-4.151501083691805
16,26.102912410095918,10.102912410095918
15,17.979831537657404,2.979831537657404
14,9.724114941620124,-4.275885058379876
13,16.51392108255866,3.51392108255866
12,10.094570418143947,-1.905429581856053
11,9.089889191982763,-1.9101108080172366
10,6.677204916420009,-3.322795083579991
9,12.074570683221147,3.074570683221147
8,8.301316676658402,0.3013166766584021
7,3.703139982231386,-3.296860017768614
6,3.9968387178842413,-2.0031612821157587
5,13.780508452108613,8.780508452108613
4,1.8128650143544103,-2.1871349856455895
3,4.081610732533717,1.0816107325337168
2,1.8111367645340555,-0.18886323546594452
1,9.608687865497076,8.608687865497076
0,3.2424201943395476,3.2424201943395476
146,144.35995912945828,-1.6400408705417249
145,140.84054274153783,-4.159457258462169
144,149.5355613540571,5.5355613540571085
143,124.79493637957333,-18.20506362042667
142,118.92621795912214,-23.07378204087786
141,143.47076343982803,2.4707634398280334
140,124.43548484013397,-15.564515159866033
139,158.38986560192455,19.389865601924555
138,140.90197962547424,2.9019796254742403
137,151.78544394756432,14.785443947564318
136,135.62615809756983,-0.373841902430172
135,127.3371389498102,-7.662861050189804
134,145.4894958937004,11.489495893700393
133,149.97743215589034,16.97743215589034
132,149.31308332210438,17.313083322104376
131,131.65742043340217,0.6574204334021658
130,119.17001565814641,-10.829984341853589
129,136.94099436738867,7.940994367388669
128,173.5811808255041,45.581180825504106
127,134.92882911968505,7.928829119685048
126,134.24941911848003,8.249419118480034
125,131.19956913509597,6.19956913509597
124,153.95129557843268,29.951295578432678
123,115.07168279420914,-7.9283172057908615
122,105.64585397184517,-16.35414602815483
121,133.52965731855866,12.529657318558662
120,145.78815988224014,25.788159882240137
119,151.38550450158726,32.38550450158726
118,135.367926850841,17.367926850841002
117,127.5165345992501,10.516534599250093
116,146.94415486293894,30.944154862938944
115,141.90202872291113,26.902028722911126
114,150.60909215285923,36.60909215285923
113,169.67099471982272,56.670994719822716
112,136.43534674533404,24.435346745334044
111,144.26288366404842,33.26288366404842
110,153.15306308216208,43.15306308216208
109,145.49082290561182,36.49082290561182
108,138.69922885974523,30.699228859745233
107,135.44701257556525,28.447012575565253
106,138.75812058662876,32.75812058662876
105,135.60983773802738,30.60983773802738
104,126.47631568620571,22.47631568620571
103,158.15053690685818,55.15053690685818
102,146.48204443939284,44.48204443939284
101,143.07672067653712,42.07672067653712
100,147.302258880765,47.30225888076501
99,150.87251497571904,51.87251497571904
98,131.54341599734113,33.54341599734113
97,156.2002183142279,59.2002183142279
96,142.18994302429593,46.18994302429593
95,168.88792835467768,73.88792835467768
94,124.48761365504984,30.48761365504984
93,149.58489669633767,56.584896696337665
92,161.0579498051054,69.05794980510541
91,160.6491303829726,69.6491303829726
90,173.06515416876735,83.06515416876735
89,126.60338450154941,37.603384501549414
88,147.4399969640437,59.4399969640437
87,144.8335136992007,57.833513699200694
86,142.07784578949563,56.077845789495626
85,129.43066831939993,44.43066831939993
84,112.09602615815552,28.096026158155524
83,147.30742034929293,64.30742034929293
82,159.09008498368667,77.09008498368667
81,133.77411454444257,52.77411454444257
80,152.13882609470005,72.13882609470005
79,127.2571634383676,48.2571634383676
78,131.04142869059055,53.04142869059055
77,156.4155061533497,79.4155061533497
76,142.0791010331603,66.0791010331603
75,142.65014841203694,67.65014841203694
74,158.77439794459923,84.77439794459923
73,133.60657586062032,60.606575860620325
72,123.74837395875542,51.74837395875542
71,143.0926120916579,72.09261209165791
70,153.49662927227578,83.49662927227578
69,135.64960405664166,66.64960405664166
68,165.22180072704194,97.22180072704194
67,98.03570190173151,31.035701901731514
66,130.58773217305566,64.58773217305566
65,145.33322830701275,80.33322830701275
64,130.9031483976978,66.9031483976978
63,133.73944473515814,70.73944473515814
62,129.87508438932923,67.87508438932923
61,104.2847176086727,43.28471760867269
60,119.53551806099816,59.53551806099816
59,134.1813116951934,75.18131169519339
58,134.4039735405977,76.40397354059769
57,121.04471426896988,64.04471426896988
56,144.34681232268773,88.34681232268773
55,115.6904575865053,60.6904575865053
54,141.3875611188692,87.3875611188692
53,114.90502971457502,61.90502971457502
52,117.46152664068808,65.46152664068808
51,120.83269079374992,69.83269079374992
50,144.84703237336282,94.84703237336282
49,127.59167396862686,78.59167396862686
48,112.16115741604452,64.16115741604452
47,113.37764375187069,66.37764375187069
46,122.14391858530183,76.14391858530183
45,124.32752759805551,79.32752759805551
44,83.8914981554565,39.8914981554565
43,111.26899549609328,68.26899549609328
42,126.92141305607004,84.92141305607004
41,118.32594473207394,77.32594473207394
40,91.05927870565098,51.05927870565098
39,91.4064020956168,52.4064020956168
38,107.75385929589848,69.75385929589848
37,78.23334002454376,41.233340024543764
36,90.76813287915637,54.76813287915637
35,55.69491235042911,20.694912350429107
34,77.03374652044728,43.03374652044728
33,83.62306424898749,50.62306424898749
32,72.82966642758691,40.829666427586915
31,86.95444633988303,55.954446339883035
30,52.5448050518196,22.5448050518196
29,69.6128402419132,40.612840241913204
28,63.22136463070817,35.22136463070817
27,49.51097066178571,22.510970661785713
26,66.0782178201743,40.0782178201743
25,59.06396719945003,34.06396719945003
24,54.72293606350992,30.72293606350992
23,42.351674326902895,19.351674326902895
22,45.39919678132326,23.399196781323262
21,63.651543321473405,42.651543321473405
20,49.90016053613568,29.90016053613568
19,32.85335365161157,13.85335365161157
18,40.15570799295302,22.15570799295302
17,28.49318703043602,11.493187030436019
16,37.50360633967852,21.50360633967852
15,19.265086799114194,4.265086799114194
14,30.317173748173055,16.317173748173055
13,31.855487617636925,18.855487617636925
12,21.767582652211914,9.767582652211914
11,20.460254987496157,9.460254987496157
10,13.22683187770262,3.2268318777026206
9,17.727254019449752,8.727254019449752
8,13.195495071512514,5.195495071512514
7,10.595637614999383,3.595637614999383
6,22.449000276331827,16.449000276331827
5,10.659115892183157,5.6591158921831575
4,10.339113488936242,6.339113488936242
3,4.977475872897312,1.9774758728973119
2,1.960550035576739,-0.0394499644232611
1,6.1162717381861365,5.1162717381861365
0,4.506857599753185,4.506857599753185
230,197.48587789743792,-32.514122102562084
229,188.62549578514881,-40.374504214851186
228,186.20076625888922,-41.79923374111078
227,191.37997833441088,-35.62002166558912
226,179.81796295970094,-46.182037040299065
225,199.4117937310969,-25.588206268903093
224,195.3460926242316,-28.653907375768398
223,176.0423859044292,-46.95761409557079
222,195.6990905182191,-26.300909481780906
221,198.14639473003442,-22.853605269965584
220,184.21689504758234,-35.78310495241766
219,192.7211628218186,-26.27883717818139
218,185.39695550151603,-32.60304449848397
217,188.98435493902363,-28.015645060976368
216,202.53404798905933,-13.465952010940669
215,173.83896288469867,-41.161037115301326
214,167.2902960409215,-46.709703959078496
213,183.09136598483218,-29.90863401516782
212,196.07828712286164,-15.921712877138361
211,184.15769282910915,-26.842307170890848
210,189.81709235480727,-20.182907645192728
209,183.79928018909183,-25.20071981090817
208,193.59529007299878,-14.404709927001221
207,172.07195395461943,-34.92804604538057
206,196.60418575888315,-9.395814241116852
205,182.24521447041076,-22.754785529589242
204,182.29642587666038,-21.70357412333962
203,184.86155604722944,-18.138443952770558
202,165.96099639053733,-36.03900360946267
201,195.8979939849794,-5.102006015020606
200,172.6824217443365,-27.317578255663506
199,203.517773729006,4.517773729005995
198,191.29426148587413,-6.705738514125869
197,188.33897866814124,-8.661021331858763
196,180.81253774312194,-15.187462256878064
195,192.7460024423376,-2.2539975576623874
194,198.25472828156632,4.254728281566315
193,193.19936131052472,0.19936131052472206
192,171.72799923491533,-20.27200076508467
191,185.44264791745925,-5.557352082540746
190,188.97157765261895,-1.0284223473810528
189,168.54519326376237,-20.45480673623763
188,177.6350604887029,-10.36493951129711
187,178.24642037420784,-8.753579625792156
186,194.79358377751402,8.793583777514016
185,192.85878204565475,7.858782045654749
184,179.68957749727048,-4.310422502729523
183,175.82752296728037,-7.172477032719627
182,176.52679233168806,-5.473207668311943
181,193.5528885323912,12.552888532391194
180,175.9333456230989,-4.066654376901113
179,185.32898475111057,6.328984751110568
178,175.27203574460455,-2.727964255395449
177,179.97334904167042,2.973349041670417
176,181.63023686175362,5.630236861753616
175,196.57400291853003,21.574002918530027
174,189.99740004423668,15.997400044236684
173,178.54871524858007,5.548715248580066
172,194.2696844670294,22.269684467029407
171,206.4116702748404,35.41167027484039
170,184.5226969001071,14.522696900107093
169,185.1246637183251,16.12466371832511
168,192.74468778864758,24.744687788647582
167,178.62337708758378,11.623377087583776
166,168.58421613980286,2.5842161398028622
165,196.04845266008493,31.048452660084934
164,182.79231060965176,18.792310609651764
163,186.00310740052012,23.003107400520122
162,151.2141284405138,-10.785871559486196
161,181.52484116115244,20.524841161152438
160,177.21347741753434,17.213477417534335
159,186.82168701357116,27.821687013571164
158,166.3669573679503,8.366957367950306
157,195.56975626002824,38.56975626002824
156,170.29975744257467,14.299757442574673
155,174.2198355320377,19.219835532037706
154,172.8434547960123,18.84345479601231
153,172.33717639863576,19.337176398635762
152,185.36625220208938,33.366252202089385
151,156.08366135262239,5.083661352622386
150,180.5192423237583,30.519242323758306
149,171.84335918089488,22.84335918089488
148,186.92170618349647,38.92170618349647
147,165.94692025763192,18.946920257631916
146,179.07518312122164,33.07518312122164
145,174.07591519287402,29.07591519287402
144,173.66233362254397,29.66233362254397
143,158.26199214573688,15.261992145736883
142,159.45168263066705,17.45168263066705
141,166.4366625831599,25.436662583159887
140,154.8993126938163,14.899312693816313
139,200.7290176952047,61.7290176952047
138,174.01106163617078,36.01106163617078
137,167.84095378984625,30.840953789846253
136,172.30546493871626,36.305464938716256
135,178.40537333188828,43.405373331888285
134,183.8008366862192,49.80083668621921
133,163.2131210947206,30.213121094720606
132,172.43066836258848,40.43066836258848
131,166.97560935706596,35.97560935706596
130,167.6698446776504,37.66984467765039
129,176.59622417742216,47.59622417742216
128,154.78325747281605,26.783257472816047
127,158.72905120237513,31.729051202375132
126,171.3978479415407,45.397847941540704
125,161.4213122816726,36.42131228167261
124,191.50964381268005,67.50964381268005
123,162.80189914209444,39.80189914209444
122,195.94449645828024,73.94449645828024
121,167.5542497982455,46.55424979824551
120,159.6110748338521,39.611074833852086
119,178.111631867814,59.111631867814
118,164.3320573568846,46.332057356884604
117,156.08981909543812,39.089819095438116
116,189.55924241773027,73.55924241773027
115,176.39500077872768,61.39500077872768
114,180.4361447638962,66.43614476389621
113,178.1871730586922,65.1871730586922
112,176.51120204240186,64.51120204240186
111,184.851422809466,73.85142280946599
110,183.2020286255368,73.2020286255368
109,172.42809454871744,63.42809454871744
108,155.5643355500074,47.5643355500074
107,173.9148861852201,66.9148861852201
106,149.88534034848018,43.885340348480185
105,174.15497851827382,69.15497851827382
104,169.04929226994193,65.04929226994193
103,179.63698844217353,76.63698844217353
102,152.54743007468102,50.54743007468102
101,148.83703820400407,47.837038204004074
100,154.0975501073057,54.09755010730569
99,165.92054944760272,66.92054944760272
98,176.72784704663235,78.72784704663235
97,145.70268932170345,48.702689321703446
96,177.24948721495227,81.24948721495227
95,145.1982618988855,50.198261898885505
94,170.7674877282932,76.76748772829319
93,168.6725828543575,75.6725828543575
92,159.21702792863306,67.21702792863306
91,167.73450671309254,76.73450671309254
90,165.13550537706186,75.13550537706186
89,150.72578729600852,61.72578729600852
88,175.90386471064213,87.90386471064213
87,148.57303421356767,61.57303421356767
86,149.74784051045273,63.74784051045273
85,157.17473940450682,72.17473940450682
84,136.7916247448286,52.791624744828596
83,153.8863936768082,70.88639367680821
82,150.89751248537343,68.89751248537343
81,142.5797269691438,61.57972696914379
80,180.30822628431932,100.30822628431932
79,159.40787288039357,80.40787288039357
78,164.1116923626253,86.11169236262529
77,156.82509059407215,79.82509059407215
76,144.88159145543983,68.88159145543983
75,133.57962370040528,58.57962370040528
74,155.59837175089277,81.59837175089277
73,122.60194910227384,49.601949102273835
72,131.73806028821528,59.73806028821528
71,150.9625916189935,79.96259161899351
70,152.0530500079986,82.05305000799859
69,169.4603174263215,100.4603174263215
68,128.22386381738394,60.22386381738394
67,154.4565571200814,87.45655712008141
66,150.5585862308055,84.5585862308055
65,123.65183575541248,58.65183575541248
64,147.8411350516383,83.8411350516383
63,140.98070905896643,77.98070905896643
62,122.00594923420238,60.005949234202376
61,113.48304214687104,52.48304214687104
60,110.45974309019152,50.45974309019152
59,115.41370125413796,56.41370125413796
58,123.40496852485327,65.40496852485327
57,138.942561465332,81.942561465332
56,106.95449964916403,50.954499649164035
55,110.34918228847815,55.34918228847815
54,115.24185378639245,61.241853786392454
53,111.80815322037783,58.80815322037783
52,132.35851081257067,80.35851081257067
51,96.62159359680567,45.62159359680567
50,101.20110499456686,51.20110499456686
49,106.65457899388566,57.654578993885664
48,113.78919522781146,65.78919522781146
47,83.93660630939405,36.93660630939405
46,109.74441520976814,63.744415209768135
45,116.47760650166818,71.47760650166818
44,99.35358074006304,55.35358074006304
43,104.64374157583043,61.64374157583043
42,103.68082487948068,61.68082487948068
41,77.00333064973391,36.00333064973391
40,87.39146430361014,47.391464303610135
39,92.29106034984106,53.29106034984106
38,81.68665944827444,43.68665944827444
37,65.12972769480072,28.12972769480072
36,84.35733246465473,48.35733246465473
35,91.89140576705714,56.89140576705714
34,58.95518797330119,24.955187973301193
33,91.72146999806175,58.72146999806175
32,87.0399371040981,55.0399371040981
31,63.65173819293877,32.65173819293877
30,70.37892784000486,40.37892784000486
29,49.62360609144036,20.623606091440358
28,39.060400829399335,11.060400829399335
27,69.5848929998192,42.5848929998192
26,55.06029008738077,29.06029008738077
25,57.80427522261018,32.80427522261018
24,24.84057513195435,0.8405751319543491
23,23.45083692587082,0.4508369258708207
22,52.64849685218463,30.64849685218463
21,30.83659162858127,9.836591628581271
20,32.364260203865605,12.364260203865605
19,40.10883103960924,21.108831039609242
18,29.343477579867645,11.343477579867645
17,30.05448345899028,13.05448345899028
16,29.180952874627966,13.180952874627966
15,24.63906568723676,9.639065687236759
14,25.85061143333793,11.850611433337932
13,24.35271290571141,11.35271290571141
12,18.224098808784962,6.224098808784962
11,15.96741639181252,4.96741639181252
10,18.50601025004407,8.50601025004407
9,11.264670198592253,2.2646701985922526
8,12.27177472424377,4.27177472424377
7,13.786076468672379,6.786076468672379
6,7.558871466820068,1.5588714668200678
5,15.128636640715666,10.128636640715666
4,6.3476978710230245,2.3476978710230245
3,3.9996163549041293,0.9996163549041293
2,2.326483520395191,0.326483520395191
1,2.8137544249524145,1.8137544249524145
0,3.8375378244756715,3.8375378244756715
312,178.59512781421355,-133.40487218578645
311,136.49052783839832,-174.50947216160168
310,137.8864784821302,-172.1135215178698
309,133.49538283498399,-175.50461716501601
308,138.54549575489006,-169.45450424510994
307,142.62537065051396,-164.37462934948604
306,141.41337459766305,-164.58662540233695
305,158.58438983946039,-146.41561016053961
304,139.4102947848592,-164.5897052151408
303,146.29412859892082,-156.70587140107918
302,146.398103576079,-155.601896423921
301,131.46357532722658,-169.53642467277342
300,114.13987081899867,-185.86012918100133
299,101.02122738380727,-197.9787726161927
298,147.13995861948504,-150.86004138051496
297,138.72911822470616,-158.27088177529384
296,145.80607928590166,-150.19392071409834
295,147.02150692216273,-147.97849307783727
294,153.36364935133764,-140.63635064866236
293,132.44924294291883,-160.55075705708117
292,108.71534386190874,-183.28465613809126
291,141.90327933167637,-149.09672066832363
290,126.74897123763752,-163.25102876236247
289,137.76697893141426,-151.23302106858574
288,124.1568865458072,-163.8431134541928
287,130.97264017140398,-156.02735982859602
286,119.11207120620183,-166.88792879379815
285,130.68435941633183,-154.31564058366817
284,141.8949040377493,-142.1050959622507
283,117.55822587776,-165.44177412224002
282,154.67798215099256,-127.32201784900744
281,152.61135616304924,-128.38864383695076
280,135.43314296161358,-144.56685703838642
279,158.75946064489347,-120.24053935510653
278,106.56145154679007,-171.43854845320993
277,131.21105398669943,-145.78894601330057
276,144.85974152063974,-131.14025847936026
275,130.8883601866229,-144.1116398133771
274,118.54128502759714,-155.45871497240284
273,141.91457013481872,-131.08542986518128
272,147.394169326975,-124.605830673025
271,132.49101823705203,-138.50898176294797
270,162.57973311060292,-107.42026688939708
269,154.91318306329887,-114.08681693670113
268,156.97642607852242,-111.02357392147758
267,124.21546264431305,-142.78453735568695
266,154.3619675583704,-111.6380324416296
265,120.82239196529302,-144.17760803470696
264,131.65062090294472,-132.34937909705528
263,141.13181540354213,-121.86818459645787
262,149.62064396376758,-112.37935603623242
261,119.542172334408,-141.457827665592
260,103.49382912779515,-156.50617087220485
259,105.73969002745626,-153.26030997254372
258,116.87328632698575,-141.12671367301425
257,122.72274110796336,-134.27725889203663
256,124.54250892897952,-131.45749107102048
255,118.08556680135308,-136.91443319864692
254,153.14134398037456,-100.85865601962544
253,112.22805774062536,-140.77194225937464
252,115.5134154616626,-136.4865845383374
251,127.19574542546381,-123.80425457453619
250,141.30695629204814,-108.69304370795186
249,155.14571154429495,-93.85428845570505
248,135.22005727488022,-112.77994272511978
247,113.55838036178645,-133.44161963821355
246,114.8922126466929,-131.10778735330712
245,140.23611952334736,-104.76388047665264
244,139.37009384891857,-104.62990615108143
243,141.06569628113533,-101.93430371886467
242,127.7340908224989,-114.2659091775011
241,142.03121587000027,-98.96878412999973
240,121.20342973968755,-118.79657026031245
239,132.56386102820468,-106.43613897179532
238,137.15112789181921,-100.84887210818079
237,118.59330778508559,-118.40669221491441
236,136.95305847998756,-99.04694152001244
235,139.76790375383138,-95.23209624616862
234,106.5675502969252,-127.4324497030748
233,134.01203197823,-98.98796802177
232,129.08821207394266,-102.91178792605734
231,104.26146178011874,-126.73853821988126
230,127.15393245347707,-102.84606754652293
229,125.79804688935494,-103.20195311064506
228,94.7139380195742,-133.2860619804258
227,154.5143044384151,-72.48569556158489
226,147.70521538392813,-78.29478461607187
225,119.37037490176664,-105.62962509823336
224,134.8644839890071,-89.13551601099289
223,107.60635519509727,-115.39364480490273
222,151.8288732616542,-70.1711267383458
221,117.20036412289961,-103.79963587710039
220,141.27317623739347,-78.72682376260653
219,139.47773490303993,-79.52226509696007
218,98.05741297532022,-119.94258702467978
217,107.94650548598278,-109.05349451401722
216,120.90877219681758,-95.09122780318242
215,138.64960966236214,-76.35039033763786
214,124.87243435354644,-89.12756564645356
213,109.82935623781962,-103.17064376218038
212,114.71625457764631,-97.28374542235369
211,111.20844700230964,-99.79155299769036
210,113.52356021609117,-96.47643978390883
209,136.46865180945653,-72.53134819054347
208,110.73326646024252,-97.26673353975748
207,152.5017320295719,-54.49826797042809
206,133.6296051559808,-72.37039484401919
205,116.58955318491277,-88.41044681508723
204,85.32254796727179,-118.67745203272821
203,99.53421083624846,-103.46578916375154
202,116.319399468617,-85.680600531383
201,116.54988028425824,-84.45011971574176
200,108.49662299378461,-91.50337700621539
199,134.26323036826437,-64.73676963173563
198,103.7784111301151,-94.2215888698849
197,134.42214372028914,-62.57785627971086
196,139.26495440929045,-56.73504559070955
195,124.85806932818646,-70.14193067181354
194,114.1365226590317,-79.8634773409683
193,101.1709415768184,-91.8290584231816
192,108.13957422738079,-83.86042577261921
191,93.55814878223775,-97.44185121776225
190,136.47725239420876,-53.52274760579124
189,117.72657032771146,-71.27342967228854
188,146.09600664837416,-41.90399335162584
187,117.47080737475461,-69.52919262524539
186,103.66285090545858,-82.33714909454142
185,103.90994684729621,-81.09005315270379
184,110.32278802532184,-73.67721197467816
183,109.41163890386358,-73.58836109613642
182,93.97019469291453,-88.02980530708547
181,117.09672410166364,-63.90327589833636
180,97.74320573338768,-82.25679426661232
179,111.68594468406556,-67.31405531593444
178,91.79642910973612,-86.20357089026388
177,132.04902106818196,-44.95097893181804
176,147.7467216841381,-28.253278315861905
175,122.30679948990634,-52.69320051009366
174,108.84646233026523,-65.15353766973477
173,103.26174843093779,-69.73825156906221
172,117.21748801250352,-54.78251198749648
171,109.76166908302406,-61.23833091697594
170,124.02857723385146,-45.971422766148535
169,97.16103631646136,-71.83896368353864
168,122.82750527830447,-45.17249472169553
167,96.25410464981354,-70.74589535018646
166,93.80592415210346,-72.19407584789654
165,100.08709784482808,-64.91290215517192
164,90.8876234039524,-73.1123765960476
163,109.17488146090228,-53.825118539097716
162,110.84467824245753,-51.15532175754247
161,111.81417696158321,-49.185823038416785
160,114.93738854639511,-45.06261145360489
159,102.11284006909841,-56.88715993090159
158,108.69660133810972,-49.303398661890284
157,131.67187695762271,-25.328123042377285
156,107.85804832319393,-48.14195167680607
155,82.75078519538857,-72.24921480461143
154,99.30491258757576,-54.69508741242424
153,115.98944086665831,-37.01055913334169
152,135.6075421059848,-16.392457894015195
151,118.1883512970861,-32.8116487029139
150,99.73169038074937,-50.26830961925063
149,105.38926459645445,-43.61073540354555
148,113.92076102889207,-34.07923897110793
147,87.12808943187883,-59.871910568121166
146,101.83911121264353,-44.16088878735647
145,127.22801949453199,-17.771980505468008
144,83.77859307440916,-60.22140692559084
143,98.53613815452695,-44.46386184547305
142,129.41515296076477,-12.584847039235228
141,100.81981341042858,-40.18018658957142
140,105.11518641888719,-34.88481358111281
139,101.76799894361736,-37.23200105638264
138,132.34642773112674,-5.653572268873262
137,96.01742881963243,-40.98257118036757
136,138.6639863122086,2.663986312208607
135,86.87840342093408,-48.12159657906592
134,106.24209677876298,-27.757903221237015
133,106.91183352747179,-26.088166472528215
132,96.32489084681231,-35.67510915318769
131,102.19342925712057,-28.80657074287943
130,102.9255121473384,-27.074487852661605
129,108.7906609137166,-20.209339086283407
128,77.33834554053246,-50.66165445946754
127,92.47719247006009,-34.52280752993991
126,86.11714053615798,-39.882859463842024
125,85.07000300630739,-39.92999699369261
124,77.40720072673285,-46.59279927326715
123,105.66587488167144,-17.334125118328558
122,104.02013795433157,-17.979862045668426
121,91.99891683335578,-29.00108316664422
120,96.98352907726088,-23.016470922739117
119,75.81867735297894,-43.18132264702106
118,82.30087064173355,-35.69912935826645
117,86.79783640862061,-30.20216359137939
116,79.03187013817796,-36.968129861822035
115,127.47495197875752,12.474951978757517
114,85.52807354814948,-28.47192645185052
113,82.0615197334055,-30.938480266594496
112,89.97785455550635,-22.022145444493646
111,108.38924782405415,-2.610752175945848
110,97.63163625851271,-12.368363741487286
109,91.67342346245948,-17.326576537540518
108,85.69686663385639,-22.303133366143612
107,75.14160404941639,-31.858395950583613
106,87.24244659502003,-18.757553404979973
105,78.81742676310617,-26.18257323689383
104,77.8613137388154,-26.138686261184603
103,101.40008614566547,-1.599913854334531
102,103.30774239597702,1.3077423959770158
101,80.33700333137787,-20.662996668622128
100,73.93358053436937,-26.06641946563063
99,85.94475427468986,-13.055245725310144
98,74.40794251814681,-23.59205748185319
97,76.32150190958846,-20.678498090411537
96,83.59594122609415,-12.404058773905845
95,80.94568907628317,-14.054310923716827
94,78.27496432864515,-15.725035671354846
93,87.89137103250211,-5.108628967497893
92,66.61703804524511,-25.38296195475489
91,91.2578675655871,0.2578675655871052
90,85.19131884079111,-4.808681159208888
89,62.223387813723804,-26.776612186276196
88,74.54279540201803,-13.45720459798197
87,84.28027947808133,-2.719720521918674
86,67.58954620225832,-18.41045379774168
85,76.94240887459627,-8.057591125403732
84,72.5040018862201,-11.495998113779905
83,57.00731101229352,-25.99268898770648
82,64.26931858958034,-17.730681410419663
81,73.81882213098218,-7.181177869017816
80,73.3061437944236,-6.693856205576395
79,74.77969709415105,-4.220302905848953
78,69.68587770826525,-8.314122291734748
77,76.09916149254944,-0.9008385074505583
76,63.25022437185282,-12.749775628147177
75,58.57699274060129,-16.42300725939871
74,55.99037864198061,-18.009621358019388
73,64.60122397446891,-8.398776025531092
72,58.057026818185236,-13.942973181814764
71,43.93464993867501,-27.06535006132499
70,58.472230539360865,-11.527769460639135
69,79.24375515030198,10.243755150301979
68,56.004395769366475,-11.995604230633525
67,77.0786247005918,10.078624700591803
66,51.21032974810705,-14.78967025189295
65,63.53816095836567,-1.4618390416343274
64,48.88183747974588,-15.118162520254117
63,62.66909086047244,-0.33090913952756296
62,47.80798605783618,-14.192013942163818
61,65.54227329887699,4.542273298876992
60,65.8569870790813,5.856987079081307
59,45.445925699687294,-13.554074300312706
58,52.03429372207601,-5.965706277923992
57,57.04260900329457,0.04260900329457229
56,56.58954760893557,0.5895476089355682
55,43.65490273507886,-11.345097264921137
54,52.21873985124782,-1.7812601487521817
53,49.932263371105996,-3.0677366288940036
52,37.6572038772631,-14.3427961227369
51,30.240169431222373,-20.759830568777627
50,35.3688030318323,-14.6311969681677
49,32.31057432853521,-16.68942567146479
48,53.982797175854735,5.982797175854735
47,45.60583934871462,-1.3941606512853824
46,26.968947810857866,-19.031052189142134
45,32.69175131444064,-12.308248685559363
44,59.29828499245632,15.298284992456317
43,42.52543345984084,-0.47456654015915944
42,33.95692776572413,-8.043072234275868
41,44.40955471352691,3.4095547135269086
40,28.3597892205318,-11.640210779468202
39,36.286884861047234,-2.713115138952766
38,43.15797805110266,5.15797805110266
37,26.171474156734217,-10.828525843265783
36,27.316018470951125,-8.683981529048875
35,33.68117687681253,-1.318823123187471
34,18.84732305900155,-15.15267694099845
33,13.351637342963192,-19.648362657036806
32,27.952864072185122,-4.047135927814878
31,21.599679064365297,-9.400320935634703
30,16.5557034780132,-13.4442965219868
29,24.314907143144097,-4.685092856855903
28,34.36829581769278,6.368295817692783
27,16.61337736703441,-10.38662263296559
26,16.419508879109404,-9.580491120890596
25,24.90406848581415,-0.09593151418584966
24,23.109337488397383,-0.890662511602617
23,39.254346697927126,16.254346697927126
22,11.769197373885143,-10.230802626114857
21,13.833366428763867,-7.166633571236133
20,15.170847105258002,-4.829152894741998
19,9.966329513855607,-9.033670486144393
18,18.64961442367401,0.6496144236740093
17,15.93089128560639,-1.0691087143936109
16,5.1847532260567055,-10.815246773943294
15,19.06528420585262,4.06528420585262
14,13.430368004776442,-0.569631995223558
13,9.327961018258147,-3.672038981741853
12,6.704654823762408,-5.295345176237592
11,13.348160859530909,2.3481608595309087
10,13.390043279338483,3.3900432793384834
9,5.934866059009788,-3.0651339409902123
8,19.39055339818421,11.39055339818421
7,9.03128885672291,2.0312888567229095
6,14.097737220399122,8.097737220399122
5,10.862656606276428,5.862656606276428
4,3.587448685189938,-0.41255131481006213
3,8.189250792834615,5.189250792834615
2,5.7263436085328525,3.7263436085328525
1,5.032895143685005,4.032895143685005
0,7.224035584504931,7.224035584504931
136,130.33656904032486,-5.663430959675139
135,146.9741916889785,11.974191688978493
134,155.03211572893053,21.032115728930535
133,152.10246103743174,19.102461037431738
132,150.2654210152935,18.265421015293498
131,143.39956296288858,12.39956296288858
130,145.09998523102288,15.099985231022885
129,156.9649053841889,27.96490538418891
128,153.83639561563308,25.83639561563308
127,169.1927012139394,42.19270121393939
126,136.66010871494345,10.660108714943448
125,140.4914145247768,15.491414524776786
124,157.44996032117194,33.44996032117194
123,165.26001331722986,42.26001331722986
122,130.18836884518996,8.188368845189956
121,152.27347191779674,31.27347191779674
120,122.67366401573136,2.6736640157313616
119,166.39108614897802,47.39108614897802
118,150.72787392229378,32.72787392229378
117,162.09982558566037,45.09982558566037
116,134.01356398331643,18.01356398331643
115,143.76863519238762,28.76863519238762
114,148.75700209202563,34.75700209202563
113,155.3060650470445,42.30606504704451
112,125.18867594585495,13.188675945854953
111,144.51630124542655,33.51630124542655
110,147.73245615218121,37.732456152181214
109,116.66558211986106,7.665582119861057
108,162.6569858750213,54.65698587502129
107,144.3450765892089,37.3450765892089
106,165.56720978661008,59.56720978661008
105,134.76432786388006,29.764327863880055
104,128.25942870206856,24.25942870206856
103,149.94644554673908,46.946445546739085
102,120.84051885962033,18.84051885962033
101,150.32757828446063,49.32757828446063
100,155.22726140062213,55.227261400622126
99,138.43664905231492,39.43664905231492
98,116.91880694045368,18.918806940453678
97,154.24600940170504,57.24600940170504
96,152.71653237057058,56.716532370570576
95,146.68009444157494,51.68009444157494
94,157.15780575862044,63.15780575862044
93,158.21730597530743,65.21730597530743
92,141.53158001402616,49.53158001402616
91,163.39844780668562,72.39844780668562
90,116.33479019891361,26.33479019891361
89,132.0541673080617,43.05416730806169
88,134.76691711427543,46.76691711427543
87,146.2780158370526,59.27801583705261
86,136.11315299544793,50.11315299544793
85,146.78574601964095,61.78574601964095
84,118.43908041080871,34.439080410808714
83,137.75875961196533,54.75875961196533
82,158.81200568147884,76.81200568147884
81,135.37859399448158,54.37859399448158
80,123.15685799610617,43.15685799610617
79,110.02228386833318,31.022283868333176
78,160.52896654803757,82.52896654803757
77,109.43551404088683,32.43551404088683
76,150.80972766588374,74.80972766588374
75,133.35498523559343,58.35498523559343
74,135.3020644411144,61.302064441114396
73,114.05041632531554,41.05041632531554
72,144.815959149313,72.81595914931299
71,125.11072676700667,54.11072676700667
70,138.55041638186358,68.55041638186358
69,110.42113222634292,41.42113222634292
68,118.0949418409849,50.0949418409849
67,86.09943450145498,19.09943450145498
66,117.98205663290102,51.98205663290102
65,111.98799736979417,46.98799736979417
64,106.26927661042097,42.269276610420974
63,121.90282944052849,58.90282944052849
62,102.78864651324764,40.78864651324764
61,103.0515273780915,42.05152737809151
60,127.32600624702097,67.32600624702097
59,93.16958277672627,34.16958277672627
58,111.62761926482534,53.62761926482534
57,95.47998584683289,38.47998584683289
56,99.47463430604483,43.474634306044834
55,78.41844349578868,23.41844349578868
54,91.02575550264142,37.02575550264142
53,97.05734511450885,44.05734511450885
52,114.90928371116325,62.909283711163255
51,93.13156020251684,42.13156020251684
50,94.54869015115048,44.54869015115048
49,100.68146881161489,51.68146881161489
48,98.64022146248136,50.640221462481364
47,89.3590733571017,42.35907335710171
46,95.90734771110381,49.90734771110381
45,78.23514759276674,33.23514759276674
44,91.05187740864224,47.05187740864224
43,89.7833350708286,46.7833350708286
42,89.29860723165724,47.29860723165724
41,58.495023063280044,17.495023063280044
40,66.5960961961036,26.596096196103602
39,55.08034995597797,16.080349955977972
38,69.50181767053897,31.50181767053897
37,59.40267996864337,22.40267996864337
36,79.84947521776472,43.84947521776472
35,70.4544595506317,35.4544595506317
34,51.86161479678917,17.86161479678917
33,50.53974992827948,17.539749928279477
32,66.69445386978862,34.69445386978862
31,77.46729766847355,46.46729766847355
30,63.66866885709752,33.66866885709752
29,47.2193699289444,18.219369928944403
28,46.290005792788236,18.290005792788236
27,46.675938277640775,19.675938277640775
26,56.02577990155699,30.025779901556987
25,34.45592405649308,9.455924056493082
24,43.568386486097324,19.568386486097324
23,35.995107002311386,12.995107002311386
22,32.13387855871339,10.133878558713391
21,42.08395860455334,21.083958604553338
20,37.73269315899099,17.73269315899099
19,42.014221127822985,23.014221127822985
18,40.604117306901905,22.604117306901905
17,29.171872910491633,12.171872910491633
16,24.702773512555538,8.702773512555538
15,25.294334787340294,10.294334787340294
14,26.958046973863784,12.958046973863784
13,15.427748516327163,2.4277485163271635
12,12.139161455091172,0.1391614550911715
11,19.429488385797214,8.429488385797214
10,13.711604303238907,3.711604303238907
9,24.049358680234477,15.049358680234477
8,14.498570333433342,6.498570333433342
7,10.54738301542798,3.5473830154279806
6,15.109988190845945,9.109988190845945
5,5.028276001166014,0.02827600116601392
4,7.596353734002493,3.596353734002493
3,2.9818328971536223,-0.01816710284637768
2,5.505470501505716,3.505470501505716
1,2.816986033763281,1.816986033763281
0,2.6530243158738482,2.6530243158738482
165,180.60010434620432,15.600104346204319
164,124.87982112422287,-39.12017887577713
163,154.25196400498373,-8.748035995016266
162,148.0665865550599,-13.9334134449401
161,161.14221473930277,0.14221473930277284
160,132.88098119518082,-27.119018804819177
159,137.74049956008042,-21.259500439919577
158,133.2939110191666,-24.706088980833414
157,101.60492882979592,-55.395071170204076
156,167.79218871161515,11.792188711615154
155,135.449951221448,-19.550048778551997
154,149.4078352851053,-4.592164714894693
153,125.2957886627391,-27.7042113372609
152,126.77125475855405,-25.22874524144595
151,142.8866225188211,-8.113377481178901
150,150.0831073233032,0.08310732330321002
149,130.29297331061613,-18.707026689383866
148,146.86420805042042,-1.135791949579584
147,161.48212261226044,14.48212261226044
146,146.8595742864589,0.8595742864588942
145,123.0270717193024,-21.9729282806976
144,142.52325928564903,-1.4767407143509672
143,170.67599932583124,27.675999325831242
142,170.7774962620841,28.7774962620841
141,152.31394598011207,11.313945980112067
140,127.7011526081418,-12.298847391858203
139,166.9975988463805,27.997598846380498
138,151.11067322073353,13.110673220733531
137,145.43485048697423,8.434850486974227
136,158.53649337725392,22.53649337725392
135,135.75462761193916,0.7546276119391564
134,136.2676486626545,2.2676486626544943
133,138.88176839842293,5.881768398422935
132,140.7269045647764,8.72690456477639
131,123.87245058634181,-7.127549413658187
130,152.05519520996728,22.05519520996728
129,147.89681344281797,18.896813442817972
128,144.20667953011042,16.20667953011042
127,136.733998371829,9.733998371828989
126,116.79573541046165,-9.204264589538354
125,143.83802480983064,18.838024809830642
124,160.27980830563226,36.27980830563226
123,138.1108578313414,15.110857831341406
122,113.64328607707188,-8.356713922928122
121,146.97715049192277,25.97715049192277
120,163.14234755813501,43.142347558135015
119,139.82029485356406,20.820294853564064
118,145.0815428408193,27.08154284081931
117,138.60505577638742,21.605055776387417
116,134.8847358378635,18.884735837863502
115,143.8258335160454,28.825833516045407
114,144.30250337572642,30.302503375726417
113,112.45167301733353,-0.5483269826664667
112,148.9918139965213,36.9918139965213
111,140.4193762266973,29.419376226697295
110,143.40028635424616,33.40028635424616
109,116.01589642400081,7.015896424000815
108,125.81849294490347,17.81849294490347
107,142.11509894885813,35.11509894885813
106,153.30329413515608,47.30329413515608
105,144.70899571570504,39.70899571570504
104,133.12155740774546,29.121557407745456
103,128.3326958896282,25.332695889628212
102,119.97884497951304,17.978844979513042
101,111.65689491872075,10.656894918720752
100,143.5674778216968,43.5674778216968
99,122.84104554844879,23.84104554844879
98,124.69350277971076,26.693502779710755
97,151.40308427960974,54.40308427960974
96,146.4657550289113,50.4657550289113
95,148.4101799545793,53.41017995457929
94,114.80181530398569,20.80181530398569
93,144.4303840085869,51.43038400858691
92,132.07013183899005,40.07013183899005
91,150.10128531695753,59.10128531695753
90,126.49692412227442,36.49692412227442
89,127.34339923195138,38.34339923195138
88,136.89571639636603,48.895716396366026
87,123.31581236615985,36.31581236615985
86,137.70439535751473,51.70439535751473
85,92.34551595929871,7.345515959298709
84,97.69949336507996,13.69949336507996
83,131.18122833866343,48.18122833866343
82,143.76607756722112,61.76607756722112
81,100.21660387756378,19.216603877563784
80,125.24606395396829,45.24606395396829
79,92.02622237647974,13.026222376479737
78,141.5737701719848,63.57377017198479
77,120.97234288503887,43.97234288503887
76,113.23602514161965,37.23602514161965
75,139.63212601824569,64.63212601824569
74,154.71443389981675,80.71443389981675
73,103.49726257011834,30.497262570118338
72,137.44931779221815,65.44931779221815
71,115.96947511077377,44.96947511077377
70,140.66290655822502,70.66290655822502
69,130.7052552381916,61.7052552381916
68,124.65755876032296,56.65755876032296
67,109.37795599988242,42.37795599988242
66,151.41075463882524,85.41075463882524
65,147.96667775605889,82.96667775605889
64,123.21050634618221,59.210506346182214
63,142.3008111521523,79.3008111521523
62,143.55602001648163,81.55602001648163
61,123.79006283748636,62.79006283748636
60,127.01274874602531,67.01274874602531
59,122.2477414393397,63.247741439339705
58,134.6076992039694,76.60769920396939
57,78.94738929539676,21.94738929539676
56,108.75843687985272,52.758436879852724
55,97.7561581250449,42.756158125044905
54,129.62844668271194,75.62844668271194
53,127.0631043998144,74.0631043998144
52,134.82328406157822,82.82328406157822
51,92.37677706705053,41.376777067050526
50,135.25937151605714,85.25937151605714
49,81.80704796313938,32.80704796313938
48,112.16084668756609,64.16084668756609
47,93.9874798431961,46.9874798431961
46,112.0256298775871,66.0256298775871
45,100.83470729703737,55.83470729703737
44,118.3627652871208,74.3627652871208
43,106.36111838542423,63.361118385424234
42,95.82366859511319,53.82366859511319
41,84.14222420525803,43.14222420525803
40,117.07594327829031,77.07594327829031
39,120.03874251311113,81.03874251311113
38,91.0106985181963,53.01069851819631
37,113.47450420523742,76.47450420523742
36,88.11027092250708,52.110270922507084
35,95.26514689205698,60.265146892056976
34,74.87766752225237,40.877667522252366
33,82.12312198273003,49.12312198273003
32,78.7570428207414,46.757042820741404
31,81.38250650248445,50.382506502484446
30,73.33773914794355,43.33773914794355
29,72.86084231917889,43.860842319178886
28,79.22985637130328,51.229856371303285
27,66.17050600459916,39.17050600459916
26,52.96838441827459,26.96838441827459
25,40.57438250315223,15.57438250315223
24,55.5875519336443,31.5875519336443
23,38.673492947412065,15.673492947412065
22,57.263335917041715,35.263335917041715
21,56.9092893515259,35.9092893515259
20,33.572972254199186,13.572972254199186
19,47.909740504120904,28.909740504120904
18,38.68131051712301,20.68131051712301
17,43.70467547974895,26.70467547974895
16,19.477947872371857,3.477947872371857
15,29.677563930728695,14.677563930728695
14,30.422571634376975,16.422571634376975
13,17.57266423859939,4.5726642385993905
12,28.327579631522603,16.327579631522603
11,23.530034671168195,12.530034671168195
10,11.205001758793317,1.2050017587933173
9,16.345399715858637,7.345399715858637
8,12.887311405261409,4.887311405261409
7,14.347020702482938,7.347020702482938
6,7.428477246686921,1.4284772466869207
5,6.59027430284975,1.5902743028497497
4,8.306065103962082,4.306065103962082
3,5.218834804926756,2.2188348049267557
2,4.095069832979201,2.095069832979201
1,5.9086518806013375,4.9086518806013375
0,3.2203448315272625,3.2203448315272625
213,177.98629220593628,-35.01370779406372
212,179.61928343062843,-32.38071656937157
211,188.6095363827521,-22.39046361724789
210,158.38497305348574,-51.61502694651426
209,178.290056642381,-30.70994335761901
208,173.5556478867537,-34.44435211324631
207,195.5250115299388,-11.474988470061191
206,176.60276627492738,-29.397233725072624
205,166.81367392756883,-38.18632607243117
204,204.77661838948802,0.7766183894880214
203,150.23308465645988,-52.76691534354012
202,176.91176731842285,-25.088232681577153
201,180.5583086653542,-20.44169133464581
200,168.04970212464687,-31.95029787535313
199,173.0888670171933,-25.91113298280669
198,170.49380907071085,-27.506190929289147
197,203.5039190676539,6.5039190676538965
196,188.0739005771063,-7.926099422893714
195,175.4860172614663,-19.513982738533713
194,179.15932243415335,-14.840677565846647
193,184.27473591656897,-8.725264083431028
192,171.92459963815665,-20.07540036184335
191,169.00432264272018,-21.995677357279817
190,197.8492531465094,7.8492531465093975
189,176.88240116996005,-12.117598830039952
188,181.30037107364603,-6.699628926353967
187,179.9846197674791,-7.015380232520897
186,183.6142326453473,-2.3857673546526996
185,168.57388617551857,-16.426113824481433
184,156.30895369075364,-27.69104630924636
183,171.58063838141558,-11.419361618584418
182,179.98203476221929,-2.0179652377807145
181,167.2894462670522,-13.710553732947801
180,172.72316269169423,-7.2768373083057725
179,170.10475140375908,-8.895248596240918
178,168.0780717516402,-9.92192824835979
177,193.01448731731804,16.014487317318043
176,176.08172788857175,0.08172788857174851
175,182.2655071224871,7.265507122487094
174,174.9274269054475,0.9274269054475042
173,173.83323458271354,0.8332345827135441
172,174.58333971584847,2.583339715848467
171,169.50916861238167,-1.4908313876183286
170,187.73345759603316,17.733457596033162
169,178.53980111664205,9.539801116642053
168,175.5980810978324,7.598081097832392
167,168.14340001847813,1.1434000184781326
166,159.68131569166835,-6.318684308331655
165,188.08879142143545,23.088791421435445
164,159.1099409441351,-4.890059055864896
163,168.8973987995147,5.89739879951469
162,159.17182654498055,-2.828173455019453
161,173.43180154417294,12.431801544172941
160,178.38567245923895,18.385672459238947
159,192.63263950487928,33.63263950487928
158,163.95472848013503,5.9547284801350315
157,158.57227290144485,1.5722729014448475
156,176.30617112056342,20.30617112056342
155,168.52065715884558,13.52065715884558
154,163.6974360230241,9.697436023024096
153,172.90391784812175,19.90391784812175
152,176.12831157153818,24.128311571538177
151,139.57582593715182,-11.42417406284818
150,186.26997316057688,36.26997316057688
149,186.42546522178358,37.42546522178358
148,165.3010991779808,17.301099177980802
147,151.38905680158334,4.389056801583337
146,156.27088159846693,10.270881598466929
145,152.83719374077089,7.837193740770886
144,170.9587270157344,26.95872701573441
143,162.69783056819347,19.697830568193467
142,164.18692800957226,22.186928009572256
141,181.2061181969305,40.206118196930504
140,176.84791174023778,36.84791174023778
139,152.1630694195553,13.163069419555313
138,170.6901255326287,32.69012553262871
137,155.13852514298563,18.13852514298563
136,173.36081649511465,37.36081649511465
135,176.11462326344957,41.11462326344957
134,156.22685228951025,22.226852289510248
133,189.5652708921883,56.565270892188295
132,163.74148080182638,31.741480801826384
131,136.76418638501164,5.764186385011641
130,171.24013603997497,41.24013603997497
129,174.98931942175471,45.989319421754715
128,152.00829287216908,24.00829287216908
127,155.19248507467762,28.19248507467762
126,154.75965060895427,28.759650608954274
125,174.92642913290683,49.92642913290683
124,169.708920604387,45.708920604387
123,129.00934295901033,6.009342959010326
122,177.96776240789646,55.96776240789646
121,175.57338645133686,54.57338645133686
120,171.3553030296501,51.35530302965009
119,192.05375469290775,73.05375469290775
118,167.32544344930935,49.32544344930935
117,159.75222456641237,42.752224566412366
116,158.63728208097362,42.63728208097362
115,167.79108759759325,52.79108759759325
114,149.5464388493429,35.546438849342906
113,155.30165364941018,42.301653649410184
112,151.10276204823737,39.102762048237366
111,167.35234383073072,56.35234383073072
110,157.99391326211602,47.993913262116024
109,167.86370887046394,58.86370887046394
108,167.04227273229003,59.04227273229003
107,153.61685665396683,46.616856653966835
106,150.06531053496738,44.06531053496738
105,156.32609491043894,51.32609491043894
104,122.10559811169222,18.105598111692217
103,156.8684231708093,53.86842317080931
102,119.87860516676297,17.878605166762966
101,140.52221091289172,39.52221091289172
100,128.03144874464215,28.031448744642148
99,155.69930936175817,56.69930936175817
98,150.79468678526501,52.794686785265014
97,104.60184794429003,7.601847944290029
96,113.00708156477606,17.00708156477606
95,111.88668573899446,16.88668573899446
94,108.19896644261316,14.198966442613155
93,103.01053607634182,10.010536076341822
92,92.9634622803752,0.9634622803751967
91,129.00916533956243,38.00916533956243
90,110.35936530562657,20.359365305626568
89,190.89067840436124,101.89067840436124
88,95.28616125586655,7.286161255866546
87,86.63147573907007,-0.36852426092993085
86,119.12938986797525,33.12938986797525
85,100.84567273525413,15.845672735254126
84,100.09907804676287,16.09907804676287
83,95.58660176183652,12.58660176183652
82,87.70054313929957,5.700543139299569
81,97.26581776769837,16.265817767698366
80,82.43793606829186,2.4379360682918616
79,107.07537252060811,28.075372520608113
78,90.78821320719929,12.788213207199291
77,72.15294921580826,-4.847050784191737
76,94.71027100902197,18.710271009021966
75,98.87792756948944,23.877927569489444
74,75.75469765497655,1.7546976549765532
73,74.97882725582807,1.9788272558280653
72,81.71239005054971,9.712390050549715
71,93.72962505805924,22.72962505805924
70,77.77382476593759,7.77382476593759
69,76.30842595346685,7.308425953466852
68,77.0902586021478,9.090258602147799
67,81.13552133660971,14.135521336609713
66,76.60593428875893,10.605934288758931
65,74.07326270849896,9.073262708498959
64,66.94543173535273,2.9454317353527273
63,71.60063536972146,8.60063536972146
62,76.3619708693346,14.361970869334598
61,72.83635291663956,11.836352916639555
60,66.03869234468661,6.038692344686609
59,62.87388208915266,3.8738820891526586
58,52.40125785566345,-5.598742144336548
57,53.38387730895699,-3.61612269104301
56,59.08439402632111,3.0843940263211067
55,64.15358738336822,9.153587383368219
54,57.06282739292013,3.062827392920127
53,62.98598042026774,9.985980420267737
52,60.17220060996796,8.172200609967959
51,54.84426581530784,3.8442658153078426
50,54.75184405815204,4.751844058152038
49,54.365684566345244,5.365684566345244
48,47.46663480019294,-0.5333651998070579
47,40.93308583121385,-6.066914168786148
46,47.55610752785227,1.5561075278522694
45,41.509989020894835,-3.490010979105165
44,48.19695453340088,4.196954533400877
43,43.108571610905415,0.10857161090541467
42,49.17309222295597,7.173092222955972
41,43.43865809555083,2.438658095550828
40,40.976853376508245,0.9768533765082452
39,42.03623743623079,3.036237436230792
38,33.29998985091275,-4.700010149087248
37,39.77441833537122,2.774418335371223
36,40.460662480716735,4.460662480716735
35,29.027737707390653,-5.972262292609347
34,41.32918462413922,7.3291846241392165
33,27.077728812114977,-5.922271187885023
32,30.52948507228925,-1.4705149277107488
31,34.902436980400026,3.902436980400026
30,24.811143097975286,-5.188856902024714
29,33.40534333649666,4.4053433364966565
28,25.794429745529698,-2.2055702544703024
27,25.906872682297067,-1.0931273177029333
26,24.545114821650664,-1.4548851783493362
25,29.618820989682828,4.618820989682828
24,22.239368021374897,-1.7606319786251028
23,25.434938199176123,2.4349381991761234
22,23.27041881706187,1.27041881706187
21,19.911882954068627,-1.088117045931373
20,19.232254547653923,-0.7677454523460767
19,14.446520341646666,-4.553479658353334
18,17.19428679278239,-0.805713207217611
17,16.903740777445808,-0.09625922255419184
16,17.542402499521458,1.542402499521458
15,15.523908461997234,0.5239084619972338
14,14.755754721654332,0.7557547216543323
13,9.986145702013854,-3.0138542979861462
12,11.109836074176943,-0.8901639258230567
11,10.513185029263825,-0.48681497073617486
10,12.123487186867157,2.123487186867157
9,8.369807096824752,-0.6301929031752476
8,7.816690511234555,-0.1833094887654454
7,9.602554950115247,2.6025549501152465
6,5.254977761522968,-0.7450222384770324
5,3.8789623557556983,-1.1210376442443017
4,4.852682807766706,0.8526828077667057
3,5.202917610554222,2.2029176105542216
2,4.641312547943969,2.6413125479439694
1,4.864183065070988,3.8641830650709883
0,2.958920484821338,2.958920484821338
216,186.1867993352366,-29.8132006647634
215,186.59276387815837,-28.407236121841635
214,180.76159768197041,-33.238402318029586
213,178.23331320271575,-34.76668679728425
212,177.54184467417713,-34.45815532582287
211,176.89511987724185,-34.104880122758146
210,185.19483514328806,-24.80516485671194
209,184.2072000576823,-24.792799942317714
208,183.13716302200552,-24.862836977994476
207,169.0926813936149,-37.907318606385104
206,181.33656124477542,-24.663438755224576
205,187.24062763126975,-17.759372368730254
204,190.3037616514207,-13.6962383485793
203,178.52987909745912,-24.470120902540884
202,185.99044227773416,-16.00955772226584
201,174.97126501531656,-26.02873498468344
200,183.55565980849204,-16.444340191507962
199,193.23847383708477,-5.7615261629152315
198,175.2545074891827,-22.745492510817286
197,178.57466239974337,-18.425337600256626
196,197.07200284339848,1.0720028433984794
195,166.83562568505636,-28.164374314943643
194,174.80861105870395,-19.191388941296054
193,181.7641632585251,-11.235836741474913
192,185.64475258173204,-6.355247418267965
191,187.5270573490151,-3.4729426509848906
190,177.70884013356778,-12.291159866432224
189,193.35307054220286,4.3530705422028575
188,201.0195300499982,13.019530049998195
187,181.4643671928174,-5.535632807182594
186,171.83086479048166,-14.169135209518345
185,192.35426919634384,7.354269196343836
184,183.94584909698145,-0.0541509030185523
183,195.62882956631438,12.62882956631438
182,189.09924086779236,7.099240867792361
181,152.67502168907805,-28.32497831092195
180,161.15889957577696,-18.841100424223043
179,177.46556434270067,-1.5344356572993263
178,181.2573780041681,3.257378004168089
177,177.52778901883266,0.5277890188326637
176,173.14442132175537,-2.855578678244626
175,177.82614244725013,2.8261424472501346
174,180.52199463153795,6.52199463153795
173,172.04221066366551,-0.9577893363344856
172,186.57224217041136,14.572242170411357
171,169.6070871660073,-1.3929128339927104
170,187.8915714704285,17.891571470428488
169,183.09110129963778,14.091101299637785
168,176.27657963425477,8.276579634254773
167,167.43845494581947,0.43845494581947264
166,177.69392466862342,11.693924668623424
165,180.93345698548953,15.933456985489528
164,189.78431081942665,25.78431081942665
163,158.92742606566134,-4.0725739343386635
162,175.0834409081544,13.083440908154387
161,201.12618253382684,40.126182533826835
160,158.80520156822018,-1.194798431779816
159,196.48803676852077,37.48803676852077
158,185.2650800991922,27.265080099192204
157,169.6086779013878,12.608677901387807
156,164.05527618758072,8.055276187580716
155,181.72650986552156,26.726509865521564
154,188.12772908845525,34.127729088455254
153,185.38038069946055,32.380380699460545
152,172.5180254111558,20.518025411155804
151,164.32586645789704,13.325866457897035
150,177.91754080491344,27.917540804913443
149,164.46560471142197,15.465604711421975
148,171.48625305300982,23.48625305300982
147,157.16829222561927,10.168292225619268
146,182.6625406669182,36.662540666918204
145,187.73252275659485,42.73252275659485
144,179.68397197043322,35.68397197043322
143,159.90850516353268,16.90850516353268
142,177.10456316005974,35.10456316005974
141,155.80603686153023,14.806036861530231
140,172.59874359575744,32.59874359575744
139,170.62680702690838,31.62680702690838
138,176.04815164603212,38.048151646032125
137,166.43373948401944,29.43373948401944
136,176.84168171360807,40.84168171360807
135,179.2552206050916,44.25522060509161
134,151.44180058213212,17.441800582132117
133,174.11041903225774,41.11041903225774
132,176.99773969993743,44.997739699937426
131,174.2407640882165,43.24076408821651
130,162.27049002793746,32.270490027937456
129,156.66237524419165,27.66237524419165
128,180.43242267378304,52.43242267378304
127,172.7710574561574,45.77105745615739
126,179.93374242759307,53.933742427593074
125,155.83511714337436,30.83511714337436
124,156.5624196900194,32.5624196900194
123,178.89196142887906,55.89196142887906
122,182.1947057317125,60.1947057317125
121,151.71931112727154,30.71931112727154
120,173.55499278579168,53.55499278579168
119,178.24270112466672,59.24270112466672
118,182.5497599194922,64.5497599194922
117,163.77730582275478,46.77730582275478
116,170.24509280940927,54.24509280940927
115,180.8019349085851,65.80193490858511
114,157.68323804636185,43.68323804636185
113,163.77362388919124,50.77362388919124
112,158.15000710040732,46.15000710040732
111,158.55066126694942,47.55066126694942
110,165.5206551405253,55.52065514052529
109,178.5576536041015,69.55765360410149
108,162.27683151880797,54.27683151880797
107,147.60816932273963,40.60816932273963
106,159.00157382778045,53.00157382778045
105,143.37038796919518,38.37038796919518
104,167.12389916925184,63.12389916925184
103,173.78513641588043,70.78513641588043
102,175.15374865023134,73.15374865023134
101,156.37631418163872,55.37631418163872
100,168.2331742904239,68.2331742904239
99,148.35765576211713,49.35765576211713
98,160.81453858649945,62.81453858649945
97,156.1865010675598,59.18650106755979
96,169.9857411019836,73.98574110198359
95,149.5242717387189,54.52427173871891
94,148.88889501964317,54.88889501964317
93,153.87440881090862,60.87440881090862
92,159.93046250896506,67.93046250896506
91,141.96838553518202,50.96838553518202
90,163.97916147683367,73.97916147683367
89,156.48469729164867,67.48469729164867
88,146.40997304972296,58.409973049722964
87,152.31422099831718,65.31422099831718
86,130.3824823418239,44.3824823418239
85,161.91405668579787,76.91405668579787
84,161.98319799178284,77.98319799178284
83,148.7567573792821,65.7567573792821
82,156.56781276173095,74.56781276173095
81,135.01562978704297,54.01562978704297
80,182.94626958101637,102.94626958101637
79,143.35573380914752,64.35573380914752
78,151.6989499830063,73.69894998300629
77,144.3187926289397,67.31879262893969
76,145.44609179134423,69.44609179134423
75,132.05967407685202,57.05967407685202
74,132.8663720175852,58.866372017585206
73,144.729824040562,71.729824040562
72,140.92220600905867,68.92220600905867
71,153.33163118280933,82.33163118280933
70,124.13578772873146,54.13578772873146
69,145.26114276677058,76.26114276677058
68,133.89271207844456,65.89271207844456
67,152.63113758117524,85.63113758117524
66,118.69882549304837,52.698825493048375
65,138.36505283832096,73.36505283832096
64,131.8017952252426,67.80179522524261
63,116.81170962078633,53.81170962078633
62,105.495811786777,43.495811786777
61,116.73482054334539,55.73482054334539
60,127.31536234180341,67.31536234180341
59,125.66461138205624,66.66461138205624
58,114.79783681048053,56.79783681048053
57,108.93171180301462,51.93171180301462
56,145.716936951241,89.716936951241
55,73.81791681393946,18.817916813939462
54,114.85506699889386,60.85506699889386
53,99.47467023868805,46.47467023868805
52,92.48287260527684,40.48287260527684
51,123.1159902916399,72.1159902916399
50,84.92373559966867,34.923735599668674
49,103.02809766673809,54.02809766673809
48,99.6675814603697,51.6675814603697
47,94.4819118980778,47.4819118980778
46,97.12376033182505,51.12376033182505
45,74.54680438725363,29.54680438725363
44,93.78157050530311,49.78157050530311
43,91.11201651260077,48.112016512600775
42,85.02387674834623,43.023876748346225
41,88.19930143068144,47.199301430681444
40,84.41888033183706,44.41888033183706
39,47.418336637992205,8.418336637992205
38,69.73065698999145,31.730656989991445
37,81.63565246741564,44.63565246741564
36,58.28870575025252,22.288705750252518
35,61.00250969854874,26.002509698548742
34,58.661853149946005,24.661853149946005
33,63.01320266687562,30.01320266687562
32,51.94478998075368,19.944789980753683
31,50.58561668438199,19.58561668438199
30,48.175689464671954,18.175689464671954
29,56.29716239002655,27.29716239002655
28,61.017018903482175,33.017018903482175
27,50.08329389317249,23.08329389317249
26,37.852442341026695,11.852442341026695
25,52.38591383591468,27.38591383591468
24,63.78861401126396,39.78861401126396
23,46.918169840994906,23.918169840994906
22,38.29470285461871,16.294702854618713
21,22.299483658455415,1.299483658455415
20,24.935688960437556,4.935688960437556
19,26.70867576949195,7.7086757694919505
18,13.443340558710295,-4.556659441289705
17,37.741826694959684,20.741826694959684
16,24.009024829599348,8.009024829599348
15,14.443759853442048,-0.5562401465579523
14,9.242233613067352,-4.757766386932648
13,17.029238170874525,4.029238170874525
12,21.286619234489272,9.286619234489272
11,11.323094914029904,0.32309491402990353
10,18.474940611435354,8.474940611435354
9,13.283598645867388,4.283598645867388
8,8.844189583782232,0.8441895837822315
7,8.124221079273317,1.1242210792733172
6,8.532052984700192,2.532052984700192
5,10.999371682061529,5.999371682061529
4,3.060245682430741,-0.9397543175692591
3,10.49333842320391,7.493338423203911
2,1.579761263160645,-0.420238736839355
1,4.181182931988891,3.181182931988891
0,5.817411037268548,5.817411037268548
154,164.56323293765922,10.563232937659222
153,160.3071811185545,7.307181118554496
152,157.05332116608022,5.053321166080224
151,170.23205370544474,19.23205370544474
150,162.44096419564264,12.440964195642636
149,144.98193180575882,-4.018068194241181
148,162.70355531333897,14.703555313338967
147,167.94365474046072,20.943654740460715
146,159.89237555543863,13.892375555438633
145,141.69321379805268,-3.306786201947318
144,161.77475989138142,17.77475989138142
143,167.03472638616105,24.034726386161054
142,170.048296719096,28.048296719095987
141,148.4924920322366,7.492492032236612
140,179.1310530453896,39.13105304538959
139,182.79523791684028,43.79523791684028
138,142.90192220340725,4.901922203407253
137,162.1569171884875,25.156917188487512
136,152.21399352877935,16.213993528779355
135,148.28147011828895,13.28147011828895
134,163.36974586947477,29.36974586947477
133,134.22981845338194,1.229818453381938
132,142.79406223030486,10.79406223030486
131,170.7729992945821,39.77299929458209
130,157.43300211061734,27.433002110617338
129,183.5400361258021,54.54003612580209
128,163.6800624491321,35.680062449132095
127,138.94710566353154,11.947105663531545
126,151.3218704081866,25.321870408186612
125,157.72139883454184,32.721398834541844
124,171.33640934759237,47.336409347592365
123,156.51062112305468,33.510621123054676
122,168.19810874222088,46.19810874222088
121,142.91603785768075,21.91603785768075
120,161.92880000575613,41.92880000575613
119,168.83933659817123,49.83933659817123
118,176.42526024351463,58.42526024351463
117,119.65924870737236,2.659248707372356
116,167.2254419212452,51.22544192124519
115,145.4843017210258,30.484301721025787
114,161.75231062631903,47.75231062631903
113,168.71732932227724,55.71732932227724
112,166.90771506920166,54.90771506920166
111,161.31640212763668,50.31640212763668
110,155.39032300351002,45.39032300351002
109,138.2043543255162,29.204354325516192
108,177.7693174839608,69.7693174839608
107,168.2810991146624,61.281099114662396
106,179.56349391927313,73.56349391927313
105,160.86675146502952,55.86675146502952
104,128.98153767446004,24.981537674460043
103,163.75117399684066,60.75117399684066
102,164.20899077899594,62.20899077899594
101,154.51983864740632,53.51983864740632
100,157.01889234571757,57.018892345717575
99,164.68447493748087,65.68447493748087
98,153.26112974994555,55.26112974994555
97,147.72559305116977,50.72559305116977
96,145.24384986973803,49.24384986973803
95,137.31344147645441,42.313441476454415
94,158.93048923725922,64.93048923725922
93,157.71499935644863,64.71499935644863
92,156.18784733768985,64.18784733768985
91,141.01714741460364,50.01714741460364
90,162.4177621540483,72.41776215404829
89,157.51781875822843,68.51781875822843
88,147.1230280283013,59.12302802830129
87,141.84329005469073,54.843290054690726
86,140.28171523166378,54.28171523166378
85,152.30128478293298,67.30128478293298
84,137.83462439527278,53.83462439527278
83,153.868844093514,70.86884409351401
82,134.5869208827723,52.58692088277229
81,154.8050038084868,73.80500380848679
80,105.0899073961557,25.089907396155695
79,136.18366646437497,57.183666464374966
78,153.22045848004757,75.22045848004757
77,170.59637827262188,93.59637827262188
76,128.2190084565554,52.2190084565554
75,174.854195558621,99.854195558621
74,157.1253560948597,83.12535609485971
73,128.54653048905,55.546530489050014
72,99.27693494797266,27.276934947972663
71,124.61888653777416,53.61888653777416
70,108.83870456611669,38.83870456611669
69,109.13573545273967,40.13573545273967
68,123.76029550675504,55.76029550675504
67,128.6723547789499,61.67235477894991
66,164.00713965797692,98.00713965797692
65,142.23389628865294,77.23389628865294
64,143.82382665368687,79.82382665368687
63,151.07907341811955,88.07907341811955
62,137.37275115173782,75.37275115173782
61,116.8911289055887,55.8911289055887
60,111.68948916186977,51.68948916186977
59,121.20836352495114,62.20836352495114
58,125.19876252533162,67.19876252533162
57,136.46526643137574,79.46526643137574
56,171.18818293515878,115.18818293515878
55,120.84435880798772,65.84435880798772
54,126.55755711358653,72.55755711358653
53,109.2986919772436,56.29869197724361
52,119.87767667644526,67.87767667644526
51,119.76888777612929,68.76888777612929
50,113.97310795094369,63.973107950943685
49,112.60757007355394,63.607570073553944
48,95.26803820815404,47.26803820815404
47,111.50017775921185,64.50017775921185
46,84.9617854251957,38.9617854251957
45,97.21947536725246,52.21947536725246
44,113.80339982042231,69.80339982042231
43,134.42045330163467,91.42045330163467
42,90.5912500168304,48.5912500168304
41,84.91779066823268,43.91779066823268
40,104.32118368035485,64.32118368035485
39,109.49807292544048,70.49807292544048
38,99.1572680845986,61.1572680845986
37,71.91906968391093,34.919069683910934
36,93.43726350128196,57.43726350128196
35,86.21497860673901,51.21497860673901
34,87.04784962393984,53.04784962393984
33,88.4698679891403,55.4698679891403
32,86.13962540474664,54.13962540474664
31,101.44710037903282,70.44710037903282
30,57.99531795606346,27.99531795606346
29,63.25639076609665,34.25639076609665
28,59.70281141341464,31.702811413414643
27,64.08914005716504,37.08914005716504
26,72.60931021365114,46.60931021365114
25,62.609521549511754,37.609521549511754
24,69.31414368127577,45.314143681275766
23,46.181251511611904,23.181251511611904
22,52.17845760846478,30.178457608464782
21,49.243573509978184,28.243573509978184
20,61.40521756299251,41.40521756299251
19,51.05875804424115,32.05875804424115
18,40.297608391915965,22.297608391915965
17,36.773618483795204,19.773618483795204
16,41.645736811348286,25.645736811348286
15,25.92573238394732,10.92573238394732
14,38.61412172470631,24.614121724706308
13,27.930666833347626,14.930666833347626
12,32.96751945721978,20.96751945721978
11,30.977738949500804,19.977738949500804
10,13.026856395092706,3.0268563950927057
9,17.93091847537569,8.930918475375691
8,20.2429537077044,12.242953707704402
7,12.378017306824582,5.378017306824582
6,9.483169185217948,3.483169185217948
5,8.351795945720944,3.3517959457209443
4,5.5363860435316345,1.5363860435316345
3,6.41494505786611,3.4149450578661096
2,7.254180389227213,5.254180389227213
1,3.183370782038735,2.183370782038735
0,4.9275679469653175,4.9275679469653175
257,139.03548072024293,-117.96451927975707
256,145.47585696806632,-110.52414303193368
255,129.15377915694475,-125.84622084305525
254,133.48570660287422,-120.51429339712578
253,112.24997341683941,-140.7500265831606
252,156.8442546441605,-95.15574535583951
251,128.08250087755394,-122.91749912244606
250,141.66571380563016,-108.33428619436984
249,142.67719521155658,-106.32280478844342
248,144.2559073080513,-103.74409269194871
247,147.24830896372507,-99.75169103627493
246,137.6081308710896,-108.3918691289104
245,133.7739649385615,-111.2260350614385
244,139.3502571093337,-104.64974289066629
243,139.03549000581467,-103.96450999418533
242,132.36445969764677,-109.63554030235323
241,156.26750303442944,-84.73249696557056
240,111.29226384921111,-128.7077361507889
239,112.40667637050765,-126.59332362949235
238,140.00114043985766,-97.99885956014234
237,124.45250513329972,-112.54749486670028
236,143.35616477192391,-92.64383522807609
235,150.70262537973272,-84.29737462026728
234,145.48178598643358,-88.51821401356642
233,148.8243330024893,-84.17566699751069
232,136.09734250939124,-95.90265749060876
231,141.917888156185,-89.082111843815
230,149.65214787744077,-80.34785212255923
229,136.71506221537837,-92.28493778462163
228,108.66726804536191,-119.33273195463809
227,137.85121647442685,-89.14878352557315
226,155.18192812122524,-70.81807187877476
225,125.98186046305297,-99.01813953694703
224,123.41420892815462,-100.58579107184538
223,149.55469467491568,-73.44530532508432
222,97.39597550309163,-124.60402449690837
221,126.73861539913466,-94.26138460086534
220,147.94239431745592,-72.05760568254408
219,148.14402679170675,-70.85597320829325
218,145.22412024812135,-72.77587975187865
217,143.42520373342683,-73.57479626657317
216,123.53228861882873,-92.46771138117127
215,147.7773008662132,-67.22269913378679
214,141.51497558201177,-72.48502441798823
213,135.43455439096505,-77.56544560903495
212,124.73571884729493,-87.26428115270507
211,138.57399125995175,-72.42600874004825
210,143.6123484948659,-66.3876515051341
209,142.46507895129977,-66.53492104870023
208,130.57459516345367,-77.42540483654633
207,138.31320604364672,-68.68679395635328
206,143.7266357415718,-62.27336425842819
205,118.30871835774315,-86.69128164225685
204,138.26207425494192,-65.73792574505808
203,151.3965795557729,-51.60342044422711
202,106.41825620295083,-95.58174379704917
201,110.65571277162732,-90.34428722837268
200,149.7466615500426,-50.2533384499574
199,136.99818552968364,-62.00181447031636
198,152.91774681128126,-45.08225318871874
197,139.0733741363384,-57.9266258636616
196,154.87871663552292,-41.12128336447708
195,152.30583364926264,-42.69416635073736
194,126.2557635132068,-67.7442364867932
193,111.60621385055434,-81.39378614944566
192,109.9946449380719,-82.0053550619281
191,133.32635434919217,-57.67364565080783
190,128.87616924203257,-61.123830757967426
189,150.28184895573986,-38.71815104426014
188,96.85772479376497,-91.14227520623503
187,141.58574959215974,-45.41425040784026
186,141.68052055837182,-44.319479441628175
185,129.76596376379888,-55.23403623620112
184,136.59191275466878,-47.40808724533122
183,124.56837516496225,-58.43162483503775
182,136.3333085894669,-45.666691410533105
181,152.03802930091905,-28.96197069908095
180,128.73701730364576,-51.26298269635424
179,103.75501547700661,-75.24498452299339
178,134.46694638387928,-43.533053616120725
177,141.21351133928843,-35.78648866071157
176,147.66826600296767,-28.33173399703233
175,138.81786753672876,-36.182132463271245
174,123.39880932424981,-50.60119067575019
173,124.66663457036603,-48.33336542963397
172,114.84985338786595,-57.15014661213405
171,129.7001387932844,-41.299861206715605
170,146.1653357685127,-23.834664231487295
169,133.31526963945063,-35.684730360549366
168,140.98509410209675,-27.014905897903247
167,59.79958638089631,-107.2004136191037
166,121.83989653245796,-44.160103467542044
165,112.94692146292928,-52.05307853707072
164,151.8881073703816,-12.11189262961841
163,145.72121643567132,-17.278783564328677
162,109.07142693317167,-52.928573066828335
161,107.39248734176039,-53.607512658239614
160,111.37333932108479,-48.626660678915215
159,129.73066982411302,-29.269330175886978
158,129.75570012958144,-28.24429987041856
157,110.39520358276916,-46.604796417230844
156,120.32052360159629,-35.67947639840371
155,118.34848014550808,-36.65151985449192
154,114.05921572541652,-39.94078427458348
153,103.13741660622664,-49.86258339377336
152,105.75908553595531,-46.24091446404469
151,131.36607892973043,-19.633921070269565
150,125.83461093649214,-24.16538906350786
149,110.72646646206395,-38.273533537936046
148,120.03837218925722,-27.961627810742783
147,137.40829074184327,-9.591709258156726
146,106.28753633220933,-39.71246366779067
145,122.28072737011013,-22.719272629889872
144,108.4888384350599,-35.511161564940096
143,128.87677705104494,-14.12322294895506
142,110.20501619009649,-31.794983809903513
141,133.32334935063213,-7.676650649367872
140,118.79337183218391,-21.206628167816092
139,142.9579463463608,3.9579463463608135
138,128.0886728622512,-9.911327137748799
137,128.260030421676,-8.739969578324008
136,94.03175928576933,-41.968240714230674
135,116.23636149953414,-18.76363850046586
134,88.10815913833343,-45.891840861666566
133,128.75279159803875,-4.247208401961245
132,110.07810659184301,-21.92189340815699
131,123.09084152329432,-7.909158476705684
130,128.3657303515971,-1.634269648402892
129,119.08075948789576,-9.919240512104238
128,126.16697441307402,-1.8330255869259844
127,120.03656707554559,-6.963432924454409
126,110.17867683637803,-15.821323163621969
125,111.98044199234728,-13.01955800765272
124,126.54419337037228,2.544193370372284
123,110.31684256081894,-12.683157439181059
122,127.33552795677828,5.335527956778279
121,98.7708121712309,-22.2291878287691
120,91.4639933970425,-28.5360066029575
119,85.84137951583163,-33.15862048416837
118,104.27463489043646,-13.72536510956354
117,116.08357586455504,-0.9164241354449558
116,94.63401626093692,-21.365983739063083
115,121.61483492572111,6.614834925721112
114,121.75232302985977,7.752323029859767
113,106.22476267320576,-6.77523732679424
112,114.51950420285766,2.519504202857661
111,93.06807521224422,-17.931924787755776
110,131.28925058236405,21.289250582364048
109,82.20650499689513,-26.793495003104866
108,139.08034525868004,31.08034525868004
107,113.76914179604363,6.769141796043627
106,105.75458162378547,-0.24541837621453055
105,95.97482539896468,-9.025174601035317
104,72.3539338477312,-31.6460661522688
103,90.01323176589491,-12.986768234105085
102,81.98570492644616,-20.01429507355384
101,75.25999690899914,-25.740003091000858
100,85.89855203553759,-14.101447964462409
99,63.98706607599487,-35.01293392400513
98,69.99594008384116,-28.004059916158837
97,106.26450298526731,9.264502985267313
96,99.05334434435531,3.0533443443553097
95,81.01009242515312,-13.989907574846882
94,92.74540236211165,-1.2545976378883523
93,92.59648206226024,-0.40351793773976397
92,73.23599726437992,-18.764002735620082
91,113.11013499004436,22.110134990044358
90,85.33452041775728,-4.665479582242725
89,73.77182353083975,-15.228176469160246
88,82.96676412735869,-5.033235872641313
87,68.98039944353027,-18.019600556469726
86,84.14235575947102,-1.857644240528984
85,91.60528226078559,6.605282260785586
84,69.44527352880176,-14.554726471198236
83,58.65601534086826,-24.343984659131742
82,82.37662476102332,0.3766247610233222
81,95.62552579414056,14.625525794140557
80,74.89620322579036,-5.103796774209641
79,84.9455032537122,5.945503253712204
78,75.41864619486127,-2.5813538051387326
77,65.32153021911981,-11.678469780880192
76,73.9361413250492,-2.0638586749507937
75,58.863168522499144,-16.136831477500856
74,92.76959799663692,18.769597996636918
73,64.84673519643071,-8.153264803569286
72,62.75634310430706,-9.243656895692943
71,63.817449204384744,-7.182550795615256
70,40.47409824157613,-29.52590175842387
69,43.67159936537492,-25.328400634625083
68,50.247401636126206,-17.752598363873794
67,46.65699692307179,-20.343003076928213
66,54.62463980109166,-11.37536019890834
65,54.367461129384935,-10.632538870615065
64,55.16784467474386,-8.832155325256139
63,54.336777364457,-8.663222635543
62,51.313308760357295,-10.686691239642705
61,49.18803789447568,-11.811962105524323
60,56.87150968980279,-3.1284903101972077
59,51.11313651330606,-7.88686348669394
58,46.49861897024543,-11.501381029754569
57,41.1321820441856,-15.867817955814402
56,38.77534406414018,-17.224655935859822
55,35.28978995229057,-19.71021004770943
54,46.96343931021676,-7.0365606897832365
53,46.3898991736248,-6.610100826375202
52,42.26550200327711,-9.734497996722887
51,39.34998716016527,-11.65001283983473
50,44.53326000027662,-5.46673999972338
49,54.16192247476649,5.161922474766492
48,37.11255399980811,-10.887446000191893
47,29.243682631300572,-17.756317368699428
46,37.91780975245086,-8.082190247549143
45,33.96245371654488,-11.037546283455121
44,29.644924781633915,-14.355075218366085
43,35.771821493332915,-7.228178506667085
42,41.39107297048495,-0.6089270295150513
41,36.630381311928524,-4.369618688071476
40,38.67825176562342,-1.321748234376578
39,28.23490843154954,-10.765091568450458
38,27.382062810796032,-10.617937189203968
37,37.0634692071946,0.06346920719460059
36,27.96716132580011,-8.03283867419989
35,19.497066134367856,-15.502933865632144
34,27.93238074369732,-6.067619256302681
33,31.15183772894631,-1.8481622710536882
32,28.941546031797593,-3.0584539682024072
31,27.099125692324527,-3.9008743076754726
30,19.969227207493223,-10.030772792506777
29,20.820566938745827,-8.179433061254173
28,28.35327036427623,0.3532703642762307
27,25.54549095894644,-1.4545090410535586
26,24.786581027726996,-1.2134189722730042
25,17.92222397296546,-7.077776027034538
24,17.281823230115254,-6.718176769884746
23,16.8995095698677,-6.1004904301323
22,13.19963002608332,-8.80036997391668
21,15.59700157075803,-5.40299842924197
20,18.212391822736933,-1.787608177263067
19,14.881424602659125,-4.118575397340875
18,11.381656123468893,-6.618343876531107
17,17.593194405396797,0.5931944053967975
16,14.868361484705526,-1.1316385152944743
15,13.431775493125727,-1.568224506874273
14,13.131262344406544,-0.8687376555934563
13,12.745141701057797,-0.254858298942203
12,8.991122754120665,-3.0088772458793347
11,5.866143137366586,-5.133856862633414
10,12.065340095705071,2.0653400957050714
9,8.408576710566773,-0.5914232894332265
8,6.773552821791211,-1.2264471782087893
7,5.793927339559302,-1.2060726604406984
6,4.62957946956724,-1.3704205304327601
5,3.656526697079113,-1.343473302920887
4,4.142444858295258,0.14244485829525821
3,4.975008150354974,1.9750081503549737
2,3.933674666856226,1.9336746668562261
1,4.495960454122758,3.4959604541227582
0,2.6924604685390303,2.6924604685390303
